ECODISTRIC,PROVINCE,YEAR,ANCOARSE,ANMED,ANFINE,PERCOARSE,PERMED,PERFINE,PERCAC,PERCAM,PERCAF,PERCPC,PERCPM,PERCPF
244,AB,1990,0,0,922,0,0,588,0,0,100,0,0,100
244,BC,1990,0,104.999,24,0,307,72,0,81,19,0,81,19
252,BC,1990,0,79,0,0,204,0,0,100,0,0,100,0
371,MB,1990,0,0,83,0,0,82,0,0,100,0,0,100
374,ON,1990,15,0,0,208,0,0,100,0,0,100,0,0
375,MB,1990,1744.496,15039.68,39115.244,2063.622,10661.793,19971.235,3,27,70,6,33,61
376,MB,1990,0,15,0,0,41,0,0,100,0,0,100,0
378,ON,1990,56,1058,0,456,6382,0,5,95,0,7,93,0
379,MB,1990,810.852,523.549,0,2122.085,1567.914,0,61,39,0,58,42,0
380,MB,1990,2184.887,148.986,2546.427,3766.406,1708.626,2402.968,45,3,52,48,22,31
381,ON,1990,0,5218,0,0,41692,0,0,100,0,0,100,0
383,ON,1990,203.143,2386.855,0,1867.286,12494.716,0,8,92,0,13,87,0
386,ON,1990,76,0,0,626,0,0,100,0,0,100,0,0
391,ON,1990,17,0,0,194,0,0,100,0,0,100,0,0
400,ON,1990,0,0,438,0,0,4160,0,0,100,0,0,100
401,ON,1990,120.786,545.326,1025.888,1135.914,4420.78,15222.308,7,32,61,5,21,73
401,QC,1990,626,24,7859.23,7505,261,84387.13,7,0,92,8,0,92
402,ON,1990,0,130,0,0,995,0,0,100,0,0,100,0
407,ON,1990,207.846,0,100.156,1639.215,0,923.785,67,0,33,64,0,36
408,ON,1990,0,14136,0,0,42292,0,0,100,0,0,100,0
408,QC,1990,843.567,433.561,5535.412,4678.556,3004,29739.944,12,6,81,13,8,79
409,ON,1990,81,854,0,694,5325.999,0,9,91,0,12,88,0
410,ON,1990,65.2,208.8,0,390.1,1422.9,0,24,76,0,22,78,0
411,ON,1990,4589.809,2484.191,0,32488.831,9479.166,0,65,35,0,77,23,0
412,ON,1990,0,223,892,0,1977.2,7908.8,0,20,80,0,20,80
413,ON,1990,5328.245,1011.327,258.717,60324.982,9014.092,1829.546,81,15,4,85,13,3
415,QC,1990,256.22,0,0,1631,0,0,100,0,0,100,0,0
418,QC,1990,7081.079,826.7,470.999,21121,2633,2661,85,10,6,80,10,10
419,QC,1990,140,0,0,573,0,0,100,0,0,100,0,0
421,QC,1990,742.66,0,0,3579,0,0,100,0,0,100,0,0
422,QC,1990,51,0,0,344,0,0,100,0,0,100,0,0
423,QC,1990,765.66,622,0,5949,4143,0,55,45,0,59,41,0
424,QC,1990,1213.002,688.001,927,4810.999,4759.1,1143.9,43,24,33,45,44,11
425,QC,1990,6907.181,2282,5720.979,40723.601,24486.43,26809.771,46,15,38,44,27,29
426,QC,1990,2360,329,0,7869,744,0,88,12,0,91,9,0
431,QC,1990,4,0,0,50,0,0,100,0,0,100,0,0
438,QC,1990,291.42,0,0,883,0,0,100,0,0,100,0,0
439,QC,1990,137,0,0,415,0,0,100,0,0,100,0,0
440,QC,1990,197,0,0,674,0,0,100,0,0,100,0,0
441,QC,1990,12630.05,18651.944,2450.277,37093.72,58934.195,7034.675,37,55,7,36,57,7
455,NF,1990,0,0,0,352,0,0,,,,100,0,0
458,NF,1990,33,133.369,0,129,1076.999,0,20,80,0,11,89,0
460,NF,1990,0,14,0,0,78.001,0,0,100,0,0,100,0
461,NF,1990,0,195.669,0,0,962.998,0,0,100,0,0,100,0
462,NF,1990,0,15,0,0,121.999,0,0,100,0,0,100,0
463,NF,1990,0,113.002,0,0,968,0,0,100,0,0,100,0
466,NF,1990,20,214.549,0,75,1212.001,0,9,91,0,6,94,0
468,NF,1990,0,49.8,0,0,191,0,0,100,0,0,100,0
471,NF,1990,97,155.041,0,159,591.999,0,38,62,0,21,79,0
475,NF,1990,0,207.68,0,0,2721.999,0,0,100,0,0,100,0
477,NF,1990,0,0,0,191,0,0,,,,100,0,0
478,QC,1990,671,1106.798,0,3935,4139.4,0,38,62,0,49,51,0
479,QC,1990,3830.573,21618.865,3614.12,15239.825,91205.877,12199.3,13,74,12,13,77,10
481,QC,1990,0,2952,0,0,13127,0,0,100,0,0,100,0
482,QC,1990,7725.46,8382.842,0,88571,78823.799,0,48,52,0,53,47,0
483,QC,1990,6690.974,12745.027,340,50884.903,86449.501,1945.599,34,64,2,37,62,1
484,NB,1990,0,112,0,0,503,0,0,100,0,0,100,0
484,QC,1990,307,2857.97,0,1645,8806,0,10,90,0,16,84,0
485,NB,1990,419.037,417.962,0,1289.401,1193.599,0,50,50,0,52,48,0
486,NB,1990,609.1,5656.9,0,657.49,5181.51,0,10,90,0,11,89,0
487,NB,1990,270.807,547.196,0,1171.871,2830.132,0,33,67,0,29,71,0
487,QC,1990,20.662,1111.337,0,81.153,4535.849,0,2,98,0,2,98,0
488,NB,1990,12.667,152.333,0,80.667,925.333,0,8,92,0,8,92,0
489,NB,1990,139,519,0,400,1444,0,21,79,0,22,78,0
490,NB,1990,216,615,0,960.905,862.095,0,26,74,0,53,47,0
493,NB,1990,1504.212,14513.463,999.323,1829.269,14788.895,676.839,9,85,6,11,86,4
494,NB,1990,0,11396.001,0,0,12692,0,0,100,0,0,100,0
495,NB,1990,123,344,0,998.99,2251.01,0,26,74,0,31,69,0
496,NB,1990,1986.082,281.374,134.543,18609.506,3264.722,1554.771,83,12,6,79,14,7
497,NB,1990,73.75,641.25,0,1020.5,2778.499,0,10,90,0,27,73,0
498,NB,1990,209,0,0,1930,0,0,100,0,0,100,0,0
499,NB,1990,378.08,261.22,11.7,1586,2981.649,90.35,58,40,2,34,64,2
500,NB,1990,4821.926,135.572,186.5,11933.465,260.895,943.2,94,3,4,91,2,7
501,NB,1990,641.5,1640.5,0,1547.729,3539.27,0,28,72,0,30,70,0
502,NB,1990,249.81,553.186,0,1426.309,2998.69,0,31,69,0,32,68,0
503,NB,1990,1617.947,1622.05,18,8934.715,14304.284,135,50,50,1,38,61,1
504,NB,1990,1309,422,0,7426.002,444,0,76,24,0,94,6,0
504,NS,1990,4259.485,1461.021,0,21988.258,8530.748,0,74,26,0,72,28,0
505,NB,1990,173,761,0,1104,5191.002,0,19,81,0,18,82,0
506,NB,1990,14,404,0,788.96,1776.04,0,3,97,0,31,69,0
507,NB,1990,214,1147,0,1829,7174.5,0,16,84,0,20,80,0
507,NS,1990,3011.717,1475.339,0,9276.493,4869.259,0,67,33,0,66,34,0
508,NB,1990,375,0,0,970,0,0,100,0,0,100,0,0
509,NS,1990,264,1319,0,550.001,3918.001,0,17,83,0,12,88,0
510,NS,1990,40.733,33.916,0,261.333,212.666,0,55,45,0,55,45,0
511,NS,1990,0,27.998,0,0,196,0,0,100,0,0,100,0
512,NS,1990,0,699.516,0,0,5172.004,0,0,100,0,0,100,0
513,NS,1990,111.471,309.111,0,487.849,1258.151,0,27,73,0,28,72,0
514,NS,1990,3.69,0,0,32,0,0,100,0,0,100,0,0
516,NS,1990,236.613,514.299,0,2304.69,2786.311,0,32,68,0,45,55,0
517,NS,1990,387.461,2900.365,0,3182.308,23903.693,0,12,88,0,12,88,0
518,NS,1990,9411.435,4582.27,0,14904.816,10912.741,0,67,33,0,58,42,0
519,NS,1990,0,209,0,0,811,0,0,100,0,0,100,0
520,NS,1990,12.5,373.501,0,79,2161,0,3,97,0,4,96,0
521,NS,1990,0,82,0,0,721,0,0,100,0,0,100,0
522,NS,1990,79.06,200.864,0,895.594,3517.406,0,28,72,0,20,80,0
523,NS,1990,191.367,508.165,0,785.233,4104.765,0,27,73,0,16,84,0
524,NS,1990,7,15,0,99,115,0,32,68,0,46,54,0
525,NS,1990,261.185,792.468,0,2083.032,8105.971,0,25,75,0,20,80,0
527,NS,1990,53.666,575.332,0,254.773,2440.228,0,9,91,0,9,91,0
528,NS,1990,1490.623,1284.156,0,1678.283,1639.713,0,54,46,0,51,49,0
529,NS,1990,0,142.001,0,0,1023.001,0,0,100,0,0,100,0
530,NS,1990,19.333,1104.663,0,114.667,1760.333,0,2,98,0,6,94,0
531,NS,1990,389.148,856.129,0,960.358,5090.641,0,31,69,0,16,84,0
534,PE,1990,13772.267,4336.732,0,16347.458,4260.542,0,76,24,0,79,21,0
535,PE,1990,20289,0,0,13559,0,0,100,0,0,100,0,0
536,PE,1990,37791.082,2140.917,0,42098.295,2674.708,0,95,5,0,94,6,0
537,PE,1990,20241.445,493.556,0,24869.001,620,0,98,2,0,98,2,0
538,PE,1990,5325,0,0,4592,0,0,100,0,0,100,0,0
539,QC,1990,65,418.21,63.98,315.405,936.597,249,12,76,12,21,62,17
540,QC,1990,118087.981,67145.288,49116.946,271415.422,107048.001,96985.388,50,29,21,57,23,20
541,ON,1990,0,11021.851,1987.15,1517.961,6915.788,1647.25,0,85,15,15,69,16
541,QC,1990,112980.777,33097.79,223318.853,88692.549,24852.568,144461.883,31,9,60,34,10,56
542,ON,1990,0,551.268,9809.054,3567.561,2551.161,43945.279,0,5,95,7,5,88
543,ON,1990,3627,22032.577,8260.855,11053.575,37999.023,18644.605,11,65,24,16,56,28
543,QC,1990,0,214,725,0,873,3239.4,0,23,77,0,21,79
544,ON,1990,805.773,39077.439,9784.187,6950.841,48352.012,11869.948,2,79,20,10,72,18
545,ON,1990,2003.02,9458.976,7755.302,9266.016,13798.572,16930.413,10,49,40,23,35,42
546,ON,1990,0,21746.48,4610.478,0,47505.424,11072.575,0,83,17,0,81,19
546,QC,1990,0,253,0,0,432,0,0,100,0,0,100,0
547,ON,1990,3315.072,15811.59,11661.918,20480.566,35174.45,38643.275,11,51,38,22,37,41
548,QC,1990,198.96,0,0,530,0,0,100,0,0,100,0,0
549,ON,1990,0,365.363,3558.758,0,1667.478,18660.521,0,9,91,0,8,92
550,ON,1990,659.422,3358.625,1120.035,7797.054,38997.768,10094.672,13,65,22,14,69,18
551,ON,1990,20009.481,50135.465,32062.459,62700.529,67288.96,84133.511,20,49,31,29,31,39
552,ON,1990,22211.727,4243.954,0,79314.944,28097.242,35.714,84,16,0,74,26,0
553,ON,1990,54025.338,85434.737,15132.631,75860.374,99039.917,21970.634,35,55,10,39,50,11
554,ON,1990,14140.328,2931.853,0,45571.923,6473.077,0,83,17,0,88,12,0
555,ON,1990,7781.86,5521.485,14690.287,18499.455,24675.749,35714.72,28,20,52,23,31,45
556,ON,1990,15941.779,74797.151,1440.55,50706.477,124378.211,2716.313,17,81,2,29,70,2
557,ON,1990,9458.776,258410.067,0,5163.527,113104.476,0,4,96,0,4,96,0
558,ON,1990,13359.073,184443.302,907.826,19058.899,128970.31,272.794,7,93,0,13,87,0
559,ON,1990,0,310.4,0,0,0,0,0,100,0,,,
560,ON,1990,24498.346,56312.715,0,17581.875,34309.123,0,30,70,0,34,66,0
561,ON,1990,926.212,19196.072,2191.112,511.25,14562.028,1705.222,4,86,10,3,87,10
562,ON,1990,0,25160.333,12794.666,0,22585.112,11806.888,0,66,34,0,66,34
563,ON,1990,0,239,0,0,443,0,0,100,0,0,100,0
564,ON,1990,8847.286,60979.031,18494.203,18394.34,36685.99,17695.959,10,69,21,25,50,24
565,ON,1990,87832.909,200535.046,81107.05,19228.638,55964.723,20577.639,24,54,22,20,58,21
566,ON,1990,280.75,11900.8,7868.25,126.75,5162.399,4475.05,1,59,39,1,53,46
567,ON,1990,6621.111,151661.717,18885.17,2896.945,56912.441,7317.613,4,86,11,4,85,11
568,ON,1990,69510.104,8123.097,259.8,24377.617,2806.085,109.3,89,10,0,89,10,0
569,ON,1990,3136.55,20645.893,65115.556,1669.522,16252.464,66256.013,4,23,73,2,19,79
570,ON,1990,10760.12,222185.746,53448.536,1477.059,32422.082,8234.859,4,78,19,4,77,20
571,ON,1990,8860.888,1831.333,2441.778,2824.334,509,678.667,67,14,19,70,13,17
572,ON,1990,3508.356,16686.255,3513.25,486.212,2144.188,764.6,15,70,15,14,63,23
581,BC,1990,118.8,3779.08,0,147.2,4900,0,3,97,0,3,97,0
583,AB,1990,0,60.052,84.947,0,76.052,106.947,0,41,59,0,42,58
583,BC,1990,0,4856.989,1308.351,0,6315.111,1559.889,0,79,21,0,80,20
584,AB,1990,0,0,1180,0,0,1497,0,0,100,0,0,100
585,BC,1990,973.778,31965.176,0.625,1884.222,53662.906,1.875,3,97,0,3,97,0
586,AB,1990,8781.306,71580.347,31489.246,3819.529,17264.927,11342.543,8,64,28,12,53,35
587,AB,1990,23353.831,1437.9,0,5575.291,421.65,0,94,6,0,93,7,0
588,AB,1990,4996.61,12051.288,100874.292,2545.401,4752.563,33989.336,4,10,86,6,12,82
589,AB,1990,621.652,2020.368,0,359.059,1166.941,0,24,76,0,24,76,0
590,AB,1990,0,23237.217,46123.162,0,12200.766,38464.233,0,34,66,0,24,76
591,AB,1990,307.1,2553.835,126380.334,251.5,1209.5,79418.501,0,2,98,0,1,98
591,BC,1990,18649.321,90723.439,20954.438,30136.205,125124.322,22758.683,14,70,16,17,70,13
592,AB,1990,752.418,15979.041,101506.003,1233.177,24545.515,74327.308,1,14,86,1,25,74
593,AB,1990,0,6594.411,88186.588,0,3215.5,38141.501,0,7,93,0,8,92
594,AB,1990,0,0,60449.999,0,0,33845.999,0,0,100,0,0,100
595,AB,1990,0,3593.882,83083.118,0,1189.647,24191.353,0,4,96,0,5,95
596,AB,1990,7432.266,41215.301,48815.121,4409.308,20752.269,23752.223,8,42,50,9,42,49
597,AB,1990,1446.8,19558.6,26714,1486.4,16586.199,22892.999,3,41,56,4,40,56
598,AB,1990,0,1652,92560.999,0,974.4,50060.601,0,2,98,0,2,98
599,AB,1990,0,6080,68833.002,0,4535,33951,0,8,92,0,12,88
600,AB,1990,2090.307,239.353,2236,2588.898,402.236,2588.667,46,5,49,46,7,46
609,AB,1990,0,0,258,0,0,467,0,0,100,0,0,100
610,AB,1990,1043.214,10314.299,25876.117,596.369,15971.764,45258.868,3,28,69,1,26,73
610,BC,1990,0,0,0,0,0.999,0,,,,0,100,0
611,AB,1990,148,849.45,2992.55,194.5,1161,4186.5,4,21,75,4,21,76
612,AB,1990,0,6263.334,1459.325,0,9854.808,2813.192,0,81,19,0,78,22
615,AB,1990,3058.302,11357.849,0,6403.103,20653.049,0,21,79,0,24,76,0
616,AB,1990,9409.333,2918.429,0,12517.214,5423.786,0,76,24,0,70,30,0
617,AB,1990,1207.428,3533.571,1126,2690.286,6982.714,2099,21,60,19,23,59,18
618,AB,1990,820.713,9161.694,607.81,1582.081,6082.844,1127,8,87,6,18,69,13
618,BC,1990,427.845,4428.266,1046.148,1197.441,15220.338,4458.221,7,75,18,6,73,21
619,AB,1990,0,442,0,0,825,0,0,100,0,0,100,0
622,AB,1990,1849.022,6194.936,0,6548.845,22693.155,0,23,77,0,22,78,0
623,AB,1990,2250.35,11513.214,2778.173,10879.036,52905.306,13578.657,14,70,17,14,68,18
625,AB,1990,10.666,21.333,0,84.666,169.333,0,33,67,0,33,67,0
626,AB,1990,0,870.002,0,0,4299.999,0,0,100,0,0,100,0
629,AB,1990,196.9,1885.714,345.576,794.6,10517.756,2692.444,8,78,14,6,75,19
630,AB,1990,64.25,2132.421,38.667,241.625,21662.486,172.889,3,95,2,1,98,1
631,AB,1990,0,1057.5,105.5,0,5631.1,570.9,0,91,9,0,91,9
647,SK,1990,2028.803,418.197,0,1305.032,268.968,0,83,17,0,83,17,0
650,AB,1990,131.773,2133.216,330.76,903.5,10033.607,1157.895,5,82,13,7,83,10
652,SK,1990,62.182,480.819,0,62.061,479.94,0,11,89,0,11,89,0
657,SK,1990,440.337,4980.16,0,431.515,5106.486,0,8,92,0,8,92,0
658,SK,1990,1788.134,908.816,0,354.668,180.332,0,66,34,0,66,34,0
660,SK,1990,1265.923,17029.825,0,757.094,10224.904,0,7,93,0,7,93,0
661,SK,1990,60.209,4604.789,0,54.475,4488.526,0,1,99,0,1,99,0
662,SK,1990,77,308,0,15.2,60.8,0,20,80,0,20,80,0
667,MB,1990,0,214,0,0,335,0,0,100,0,0,100,0
669,MB,1990,0,17308.85,0,0,12557,0,0,100,0,0,100,0
669,SK,1990,0,0,835,0,0,421,0,0,100,0,0,100
672,SK,1990,8096.962,6117.384,443.204,3144.043,1901.676,133.281,55,42,3,61,37,3
677,MB,1990,0,0,4322,0,0,4864,0,0,100,0,0,100
678,AB,1990,4616.545,98421.433,5427.745,7635.259,151668.843,6171.706,4,91,5,5,92,4
679,AB,1990,0,11037.77,0,0,32960.001,0,0,100,0,0,100,0
680,AB,1990,4191.762,80140.663,0,7246.561,98657,0,5,95,0,7,93,0
680,SK,1990,2143.586,31469.364,0,3849.187,29159.811,0,6,94,0,12,88,0
681,AB,1990,3008.553,74260.987,18925.41,2313.53,58075.42,14909.44,3,77,20,3,77,20
682,SK,1990,7158.276,9925.741,5057.836,4958.907,8330.993,401.102,32,45,23,36,61,3
683,AB,1990,44996.77,21516,0,36661,7603,0,68,32,0,83,17,0
684,AB,1990,328.461,57855.213,22307.647,1176.063,174266.284,63151.154,0,72,28,0,73,26
685,SK,1990,1361.65,34772.9,18858.999,784.053,26057.329,6317.623,2,63,34,2,79,19
686,AB,1990,0,11165.391,0,0,21129.999,0,0,100,0,0,100,0
686,SK,1990,112.951,4024.049,0,93.396,3328.605,0,3,97,0,3,97,0
687,AB,1990,3089.777,10308.123,0,4478.911,13743.385,0,23,77,0,25,75,0
687,SK,1990,12988.723,122455.274,0,6463.678,51284.326,0,10,90,0,11,89,0
688,AB,1990,0,69579.897,0,0,51993.799,0,0,100,0,0,100,0
689,SK,1990,3663.821,50238.682,0,3318.467,17126.539,0,7,93,0,16,84,0
690,SK,1990,4142.555,50915.843,0,2974.734,27551.264,0,8,92,0,10,90,0
691,SK,1990,17991.52,1711.78,0,6167.729,104.272,0,91,9,0,98,2,0
692,AB,1990,50.766,24832.878,8520.347,171.154,83840.571,40892.38,0,74,26,0,67,33
693,SK,1990,15758.346,120767.656,0,7472.48,19212.519,0,12,88,0,28,72,0
694,SK,1990,41932.598,39758.561,20146.834,11106.175,11955.331,5099.495,41,39,20,39,42,18
695,SK,1990,38378.382,19291.618,0,12279.716,10435.283,0,67,33,0,54,46,0
696,SK,1990,74848.134,102834.82,0,26428.39,25109.611,0,42,58,0,51,49,0
697,SK,1990,0,8194.02,44100.976,0,2491.569,13450.429,0,16,84,0,16,84
698,SK,1990,32304.297,22578.195,0,7407.891,7353.106,0,59,41,0,50,50,0
699,SK,1990,0,41985.001,0,0,18342.001,0,0,100,0,0,100,0
700,SK,1990,0,10601.487,32306.564,0,6764.268,9604.73,0,25,75,0,41,59
701,SK,1990,63542.687,14908.717,0,25231.079,2675.921,0,81,19,0,90,10,0
702,SK,1990,9715.53,197137.044,18678.425,2048.035,23839.496,265.468,4,87,8,8,91,1
703,AB,1990,0,51423.12,737.059,0,125957.851,2121,0,99,1,0,98,2
704,SK,1990,1133.368,66206.25,23756.68,664.388,19688.463,6175.151,1,73,26,3,74,23
705,SK,1990,0,63076.858,214515.146,0,26094.554,18061.45,0,23,77,0,59,41
706,SK,1990,3821.575,116774.424,0,343.538,18876.463,0,3,97,0,2,98,0
707,SK,1990,18463.011,180956.749,1797.342,14063.786,40914.226,687.985,9,90,1,25,73,1
708,AB,1990,1738.8,61186.592,0,4653,128597.85,0,3,97,0,3,97,0
709,MB,1990,4612.298,155482.126,14639.424,3724.414,67408.905,3414.679,3,89,8,5,90,5
709,SK,1990,31649.545,196747.622,12721.838,9553.341,43201.757,2265.9,13,82,5,17,79,4
710,SK,1990,1636.687,19794.613,0,1036.7,16337.298,0,8,92,0,6,94,0
711,SK,1990,306.975,25776.975,0,985.454,16085.545,0,1,99,0,6,94,0
714,MB,1990,0,1755,0,0,1545,0,0,100,0,0,100,0
714,SK,1990,0,63235.48,5194.967,0,29898.614,2991.382,0,92,8,0,91,9
715,MB,1990,897.33,17422.601,12216.17,1179.776,10232.795,8993.428,3,57,40,6,50,44
715,SK,1990,0,10536.709,3001.287,0,3494.928,804.072,0,78,22,0,81,19
716,MB,1990,4706.65,39729.55,19666.55,3291.999,24405.5,14145.5,7,62,31,8,58,34
717,MB,1990,47787.386,45963.652,13873.463,23094.058,25017.193,3094.749,44,43,13,45,49,6
718,MB,1990,0,3655.7,0,0,8474,0,0,100,0,0,100,0
720,MB,1990,0,0,2094.6,0,0,5602,0,0,100,0,0,100
723,MB,1990,98,33700.253,3426.7,276,98813.997,4057,0,91,9,0,96,4
724,MB,1990,3188.935,27234.49,130947.225,7051.316,23062.949,79425.739,2,17,81,6,21,73
726,MB,1990,52573.277,0,1580.672,68103.982,0,952.019,97,0,3,99,0,1
727,AB,1990,24638.286,169764.099,132114.942,22735.235,119381.616,66703.879,8,52,40,11,57,32
728,AB,1990,4188.889,194934.961,3576,1952.222,48067.827,678.45,2,96,2,4,95,1
729,AB,1990,40099.049,119618.869,0,18659.179,34863.153,0,25,75,0,35,65,0
729,SK,1990,28118.927,454552.065,0,5931.894,91277.109,0,6,94,0,6,94,0
730,AB,1990,50529.358,447683.708,13073.334,24517.93,170345.567,4910.556,10,88,3,12,85,2
731,AB,1990,23699.994,452043.304,0,14156.006,161194.013,0,5,95,0,8,92,0
732,AB,1990,0,12767.4,0,0,23544,0,0,100,0,0,100,0
733,SK,1990,33704.064,175763.916,10575.016,2979.472,47436.539,821.984,15,80,5,6,93,2
734,SK,1990,44910.325,14734.677,0,13013.849,1811.149,0,75,25,0,88,12,0
735,SK,1990,5740.73,179948.269,0,4692.647,24654.352,0,3,97,0,16,84,0
736,SK,1990,42371.647,238966.639,8220.713,8276.359,36432.306,738.337,15,83,3,18,80,2
737,AB,1990,20351.1,107176.299,14984.5,15969.4,85582,9835.9,14,75,11,14,77,9
738,AB,1990,9818.86,135643.86,0,4907.9,23642.06,0,7,93,0,17,83,0
739,AB,1990,112043.862,9330.3,0,86066.108,9095.4,0,92,8,0,90,10,0
739,SK,1990,53820.659,4988.342,0,16734.329,1527.674,0,92,8,0,92,8,0
740,AB,1990,14245,148028.7,0,13925,83869.299,0,9,91,0,14,86,0
741,SK,1990,4558.31,164251.08,1467.607,201.227,10231.866,45.905,3,96,1,2,98,0
742,SK,1990,33623.647,11867.353,0,10181.086,380.915,0,74,26,0,96,4,0
743,AB,1990,2375.1,89108.372,0,487.8,34773.283,0,3,97,0,1,99,0
743,SK,1990,5053.164,8446.281,3139.556,775.44,2169.533,729.778,30,51,19,21,59,20
744,AB,1990,0,189287.03,15373.12,0,81094.18,2721.12,0,92,8,0,97,3
745,SK,1990,31493.244,792429.249,3601.507,5202.338,67968.644,303.016,4,96,0,7,93,0
746,AB,1990,0,162842.35,0,0,81345.65,0,0,100,0,0,100,0
747,SK,1990,32881.801,45810.2,0,14352.118,6213.881,0,42,58,0,70,30,0
748,SK,1990,7086.989,731547.042,882.969,1633.319,89337.021,100.663,1,99,0,2,98,0
749,SK,1990,19445.887,403429.121,0,2103.87,60111.129,0,5,95,0,3,97,0
750,AB,1990,0,65930.56,14390.04,0,109864.36,28903.04,0,82,18,0,79,21
751,MB,1990,13550.703,41926.648,0,11083.232,16398.854,77.292,24,76,0,40,60,0
751,SK,1990,16823.239,16348.61,0,6633.175,5646.825,0,51,49,0,54,46,0
752,MB,1990,0,124297.471,1707.528,0,37507.327,529.672,0,99,1,0,99,1
752,SK,1990,17421.095,500093.904,0,3521.273,71463.728,0,3,97,0,5,95,0
753,MB,1990,3696.598,485254.24,6956.16,1965.559,119698.6,2313.84,1,98,1,2,97,2
754,SK,1990,4156.395,183051.183,64934.424,1941.579,15085.522,5122.898,2,73,26,9,68,23
755,SK,1990,2798.355,214442.644,0,192.189,22492.811,0,1,99,0,1,99,0
756,SK,1990,7144.097,402410.905,0,563.254,53835.742,0,2,98,0,1,99,0
757,MB,1990,66276.905,26598.094,1572.65,39875.532,7499.467,0,70,28,2,84,16,0
758,MB,1990,46486.912,127277.777,10206.706,22031.586,34453.911,7977.786,25,69,6,34,53,12
759,MB,1990,4873.494,34557.506,0,7130.561,13720.438,0,12,88,0,34,66,0
760,MB,1990,0,94379.001,0,3008.514,14793.486,0,0,100,0,17,83,0
760,SK,1990,6604.883,422853.116,0,6219.803,66443.195,0,2,98,0,9,91,0
761,SK,1990,0,21332.998,2604,0,5648.001,885,0,89,11,0,86,14
762,SK,1990,35325.309,93270.695,0,6322.567,16337.432,0,27,73,0,28,72,0
763,MB,1990,99627.542,62115.497,6268.96,60061.827,25693.216,6083.957,59,37,4,65,28,7
763,SK,1990,48653.037,16726.964,0,6340.227,3741.773,0,74,26,0,63,37,0
764,MB,1990,410.937,78219.065,0,1128.729,21365.272,0,1,99,0,5,95,0
765,MB,1990,3552.528,369002.477,0,7314.081,64316.187,1059.9,1,99,0,10,88,1
766,MB,1990,1090.194,194111.808,0,698.611,40310.389,0,1,99,0,2,98,0
767,SK,1990,4097.423,459596.183,48739.393,343.527,28404.085,3556.389,1,90,10,1,88,11
768,SK,1990,0,46121.999,0,0,6354.999,0,0,100,0,0,100,0
769,AB,1990,0,126525.8,0,0,39387,0,0,100,0,0,100,0
770,SK,1990,73643.712,241101.006,9046.281,19768.261,29607.881,1291.863,23,74,3,39,58,3
771,AB,1990,17990.711,94022.407,266.2,4692.789,32677.194,72.2,16,84,0,13,87,0
771,SK,1990,0,54424.619,1788.38,596.584,6601.683,317.734,0,97,3,8,88,4
772,SK,1990,16829.248,30120.751,0,8028.834,1892.164,0,36,64,0,81,19,0
773,SK,1990,13404.933,284375.614,33112.457,1504.653,18527.126,3260.217,4,86,10,6,80,14
774,SK,1990,0,70684.003,0,0,3603.997,0,0,100,0,0,100,0
775,SK,1990,3488.488,77135.513,0,113.244,6038.756,0,4,96,0,2,98,0
776,SK,1990,47183.648,10109.35,0,17916.072,1915.927,0,82,18,0,90,10,0
777,AB,1990,16287.7,3859.5,0,6686.2,1404.45,0,81,19,0,83,17,0
778,SK,1990,23044.622,9708.378,0,2017.187,849.813,0,70,30,0,70,30,0
779,AB,1990,0,39492.9,0,0,7955.1,0,0,100,0,0,100,0
780,SK,1990,9443.436,56105.392,282537.168,622.77,1526.034,7866.2,3,16,81,6,15,79
781,AB,1990,14404.88,61665.074,158033.888,2917.04,8336.232,9799.449,6,26,68,14,40,47
782,SK,1990,20416.811,596527.187,0,3814.764,38876.239,0,3,97,0,9,91,0
783,SK,1990,0,306990.005,0,0,16975.002,0,0,100,0,0,100,0
784,SK,1990,13779.009,82499.873,2293.121,2691.295,9189.323,187.385,14,84,2,22,76,2
785,SK,1990,0,88294.669,6669.33,0,5813.482,152.519,0,93,7,0,97,3
786,AB,1990,0,111080.85,24.8,0,20219.7,10.5,0,100,0,0,100,0
787,AB,1990,0,52031.5,0,0,6511.2,0,0,100,0,0,100,0
788,AB,1990,0,54234.8,17587.2,0,9819.4,1224.6,0,76,24,0,89,11
789,SK,1990,18641.108,143235.321,2786.572,7723.34,8168.66,0,11,87,2,49,51,0
790,AB,1990,15733.2,46275.4,0,3374,5281.201,0,25,75,0,39,61,0
791,AB,1990,0,209064,0,0,15354,0,0,100,0,0,100,0
792,SK,1990,41955.121,64885.39,654649.486,10130.621,14714.251,9203.13,6,9,86,30,43,27
793,AB,1990,52687.758,377781.313,24982.812,10284.643,89762.079,4761.2,12,83,5,10,86,5
794,SK,1990,0,520758.001,0,0,26816.002,0,0,100,0,0,100,0
795,SK,1990,25.08,280549.922,0,1097.4,19348.598,0,0,100,0,5,95,0
796,SK,1990,17852.013,62666.985,0,4434.41,4896.569,0,22,78,0,48,52,0
797,AB,1990,2178.4,18582.5,70.5,544.6,5337.955,31,10,89,0,9,90,1
798,AB,1990,39199.4,368481.95,34089.25,15236.7,118778.94,12509.96,9,83,8,10,81,9
799,AB,1990,0,60687,0,0,68763,0,0,100,0,0,100,0
800,AB,1990,0,80600.2,78240,0,55104.57,40477.14,0,51,49,0,58,42
801,AB,1990,0,41334.75,3176.25,0,42299.9,3920.1,0,93,7,0,92,8
802,AB,1990,0,68742.45,0,737.64,42481.2,0,0,100,0,2,98,0
803,SK,1990,7518.698,112437.719,58285.589,1120.565,6127.071,2567.362,4,63,33,11,62,26
804,AB,1990,17543.07,46339.48,0,5857.04,10306.06,0,27,73,0,36,64,0
805,AB,1990,5126.079,7726.517,4379.404,684.079,810.519,459.402,30,45,25,35,41,24
805,SK,1990,5280.009,47226.136,26551.86,479.624,3054.618,1510.759,7,60,34,10,61,30
806,AB,1990,2579.6,87183.22,641.55,1194.1,45383.17,262.85,3,96,1,3,97,1
807,SK,1990,0,71324.168,9409.833,0,2899.95,312.051,0,88,12,0,90,10
808,SK,1990,3555.422,117263.485,452845.094,143.888,5417.746,17002.363,1,20,79,1,24,75
809,AB,1990,5973.555,120496.145,0,1000.8,17562.25,0,5,95,0,5,95,0
809,SK,1990,4433.071,112638.645,28285.282,406.106,6839.675,539.221,3,77,19,5,88,7
810,SK,1990,0,106571,0,0,6945.999,0,0,100,0,0,100,0
811,AB,1990,4626.6,4810.238,34049.062,660.6,623.22,3767.08,11,11,78,13,12,75
811,SK,1990,0,376.092,1002.909,0,39.819,106.182,0,27,73,0,27,73
812,AB,1990,29771.2,20352.09,21787.05,26285.925,19627.325,14872.25,41,28,30,43,32,24
813,SK,1990,3733.005,91747.128,42097.867,555.5,9503.625,3349.872,3,67,31,4,71,25
814,AB,1990,1570.5,14178.1,0,586.8,4727.61,0,10,90,0,11,89,0
815,AB,1990,22306.999,18380.973,0,9206.001,6968.675,0,55,45,0,57,43,0
815,SK,1990,23288.278,8748.72,0,1210.097,804.306,0,73,27,0,60,40,0
816,SK,1990,57896.776,373564.467,28608.756,15157.209,32290.301,900.358,13,81,6,31,67,2
817,SK,1990,0,94339.422,3698.579,0,3556.799,172.2,0,96,4,0,95,5
818,AB,1990,0,32275.1,0,0,16601.45,0,0,100,0,0,100,0
819,SK,1990,24080.03,6872.972,0,2599.55,735.45,0,78,22,0,78,22,0
820,SK,1990,739.92,188376.911,749.169,0,21859.301,77.7,0,99,0,0,100,0
821,AB,1990,2020.286,92608.812,754.086,589.153,15514.194,388.585,2,97,1,4,94,2
821,SK,1990,936.744,177762.254,0,728.083,24998.918,0,1,99,0,3,97,0
822,SK,1990,6747.033,160220.048,1725.916,831.316,20155.969,479.029,4,95,1,4,94,2
823,AB,1990,24884.144,122656.355,0,6242.022,27974.978,0,17,83,0,18,82,0
824,SK,1990,26400.739,75492.953,1387.309,4657.969,13772.031,0,26,73,1,25,75,0
825,SK,1990,677.652,509435.351,0,685.819,36946.18,0,0,100,0,2,98,0
826,SK,1990,20559.598,690625.857,98863.989,4280.05,53168.154,1453.466,3,85,12,7,90,2
827,SK,1990,33311.164,14093.065,2148.771,16108.043,5892.52,912.437,67,28,4,70,26,4
828,AB,1990,19303.387,583514.818,0,2633.749,70256.601,0,3,97,0,4,96,0
829,AB,1990,20765.45,10298.35,0,7026.7,3326.3,0,67,33,0,68,32,0
830,SK,1990,18955.744,299836.991,41455.267,2057.022,22429.556,2169.452,5,83,12,8,84,8
831,SK,1990,6703.008,149643.204,1345.788,433.566,9926.435,0,4,95,1,4,96,0
832,SK,1990,18030.09,325216.462,1224.446,2868.141,46135.478,391.385,5,94,0,6,93,1
833,AB,1990,96,19592.6,28.8,27.5,4101.2,8.25,0,99,0,1,99,0
833,SK,1990,0,39860.119,27060.882,0,15493.471,8954.529,0,60,40,0,63,37
834,SK,1990,0,66356.988,165451.011,0,4518.39,15248.61,0,29,71,0,23,77
835,SK,1990,0,6353.129,15529.871,0,1530,3740,0,29,71,0,29,71
836,AB,1990,0,9462,0,0,1308,0,0,100,0,0,100,0
837,AB,1990,0,23987,0,0,6218,0,0,100,0,0,100,0
837,SK,1990,0,14834.028,3323.973,0,8754.754,1254.243,0,82,18,0,87,13
838,AB,1990,992.4,4000.601,0,652.8,1639.201,0,20,80,0,28,72,0
838,SK,1990,0,59939.101,2755.246,0,14135.796,1386.272,0,96,4,0,91,9
839,MB,1990,8919.485,78542.288,9596.227,1994.333,24533.907,3057.761,9,81,10,7,83,10
840,MB,1990,46708.446,11208.713,12846.842,24469.072,13641.375,6352.555,66,16,18,55,31,14
841,MB,1990,19547.503,20291.997,0,1760.564,51088.435,0,49,51,0,3,97,0
843,MB,1990,16468.255,10064.744,0,15295.318,7064.681,0,62,38,0,68,32,0
844,MB,1990,9687.948,38612.22,5764.832,9225.392,30779.167,4524.443,18,71,11,21,69,10
846,MB,1990,0,18033.005,0,0,37315.998,0,0,100,0,0,100,0
847,MB,1990,0,28882.8,20654.9,0,11859.25,4640.75,0,58,42,0,72,28
848,MB,1990,923.684,8558.066,0,638,6519,0,10,90,0,9,91,0
849,MB,1990,11978.834,42253.776,650277.385,3856.451,18258.887,80895.664,2,6,92,4,18,79
850,MB,1990,124952.857,30397.143,0,67963.594,8193.408,0,80,20,0,89,11,0
851,MB,1990,0,43832.542,34425.458,0,6963.267,6161.732,0,56,44,0,53,47
852,MB,1990,42285.812,98082.338,115980.85,8802.994,7958.653,9222.35,16,38,45,34,31,35
853,MB,1990,0,18465.169,34011.832,0,543.994,1002.007,0,35,65,0,35,65
854,MB,1990,5848.75,74122.25,0,1884,20068.997,0,7,93,0,9,91,0
855,MB,1990,0,11192,0,0,4945,0,0,100,0,0,100,0
940,BC,1990,92,23,0,439,97,0,80,20,0,82,18,0
943,BC,1990,0,1,0,0,5,0,0,100,0,0,100,0
944,BC,1990,130.174,15.526,0.3,900.661,125.139,4.2,89,11,0,87,12,0
950,BC,1990,37.706,463.759,0,210.899,1971.102,0,8,92,0,10,90,0
955,BC,1990,39.358,13.143,137.4,278,97,446,21,7,72,34,12,54
956,BC,1990,552.111,433.617,369.782,4808.151,4509.933,1838.915,41,32,27,43,40,16
957,BC,1990,69.104,62.739,0,364.629,224.367,0,52,48,0,62,38,0
958,BC,1990,14.751,4.249,0,37.609,16.392,0,78,22,0,70,30,0
959,BC,1990,3074.945,17144.878,363.717,5930.069,32031.715,1072.47,15,83,2,15,82,3
960,BC,1990,12,0,0,48,0,0,100,0,0,100,0,0
962,BC,1990,0,19,0,0,89,0,0,100,0,0,100,0
969,BC,1990,0,90.49,0,0,207,0,0,100,0,0,100,0
971,BC,1990,45.6,3.4,0,409.45,27.549,0,93,7,0,94,6,0
972,BC,1990,2289.581,1228.751,2352.474,20799.908,10647.377,18857.714,39,21,40,41,21,37
974,BC,1990,214.213,72.667,79.12,2104.643,665.317,823.04,59,20,22,59,19,23
975,BC,1990,17,0,0,661,0,0,100,0,0,100,0,0
976,BC,1990,347.202,540.363,0,4217.135,7630.864,0,39,61,0,36,64,0
977,BC,1990,262.97,458.472,0,6331.311,7806.689,0,36,64,0,45,55,0
978,BC,1990,439.513,1027.795,0,5019.01,11919.993,0,30,70,0,30,70,0
979,BC,1990,2644.12,7784.883,0,19691.099,50946.901,0,25,75,0,28,72,0
980,BC,1990,24,6.4,1.6,192,51.2,12.8,75,20,5,75,20,5
981,BC,1990,0,40,17,0,416,167,0,70,30,0,71,29
982,BC,1990,1721.091,1604.735,2079.383,17730.075,18518.839,25083.088,32,30,38,29,30,41
987,BC,1990,6,8,0,106,121,0,43,57,0,47,53,0
988,BC,1990,291.43,172.57,0,1029.255,575.745,0,63,37,0,64,36,0
990,BC,1990,127.041,22.953,0,813.234,83.764,0,85,15,0,91,9,0
991,BC,1990,136.896,2815.132,506.921,382.939,6499.655,1885.406,4,81,15,4,74,22
992,BC,1990,2.4,6.6,0,38.667,106.333,0,27,73,0,27,73,0
995,BC,1990,16.617,72.38,0,130.043,559.956,0,19,81,0,19,81,0
1001,BC,1990,1029.807,782.217,0,3629.419,2735.586,0,57,43,0,57,43,0
1002,BC,1990,152.6,21.4,0,953.3,134.7,0,88,12,0,88,12,0
1003,BC,1990,6,0,0,52,0,0,100,0,0,100,0,0
1004,BC,1990,463.709,1075.317,350.7,3033.671,6434.235,2620.1,25,57,19,25,53,22
1005,BC,1990,2180.552,2975.178,0,12159.864,18687.135,0,42,58,0,39,61,0
1006,BC,1990,2090.618,3079.61,0,20159.072,35405.931,0,40,60,0,36,64,0
1007,BC,1990,3534.574,3453.093,3418.461,4034.876,4414.394,4826.728,34,33,33,30,33,36
1008,BC,1990,1012.761,369.55,336.691,4622.172,2107.04,1452.785,59,21,20,56,26,18
1009,BC,1990,1128.266,198.863,0,2454.977,644.02,0,85,15,0,79,21,0
1010,BC,1990,1757.325,848.71,0,1257.85,788.148,0,67,33,0,61,39,0
1011,BC,1990,780.488,134.491,0,2655.634,506.368,0,85,15,0,84,16,0
1012,BC,1990,82.331,31.668,0,1062.57,192.432,0,72,28,0,85,15,0
1013,BC,1990,355.612,259.221,268.167,2117.055,1251.222,1222.722,40,29,30,46,27,27
1015,BC,1990,298.098,245.901,0,3150.819,2746.179,0,55,45,0,53,47,0
1016,AB,1990,1320.5,1496.5,0,3195.5,4141.5,0,47,53,0,44,56,0
1017,BC,1990,26.28,30.72,0,814.72,545.28,0,46,54,0,60,40,0
1018,AB,1990,341.4,12617.45,156.35,754.55,26407.6,422.95,3,96,1,3,96,2
9593,AB,1990,0,11977,47908,0,5636,22544,0,20,80,0,20,80
9607,AB,1990,0,0,592,0,0,189,0,0,100,0,0,100
9609,AB,1990,517.633,4371.197,2536.15,1378.7,8117.2,3888.1,7,59,34,10,61,29
9687,AB,1990,6442.484,138368.649,0,7155.556,98343.489,0,4,96,0,7,93,0
9787,AB,1990,0,85196.87,0,0,11183.24,0,0,100,0,0,100,0
244,AB,1991,0,0,985,0,0,628,0,0,100,0,0,100
244,BC,1991,0,152,36,0,250,59,0,81,19,0,81,19
252,BC,1991,0,74,0,0,203,0,0,100,0,0,100,0
371,MB,1991,0,0,83,0,0,85,0,0,100,0,0,100
374,ON,1991,17,0,0,206,0,0,100,0,0,100,0,0
375,MB,1991,1453.999,14873.537,38603.875,2389.871,10867.38,20519.41,3,27,70,7,32,61
376,MB,1991,0,14,0,0,42,0,0,100,0,0,100,0
378,ON,1991,58,1047,0,457,6399,0,5,95,0,7,93,0
379,MB,1991,712.787,443.613,0,2232.381,1661.619,0,62,38,0,57,43,0
380,MB,1991,1766.791,83.215,2372.294,4218.434,1782.154,2588.41,42,2,56,49,21,30
381,ON,1991,0,9560,0,0,37290,0,0,100,0,0,100,0
383,ON,1991,330.286,3630.714,0,1732.286,11184.716,0,8,92,0,13,87,0
386,ON,1991,83,0,0,620,0,0,100,0,0,100,0,0
391,ON,1991,14,0,0,196,0,0,100,0,0,100,0,0
400,ON,1991,0,0,385,0,0,4126,0,0,100,0,0,100
401,ON,1991,232.026,578.674,1854.299,1028.274,4333.434,14425.292,9,22,70,5,22,73
401,QC,1991,639,24,8254.23,7497,262,84269.13,7,0,93,8,0,92
402,ON,1991,0,137,0,0,967,0,0,100,0,0,100,0
407,ON,1991,222.629,0,132.37,1632.209,0,895.791,63,0,37,65,0,35
408,ON,1991,0,20130,0,0,36382,0,0,100,0,0,100,0
408,QC,1991,795.211,425.45,5372.079,4741.533,3028.889,30019.278,12,6,81,13,8,79
409,ON,1991,88,1541.001,0,687,4639.999,0,5,95,0,13,87,0
410,ON,1991,51.8,178.2,0,393.7,1401.3,0,23,77,0,22,78,0
411,ON,1991,5792.453,3277.545,0,31064.351,8608.649,0,64,36,0,78,22,0
412,ON,1991,0,337,1348,0,1862.6,7450.4,0,20,80,0,20,80
413,ON,1991,6335.569,1022.348,264.965,58961.437,8981.783,1821.307,83,13,3,85,13,3
415,QC,1991,275.22,0,0,1662,0,0,100,0,0,100,0,0
418,QC,1991,7208.079,850.7,484.001,20994.001,2588,2640,84,10,6,80,10,10
419,QC,1991,142,0,0,575,0,0,100,0,0,100,0,0
421,QC,1991,814.66,0,0,3519,0,0,100,0,0,100,0,0
422,QC,1991,53,0,0,343,0,0,100,0,0,100,0,0
423,QC,1991,744.66,637,0,5993,4147,0,54,46,0,59,41,0
424,QC,1991,1269.999,682.001,976,4764,4758.1,1094.9,43,23,33,45,45,10
425,QC,1991,6821.18,2137,5639.981,40845.301,24693.73,26900.77,47,15,39,44,27,29
426,QC,1991,2417,330,0,7780,747,0,88,12,0,91,9,0
431,QC,1991,4,0,0,49,0,0,100,0,0,100,0,0
438,QC,1991,301.42,0,0,864,0,0,100,0,0,100,0,0
439,QC,1991,145,0,0,414,0,0,100,0,0,100,0,0
440,QC,1991,211,0,0,687,0,0,100,0,0,100,0,0
441,QC,1991,13298.85,19646.942,2510.276,37025.32,58029.457,6974.413,38,55,7,36,57,7
455,NF,1991,0,0,0,345,0,0,,,,100,0,0
458,NF,1991,29,120.369,0,130,1087,0,19,81,0,11,89,0
460,NF,1991,0,12.001,0,0,77.001,0,0,100,0,0,100,0
461,NF,1991,0,186.668,0,0,979.002,0,0,100,0,0,100,0
462,NF,1991,0,19.001,0,0,115,0,0,100,0,0,100,0
463,NF,1991,0,103.001,0,0,980.001,0,0,100,0,0,100,0
466,NF,1991,17,193.55,0,77,1225.999,0,8,92,0,6,94,0
468,NF,1991,0,51.8,0,0,188,0,0,100,0,0,100,0
471,NF,1991,102,162.04,0,154,582,0,39,61,0,21,79,0
475,NF,1991,0,221.681,0,0,2692,0,0,100,0,0,100,0
477,NF,1991,0,0,0,190,0,0,,,,100,0,0
478,QC,1991,670,1122.901,0,3892,4110.7,0,37,63,0,49,51,0
479,QC,1991,3834.305,21892.135,3630.12,15230.441,90902.259,12178.3,13,75,12,13,77,10
481,QC,1991,0,2945,0,0,13158,0,0,100,0,0,100,0
482,QC,1991,7925.46,8545.639,0,88234,78479.902,0,48,52,0,53,47,0
483,QC,1991,6705.448,12809.551,344,50900.176,86411.224,1943.601,34,65,2,37,62,1
484,NB,1991,0,114,0,0,498.001,0,0,100,0,0,100,0
484,QC,1991,326,2981.97,0,1634,8650,0,10,90,0,16,84,0
485,NB,1991,411.877,406.122,0,1304.955,1200.044,0,50,50,0,52,48,0
486,NB,1991,605.7,5566.3,0,674.69,5327.31,0,10,90,0,11,89,0
487,NB,1991,269.354,525.648,0,1178.233,2858.768,0,34,66,0,29,71,0
487,QC,1991,19.17,1079.831,0,81.9,4573.1,0,2,98,0,2,98,0
488,NB,1991,13.333,155.667,0,84,940,0,8,92,0,8,92,0
489,NB,1991,142,509,0,408,1499,0,22,78,0,21,79,0
490,NB,1991,218,562,0,972.427,928.573,0,28,72,0,51,49,0
493,NB,1991,1517.557,14508.991,1006.452,1842.681,15236.157,688.161,9,85,6,10,86,4
494,NB,1991,0,11350,0,0,13291,0,0,100,0,0,100,0
495,NB,1991,121.5,347.5,0,1038.49,2269.51,0,26,74,0,31,69,0
496,NB,1991,1946.714,265.455,124.829,18648.821,3287.92,1572.257,83,11,5,79,14,7
497,NB,1991,68.5,642.5,0,1034.5,2787.499,0,10,90,0,27,73,0
498,NB,1991,219,0,0,1922,0,0,100,0,0,100,0,0
499,NB,1991,408.16,273.14,11.7,1551.481,2959.47,89.05,59,39,2,34,64,2
500,NB,1991,4955.011,141.288,181.7,11728.746,254.714,941.1,94,3,3,91,2,7
501,NB,1991,701.7,1780.3,0,1494.562,3413.437,0,28,72,0,30,70,0
502,NB,1991,241.85,537.151,0,1440.358,3041.642,0,31,69,0,32,68,0
503,NB,1991,1615.77,1668.23,18,8962.023,14251.977,135,49,51,1,38,61,1
504,NB,1991,1367,370,0,7355.002,486,0,79,21,0,94,6,0
504,NS,1991,4193.652,1536.846,0,22060.81,8450.193,0,73,27,0,72,28,0
505,NB,1991,155,772.001,0,1123,5171.002,0,17,83,0,18,82,0
506,NB,1991,11,387,0,792.96,1784.04,0,3,97,0,31,69,0
507,NB,1991,230,1179,0,1811,7145.501,0,16,84,0,20,80,0
507,NS,1991,2977.233,1484.698,0,9321.406,4879.341,0,67,33,0,66,34,0
508,NB,1991,388.999,0,0,949.999,0,0,100,0,0,100,0,0
509,NS,1991,241.001,1230.998,0,582,4074.999,0,16,84,0,12,88,0
510,NS,1991,42.65,33,0,263.75,217.25,0,56,44,0,55,45,0
511,NS,1991,0,23.996,0,0,200,0,0,100,0,0,100,0
512,NS,1991,0,712.522,0,0,5273.997,0,0,100,0,0,100,0
513,NS,1991,112.305,320.276,0,482.566,1258.433,0,26,74,0,28,72,0
514,NS,1991,3.69,0,0,32,0,0,100,0,0,100,0,0
516,NS,1991,386.607,546.31,0,2115.294,2743.705,0,41,59,0,44,56,0
517,NS,1991,376.873,2719.955,0,3224.704,24221.294,0,12,88,0,12,88,0
518,NS,1991,8878.48,4344.224,0,15514.872,11282.674,0,67,33,0,58,42,0
519,NS,1991,0,214,0,0,820,0,0,100,0,0,100,0
520,NS,1991,10.917,364.085,0,80.833,2194.166,0,3,97,0,4,96,0
521,NS,1991,0,110,0,0,694,0,0,100,0,0,100,0
522,NS,1991,97.623,313.297,0,885.205,3433.798,0,24,76,0,20,80,0
523,NS,1991,202.788,760.741,0,771.422,3882.576,0,21,79,0,17,83,0
524,NS,1991,8,16,0,111,115,0,33,67,0,49,51,0
525,NS,1991,269.931,837.731,0,2075.344,8059.654,0,24,76,0,20,80,0
527,NS,1991,71.791,693.209,0,236.91,2327.089,0,9,91,0,9,91,0
528,NS,1991,1595.868,1372.911,0,1592.527,1561.468,0,54,46,0,50,50,0
529,NS,1991,0,155.999,0,0,1011.003,0,0,100,0,0,100,0
530,NS,1991,18.666,1158.33,0,115.333,1728.666,0,2,98,0,6,94,0
531,NS,1991,394.886,888.392,0,956.048,5060.957,0,31,69,0,16,84,0
534,PE,1991,13843.294,4369.704,0,16557.018,4301.981,0,76,24,0,79,21,0
535,PE,1991,20235,0,0,13698,0,0,100,0,0,100,0,0
536,PE,1991,37695.376,2096.625,0,42489.959,2723.042,0,95,5,0,94,6,0
537,PE,1991,20110.778,485.222,0,25182.776,631.222,0,98,2,0,98,2,0
538,PE,1991,5232,0,0,4713,0,0,100,0,0,100,0,0
539,QC,1991,69,432.21,74.98,293.943,904.058,238,12,75,13,20,63,17
540,QC,1991,118911.529,67629.394,51294.298,270917.312,106610,94726.502,50,28,22,57,23,20
541,ON,1991,0,13050.252,2455.75,1518.744,4888.955,1180.3,0,84,16,20,64,16
541,QC,1991,112618.577,33038.084,223173.756,89023.029,24886.76,144351.21,31,9,61,34,10,56
542,ON,1991,0,559.754,9819.567,3559.559,2542.409,43893.033,0,5,95,7,5,88
543,ON,1991,4721.999,26423.355,9738.669,9943.274,33582.092,17159.769,12,65,24,16,55,28
543,QC,1991,0,216,702,0,871,3267.4,0,24,76,0,21,79
544,ON,1991,1426.524,45079.309,11274.567,6332.649,42321.372,10375.779,2,78,20,11,72,18
545,ON,1991,2565.771,11085.239,9030.293,8675.923,12141.081,15605.992,11,49,40,24,33,43
546,ON,1991,0,26456.387,5737.571,0,42803.834,9947.166,0,82,18,0,81,19
546,QC,1991,0,257,0,0,425,0,0,100,0,0,100,0
547,ON,1991,4082.125,17070.226,12184.229,19662.934,33871.452,38101.903,12,51,37,21,37,42
548,QC,1991,197.96,0,0,534,0,0,100,0,0,100,0,0
549,ON,1991,0,379.754,3571.365,0,1645.826,18549.173,0,10,90,0,8,92
550,ON,1991,2031.983,6578.487,2258.281,6399.601,35764.792,9103.646,19,61,21,12,70,18
551,ON,1991,18661.782,49462.963,42411.656,63603.495,67920.122,73757.387,17,45,38,31,33,36
552,ON,1991,21623.617,4187.988,0,79834.47,28003.536,31.714,84,16,0,74,26,0
553,ON,1991,51198.611,80551.341,14415.76,78147.113,103319.682,22604.133,35,55,10,38,51,11
554,ON,1991,12784.263,2541.918,0,46744.731,6843.27,0,83,17,0,87,13,0
555,ON,1991,11344.247,7364.476,18168.21,14872.233,22739.116,32022.898,31,20,49,21,33,46
556,ON,1991,15285.859,73211.755,1420.863,51198.56,125951.753,2737.687,17,81,2,28,70,2
557,ON,1991,10036.714,256268.125,0,4581.35,115090.649,0,4,96,0,4,96,0
558,ON,1991,18845.469,192091.112,1180.62,13557.709,121252.292,0,9,91,1,10,90,0
559,ON,1991,0,310.4,0,0,0,0,0,100,0,,,
560,ON,1991,23418.794,54655.267,0,18370.921,35770.078,0,30,70,0,34,66,0
561,ON,1991,885.275,18292.161,2087.333,524.688,15198.66,1781.778,4,86,10,3,87,10
562,ON,1991,0,23245.444,11327.556,0,23758.222,12769.778,0,67,33,0,65,35
563,ON,1991,0,212,0,0,431,0,0,100,0,0,100,0
564,ON,1991,7836.984,57866.107,16877.431,19180.953,39196,19241.479,9,70,20,25,50,25
565,ON,1991,84110.436,187851.528,76547.039,22891.52,68448.027,25055.452,24,54,22,20,59,22
566,ON,1991,265.25,11211.051,7201.3,134,5726.949,5058.65,1,60,39,1,52,46
567,ON,1991,6370,145219.626,18039.375,3113.333,63085.61,8125.056,4,86,11,4,85,11
568,ON,1991,62896.721,7329.68,233.6,30891.877,3584.223,133.9,89,10,0,89,10,0
569,ON,1991,2832.689,18740.843,58331.467,1957.656,18065.828,72743.516,4,23,73,2,19,78
570,ON,1991,10504.715,204969.32,50314.365,1729.192,49410.549,11336.259,4,77,19,3,79,18
571,ON,1991,8047.778,1739.667,2319.555,3624.666,598,797.333,66,14,19,72,12,16
572,ON,1991,3332.739,15530.498,3152.626,699.279,3235.894,1118.824,15,71,14,14,64,22
581,BC,1991,114.4,3610.08,0,152.8,5082,0,3,97,0,3,97,0
583,AB,1991,0,60.052,84.947,0,76.578,108.421,0,41,59,0,41,59
583,BC,1991,0,4173.212,1192.129,0,7013.555,1683.445,0,78,22,0,81,19
584,AB,1991,0,0,1175,0,0,1500,0,0,100,0,0,100
585,BC,1991,905.611,30561.34,0.625,1945.222,55127.906,1.875,3,97,0,3,97,0
586,AB,1991,8548.248,70708.847,30941.805,4025.411,18125.503,12013.086,8,64,28,12,53,35
587,AB,1991,22892.681,1418.1,0,6063.841,437.7,0,94,6,0,93,7,0
588,AB,1991,5060.552,12006.32,100838.216,2468.945,4783.488,33964.168,4,10,86,6,12,82
589,AB,1991,630.358,2048.662,0,352.706,1146.294,0,24,76,0,24,76,0
590,AB,1991,0,22933.691,45008.687,0,12441.557,39518.444,0,34,66,0,24,76
591,AB,1991,291.7,2547.335,123949.834,260.2,1230.5,82038.5,0,2,98,0,1,98
591,BC,1991,17411.304,87174.767,20172.322,31395.901,128810.324,23547.983,14,70,16,17,70,13
592,AB,1991,726.3,15820.047,99494.111,1261.764,24776.664,76255.571,1,14,86,1,24,75
593,AB,1991,0,6547.823,87045.176,0,3255.676,39205.323,0,7,93,0,8,92
594,AB,1991,0,0,59141.001,0,0,35137.998,0,0,100,0,0,100
595,AB,1991,0,3512.706,82442.294,0,1277.176,24844.823,0,4,96,0,5,95
596,AB,1991,7568.762,41320.342,48659.488,4293.227,20703.621,23956.052,8,42,50,9,42,49
597,AB,1991,1427.8,19254.799,26597.001,1502.4,16852.2,23025,3,41,56,4,41,56
598,AB,1991,0,1614.2,91669.798,0,1000.3,50653.697,0,2,98,0,2,98
599,AB,1991,0,5924,67952,0,4612,34558.999,0,8,92,0,12,88
600,AB,1991,2134.27,250.823,2280.667,2519.001,390.764,2533.333,46,5,49,46,7,47
609,AB,1991,0,0,267,0,0,459,0,0,100,0,0,100
610,AB,1991,1053.633,10262.199,25267.798,583.593,15964.387,45735.02,3,28,69,1,26,73
610,BC,1991,0,0,0,0,0.999,0,,,,0,100,0
611,AB,1991,150,819.45,2819.55,192,1188.75,4351.25,4,22,74,3,21,76
612,AB,1991,0,6227.815,1444.845,0,9885.433,2828.568,0,81,19,0,78,22
615,AB,1991,3006.966,11217.782,0,6448.018,20754.233,0,21,79,0,24,76,0
616,AB,1991,9279.652,2849.107,0,12690.858,5494.143,0,77,23,0,70,30,0
617,AB,1991,1130.856,3349.143,1115,2776.572,7182.429,2108,20,60,20,23,60,17
618,AB,1991,808.038,9026.422,615.06,1587.259,6224.24,1124.25,8,86,6,18,70,13
618,BC,1991,376.437,3950.881,922.942,1247.938,15758.089,4588.974,7,75,18,6,73,21
619,AB,1991,0,476,0,0,788,0,0,100,0,0,100,0
622,AB,1991,1773.665,6031.293,0,6623.865,22858.138,0,23,77,0,22,78,0
623,AB,1991,2307.876,11573.026,2715.835,10773.961,52684.465,13600.576,14,70,16,14,68,18
625,AB,1991,11.333,22.667,0,86.334,172.667,0,33,67,0,33,67,0
626,AB,1991,0,888,0,0,4286,0,0,100,0,0,100,0
629,AB,1991,199.7,1899.465,378.076,783.2,10437.615,2636.833,8,77,15,6,75,19
630,AB,1991,60.625,1973.825,38.89,250.25,22016.196,175.556,3,95,2,1,98,1
631,AB,1991,0,1099.7,110.3,0,5543.4,561.6,0,91,9,0,91,9
647,SK,1991,2029.803,418.197,0,1302.553,268.447,0,83,17,0,83,17,0
650,AB,1991,134.107,2173.147,337.497,914.833,10050.166,1148,5,82,13,8,83,9
652,SK,1991,63.486,491.515,0,60.733,470.267,0,11,89,0,11,89,0
657,SK,1991,425.591,4616.909,0,449.462,5498.538,0,8,92,0,8,92,0
658,SK,1991,1809.862,920.088,0,332.28,168.72,0,66,34,0,66,34,0
660,SK,1991,1293.192,17289.558,0,728.577,9957.422,0,7,93,0,7,93,0
661,SK,1991,60.783,4678.216,0,54.762,4519.238,0,1,99,0,1,99,0
662,SK,1991,78.2,312.8,0,14.4,57.6,0,20,80,0,20,80,0
667,MB,1991,0,246,0,0,318,0,0,100,0,0,100,0
669,MB,1991,0,17423.85,0,0,12493,0,0,100,0,0,100,0
669,SK,1991,0,0,971,0,0,290,0,0,100,0,0,100
672,SK,1991,8049.229,6099.346,442.976,3199.353,1934.246,135.402,55,42,3,61,37,3
677,MB,1991,0,0,4271,0,0,4935,0,0,100,0,0,100
678,AB,1991,4532.104,97228.787,5412.391,7709.767,153038.725,6188.824,4,91,5,5,92,4
679,AB,1991,0,10842.771,0,0,33116,0,0,100,0,0,100,0
680,AB,1991,4120.441,79981.662,0,7294.64,98658.999,0,5,95,0,7,93,0
680,SK,1991,2167.858,31843.093,0,3854.631,28957.368,0,6,94,0,12,88,0
681,AB,1991,2941.494,74097.049,18917.41,2381.177,58231.773,15119.44,3,77,20,3,77,20
682,SK,1991,7112.268,9723.335,5042.245,5004.697,8541.369,418.937,33,44,23,36,61,3
683,AB,1991,44820.77,21364,0,36613,7714,0,68,32,0,83,17,0
684,AB,1991,338.442,57301.289,21761.989,1218.6,174781.91,63701.19,0,72,27,1,73,27
685,SK,1991,1345.182,35291.366,18722,799.317,25584.943,6457.742,2,64,34,2,78,20
686,AB,1991,0,11149.39,0,0,21148.001,0,0,100,0,0,100,0
686,SK,1991,124.425,4431.575,0,82.416,2935.587,0,3,97,0,3,97,0
687,AB,1991,3203.111,10477.689,0,4335.726,13537.095,0,23,77,0,24,76,0
687,SK,1991,13467.396,123419.603,0,6000.023,50470.978,0,10,90,0,11,89,0
688,AB,1991,0,69345.301,0,0,51839.7,0,0,100,0,0,100,0
689,SK,1991,3686.911,50439.589,0,3373.147,17200.853,0,7,93,0,16,84,0
690,SK,1991,4134.223,50772.178,0,3005.078,27771.916,0,8,92,0,10,90,0
691,SK,1991,17866.52,1711.78,0,6274.644,103.358,0,91,9,0,98,2,0
692,AB,1991,48.458,23870.645,8259.597,172.566,84918.358,41095.49,0,74,26,0,67,33
693,SK,1991,15802.16,120957.833,0,7409.363,19144.633,0,12,88,0,28,72,0
694,SK,1991,41827.4,39710.226,19997.375,11175.42,11988.044,5243.536,41,39,20,39,42,18
695,SK,1991,38563.383,19532.618,0,12113.973,10181.026,0,66,34,0,54,46,0
696,SK,1991,75005.11,102845.838,0,26849.559,25534.438,0,42,58,0,51,49,0
697,SK,1991,0,8216.865,44219.137,0,2464.338,13308.664,0,16,84,0,16,84
698,SK,1991,32076.961,22336.534,0,7636.879,7587.123,0,59,41,0,50,50,0
699,SK,1991,0,42690.001,0,0,17643,0,0,100,0,0,100,0
700,SK,1991,0,10570.071,32276.982,0,6792.673,9633.327,0,25,75,0,41,59
701,SK,1991,64219.79,15058.608,0,25522.694,2697.307,0,81,19,0,90,10,0
702,SK,1991,9698.024,196883.763,18677.219,2117.555,24279.774,266.674,4,87,8,8,91,1
703,AB,1991,0,50862.57,741.409,0,126821.949,2120.85,0,99,1,0,98,2
704,SK,1991,1129.299,65985.733,23665.264,668.457,19994.25,6284.29,1,73,26,2,74,23
705,SK,1991,0,62546.026,214067.975,0,26654.313,18506.688,0,23,77,0,59,41
706,SK,1991,3834.627,117198.37,0,332.052,18403.95,0,3,97,0,2,98,0
707,SK,1991,18658.596,181964.133,1802.369,13865.823,39950.861,683.317,9,90,1,25,73,1
708,AB,1991,1828.8,61099.645,0,4491.9,128004.299,0,3,97,0,3,97,0
709,MB,1991,4569.749,155363.519,14496.585,3765.556,67643.925,3548.519,3,89,8,5,90,5
709,SK,1991,31467.519,196604.741,12709.736,9781.287,43462.748,2285.958,13,82,5,18,78,4
710,SK,1991,1663.204,19988.097,0,1021.068,16242.928,0,8,92,0,6,94,0
711,SK,1991,303.248,25666.702,0,1039.334,16379.665,0,1,99,0,6,94,0
714,MB,1991,0,1676,0,0,1623,0,0,100,0,0,100,0
714,SK,1991,0,62882.857,5273.591,0,30211.156,2911.843,0,92,8,0,91,9
715,MB,1991,855.937,17273.834,12126.328,1228.305,10452.022,9124.674,3,57,40,6,50,44
715,SK,1991,0,10549.214,3005.785,0,3505.522,805.477,0,78,22,0,81,19
716,MB,1991,4701.649,39574.05,19462.05,3306,24594,14389,7,62,31,8,58,34
717,MB,1991,48100.165,46451.751,13761.58,22870.023,24641.348,3206.629,44,43,13,45,49,6
718,MB,1991,0,4228.7,0,0,7953,0,0,100,0,0,100,0
720,MB,1991,0,0,2163.6,0,0,5536,0,0,100,0,0,100
723,MB,1991,91,38340.249,3649.7,287,94363,3830,0,91,9,0,96,4
724,MB,1991,3055.225,26232.672,125702.751,7174.056,23996.675,84352.268,2,17,81,6,21,73
726,MB,1991,47699.615,0,1477.335,73064.999,0,1057,97,0,3,99,0,1
727,AB,1991,24701.993,170416.438,131466.058,22521.177,118265.749,66682.709,8,52,40,11,57,32
728,AB,1991,4105.278,194573.223,3566.647,2030.556,48428.541,687.803,2,96,2,4,95,1
729,AB,1991,40199.793,119389.396,0,18422.366,34912.425,0,25,75,0,35,65,0
729,SK,1991,28365.241,459704.766,0,5663.719,85694.28,0,6,94,0,6,94,0
730,AB,1991,50574.178,448142.414,12994.166,24241.22,168490.186,4970.278,10,88,3,12,85,3
731,AB,1991,23533.589,451237.133,0,14192.912,161781.439,0,5,95,0,8,92,0
732,AB,1991,0,12535.2,0,0,23466.6,0,0,100,0,0,100,0
733,SK,1991,33916.991,177532.437,10564.558,2785.019,45936.536,832.442,15,80,5,6,93,2
734,SK,1991,45261.242,14798.758,0,12573.187,1736.815,0,75,25,0,88,12,0
735,SK,1991,6006.604,181183.395,0,4445.126,23535.881,0,3,97,0,16,84,0
736,SK,1991,42891.012,240571.792,8288.19,7890.553,35182.678,676.767,15,82,3,18,80,2
737,AB,1991,20518,108214.9,15041.7,15672.3,84162.749,9752.05,14,75,10,14,77,9
738,AB,1991,9849.46,135633.58,0,4804.2,23426.19,0,7,93,0,17,83,0
739,AB,1991,114614.947,9092.7,0,82588.452,9287.1,0,93,7,0,90,10,0
739,SK,1991,55232.591,5145.411,0,15177.949,1360.049,0,91,9,0,92,8,0
740,AB,1991,14127.6,148812.9,0,13923.4,82615.2,0,9,91,0,14,86,0
741,SK,1991,4570.001,164955.54,1500.457,191.457,9654.491,13.055,3,96,1,2,98,0
742,SK,1991,34400.025,11893.976,0,9484.937,358.064,0,74,26,0,96,4,0
743,AB,1991,2392.2,89396.36,0,462.6,34108.975,0,3,97,0,1,99,0
743,SK,1991,5114.405,8557.67,3181.925,695.996,2027.349,687.407,30,51,19,20,59,20
744,AB,1991,0,189936.96,15419.04,0,79821.03,2637.12,0,92,8,0,97,3
745,SK,1991,31674.228,794486.095,3587.674,5091.253,66152.899,316.85,4,96,0,7,92,0
746,AB,1991,0,163527.3,0,0,79939.65,0,0,100,0,0,100,0
747,SK,1991,33299.319,46326.681,0,13958.639,5762.361,0,42,58,0,71,29,0
748,SK,1991,7132.662,735114.568,884.777,1583.637,85661.023,99.337,1,99,0,2,98,0
749,SK,1991,19553.627,404045.37,0,1992.413,59506.583,0,5,95,0,3,97,0
750,AB,1991,0,68044.55,15051.45,0,106475.91,27871.49,0,82,18,0,79,21
751,MB,1991,14094.269,42325.081,0,10540.673,16018.267,79.006,25,75,0,40,60,0
751,SK,1991,17115.878,16357.973,0,6354.035,5648.964,0,51,49,0,53,47,0
752,MB,1991,0,124706.044,1705.955,0,37115.701,532.297,0,99,1,0,99,1
752,SK,1991,17579.06,502806.941,0,3344.021,68604.978,0,3,97,0,5,95,0
753,MB,1991,3707.749,483579.889,6825.364,1958.233,122035.13,2444.639,1,98,1,2,97,2
754,SK,1991,4256.582,183810.283,65212.136,1829.579,14253.194,4817.226,2,73,26,9,68,23
755,SK,1991,2799.05,215309.951,0,189.979,21540.022,0,1,99,0,1,99,0
756,SK,1991,7207.727,405512.272,0,499.286,50592.711,0,2,98,0,1,99,0
757,MB,1991,64878.659,26421.34,1572.65,41283.781,7656.221,0,70,28,2,84,16,0
758,MB,1991,46952.85,127296.213,10349.336,21597.039,34436.288,7842.155,25,69,6,34,54,12
759,MB,1991,4891.045,34681.954,0,7081.011,13595.989,0,12,88,0,34,66,0
760,MB,1991,0,94375.999,0,3023.666,14831.335,0,0,100,0,17,83,0
760,SK,1991,6663.158,425328.842,0,6170.546,65419.453,0,2,98,0,9,91,0
761,SK,1991,0,21651.001,2668,0,5298,819,0,89,11,0,87,13
762,SK,1991,35634.729,94135.27,0,6103.138,15548.865,0,27,73,0,28,72,0
763,MB,1991,100592.527,62394.887,6346.584,59145.136,25469.896,6035.969,59,37,4,65,28,7
763,SK,1991,48761.831,16791.169,0,6340.855,3742.144,0,74,26,0,63,37,0
764,MB,1991,420.882,78510.118,0,1118.785,21138.216,0,1,99,0,5,95,0
765,MB,1991,3858.333,369893.67,0,7033.61,63614.44,1059.9,1,99,0,10,89,1
766,MB,1991,1055.352,193585.651,0,730.16,40829.846,0,1,99,0,2,98,0
767,SK,1991,4111.186,459906.497,48808.318,337.25,28367.897,3476.859,1,90,10,1,88,11
768,SK,1991,0,45961.999,0,0,6421.001,0,0,100,0,0,100,0
769,AB,1991,0,126301.3,0,0,39480.4,0,0,100,0,0,100,0
770,SK,1991,73086.235,240270.559,9010.211,20398.574,30479.837,1326.585,23,75,3,39,58,3
771,AB,1991,17979.234,94252.691,265.2,4687.722,32295.464,72.4,16,84,0,13,87,0
771,SK,1991,0,54475.785,1786.215,589.603,6478.405,316.994,0,97,3,8,88,4
772,SK,1991,16949.478,30193.521,0,7947.578,1820.423,0,36,64,0,81,19,0
773,SK,1991,13351.81,284717.25,33047.94,1551.1,18437.876,3318.025,4,86,10,7,79,14
774,SK,1991,0,70901.001,0,0,3453.999,0,0,100,0,0,100,0
775,SK,1991,3489.644,77002.358,0,114.409,6202.59,0,4,96,0,2,98,0
776,SK,1991,46849.423,10104.578,0,18385.33,1924.668,0,82,18,0,91,9,0
777,AB,1991,16187.9,3835.65,0,6792,1429.5,0,81,19,0,83,17,0
778,SK,1991,23034.068,9703.931,0,2040.406,859.594,0,70,30,0,70,30,0
779,AB,1991,0,39366,0,0,8046.9,0,0,100,0,0,100,0
780,SK,1991,9411.764,56116.664,282647.574,651.55,1503.728,7679.722,3,16,81,7,15,78
781,AB,1991,14285.04,61576.238,157805.841,3039.12,8361.657,9908.383,6,26,68,14,39,46
782,SK,1991,20264.997,594959.006,0,3960.152,40305.852,0,3,97,0,9,91,0
783,SK,1991,0,306164.999,0,0,17704.001,0,0,100,0,0,100,0
784,SK,1991,13749.873,82314.939,2273.189,2723.858,9369.824,207.317,14,84,2,22,76,2
785,SK,1991,0,88087.586,6665.413,0,6037.564,156.436,0,93,7,0,97,3
786,AB,1991,0,110476.55,24.8,0,20782.05,10.5,0,100,0,0,100,0
787,AB,1991,0,51613.5,0,0,6921.5,0,0,100,0,0,100,0
788,AB,1991,0,54078.4,17697.6,0,9863,1092,0,75,25,0,90,10
789,SK,1991,18358.753,142686.681,2786.572,7999.111,8693.887,0,11,87,2,48,52,0
790,AB,1991,15497.3,46035.3,0,3558.8,5471.2,0,25,75,0,39,61,0
791,AB,1991,0,208563,0,0,15734,0,0,100,0,0,100,0
792,SK,1991,41786.919,64825.049,653917.037,10252.307,14567.305,9893.388,5,9,86,30,42,29
793,AB,1991,52789.04,375876.52,24937.929,10257.068,91541.806,4719.177,12,83,5,10,86,4
794,SK,1991,0,520716.998,0,0,26722.003,0,0,100,0,0,100,0
795,SK,1991,0,280324,0,1118.88,19350.121,0,0,100,0,5,95,0
796,SK,1991,17827.625,62706.374,0,4474.46,4844.523,0,22,78,0,48,52,0
797,AB,1991,2167.9,18367,70,562.1,5577.005,32,11,89,0,9,90,1
798,AB,1991,39255,369405.85,34195.35,14774.8,115693.19,12198.61,9,83,8,10,81,9
799,AB,1991,0,62938,0,0,66407,0,0,100,0,0,100,0
800,AB,1991,0,80980.1,79780.6,0,54600.32,38844.99,0,50,50,0,58,42
801,AB,1991,0,40971.35,3193.65,0,42538.35,3889.65,0,93,7,0,92,8
802,AB,1991,0,68945.7,0,735.09,42258.75,0,0,100,0,2,98,0
803,SK,1991,7544.718,112323.198,58205.087,1095.875,6176.889,2603.234,4,63,33,11,63,26
804,AB,1991,17735.14,46486.86,0,5675.28,10138.42,0,28,72,0,36,64,0
805,AB,1991,5100.343,7679.12,4352.537,739.891,852.123,482.986,30,45,25,36,41,23
805,SK,1991,5236.892,47308.486,26591.617,519.054,2945.442,1464.505,7,60,34,11,60,30
806,AB,1991,2565.9,86210.75,623.35,1202.4,46300.59,279.65,3,96,1,3,97,1
807,SK,1991,0,71229.323,9399.679,0,2994.714,322.288,0,88,12,0,90,10
808,SK,1991,3553.268,117134.569,452583.164,145.612,5534.56,17212.822,1,20,79,1,24,75
809,AB,1991,5938.455,119514.745,0,1035,18506.3,0,5,95,0,5,95,0
809,SK,1991,4428.239,112907.93,28252.828,409.527,6540.896,566.575,3,78,19,5,87,8
810,SK,1991,0,106556.001,0,0,6941.999,0,0,100,0,0,100,0
811,AB,1991,4612.2,4788.804,33628.295,673.2,644.503,4197.097,11,11,78,12,12,76
811,SK,1991,0,374.181,997.818,0,41.727,111.273,0,27,73,0,27,73
812,AB,1991,30011.949,20262.64,21581.15,25772.875,19540.095,15010.05,42,28,30,43,32,25
813,SK,1991,3684.889,91190.427,41751.69,602.044,10050.775,3691.18,3,67,31,4,70,26
814,AB,1991,1530.9,13872.13,0,625.95,5028.71,0,10,90,0,11,89,0
815,AB,1991,21387.3,18135.919,0,10114.8,7137.5,0,54,46,0,59,41,0
815,SK,1991,23318.049,8712.951,0,1017.163,795.241,0,73,27,0,56,44,0
816,SK,1991,57618.491,373362.883,28633.622,15404.664,32389.734,874.47,13,81,6,32,67,2
817,SK,1991,0,94322.075,3695.926,0,3571.295,174.705,0,96,4,0,95,5
818,AB,1991,0,31598.65,0,0,17256.9,0,0,100,0,0,100,0
819,SK,1991,23834.135,6804.866,0,2851.844,805.157,0,78,22,0,78,22,0
820,SK,1991,739.92,187440.908,749.169,0,22766.301,75.7,0,99,0,0,100,0
821,AB,1991,2021.661,92109.345,727.504,587.977,16021.549,414.468,2,97,1,3,94,2
821,SK,1991,893.832,176231.168,0,774.186,26572.81,0,1,99,0,3,97,0
822,SK,1991,6760.031,159156.062,1692.906,774.313,20817.814,512.037,4,95,1,4,94,2
823,AB,1991,24619.534,121578.467,0,6494.922,28998.58,0,17,83,0,18,82,0
824,SK,1991,26278.014,75097.674,1387.309,4768.264,14113.738,0,26,73,1,25,75,0
825,SK,1991,687.689,507872.311,0,674.946,38337.053,0,0,100,0,2,98,0
826,SK,1991,20548.56,689684.257,98859.623,4294.054,54023.919,1468.703,3,85,12,7,90,2
827,SK,1991,33311.515,14091.715,2093.77,16142.301,5904.08,966.619,67,28,4,70,26,4
828,AB,1991,19211.969,580992.178,0,2730.105,72580.897,0,3,97,0,4,96,0
829,AB,1991,20547.45,10185.55,0,7202.6,3423.8,0,67,33,0,68,32,0
830,SK,1991,18883.467,299742.807,41437.724,2128.503,22540.743,2188.791,5,83,12,8,84,8
831,SK,1991,6688.4,149252.811,1345.788,447.422,10302.579,0,4,95,1,4,96,0
832,SK,1991,17966.023,323362.918,1193.061,2933.957,48015.269,422.77,5,94,0,6,93,1
833,AB,1991,97.5,19417.2,29.25,29.5,4287,8.85,0,99,0,1,99,0
833,SK,1991,0,39469.333,26831.665,0,15931.353,9190.645,0,60,40,0,63,37
834,SK,1991,0,66297.98,165475.02,0,4597.796,15278.206,0,29,71,0,23,77
835,SK,1991,0,6336.871,15490.129,0,1549.161,3786.838,0,29,71,0,29,71
836,AB,1991,0,9331,0,0,1441,0,0,100,0,0,100,0
837,AB,1991,0,24103,0,0,6102,0,0,100,0,0,100,0
837,SK,1991,0,14718.957,3366.043,0,8862.431,1212.568,0,81,19,0,88,12
838,AB,1991,954.6,3974.401,0,690.6,1663.401,0,19,81,0,29,71,0
838,SK,1991,0,59441.243,2791.894,0,14625.612,1349.665,0,96,4,0,92,8
839,MB,1991,8891.663,78477.472,9589.864,2021.521,24579.784,3061.695,9,81,10,7,83,10
840,MB,1991,46697.641,11172.026,12721.333,24484.02,13699.212,6472.765,66,16,18,55,31,14
841,MB,1991,19620.775,22345.725,0,1709.136,49650.864,0,47,53,0,3,97,0
843,MB,1991,16177.256,10604.744,0,15623.265,6567.734,0,60,40,0,70,30,0
844,MB,1991,9772.236,38547.113,5741.653,9142.613,30857.428,4546.961,18,71,11,21,69,10
846,MB,1991,0,19166.001,0,0,36382.999,0,0,100,0,0,100,0
847,MB,1991,0,28817.95,20448.75,0,11974.75,4859.25,0,58,42,0,71,29
848,MB,1991,921.473,8614.277,0,640.211,6481.789,0,10,90,0,9,91,0
849,MB,1991,12191.167,42255.778,643899.056,3627.513,18147.048,86039.439,2,6,92,3,17,80
850,MB,1991,124553.859,30283.141,0,68475.906,8325.093,0,80,20,0,89,11,0
851,MB,1991,0,43747.024,34375.975,0,7043.069,6170.929,0,56,44,0,53,47
852,MB,1991,42537.417,97906.698,115828.885,8451.115,8035.511,9252.372,17,38,45,33,31,36
853,MB,1991,0,18458.483,33999.518,0,541.53,997.469,0,35,65,0,35,65
854,MB,1991,5854.625,73944.373,0,1874.5,20201.499,0,7,93,0,8,92,0
855,MB,1991,0,11294,0,0,4867,0,0,100,0,0,100,0
940,BC,1991,91,20,0,423,95,0,82,18,0,82,18,0
943,BC,1991,0,2,0,0,5,0,0,100,0,0,100,0
944,BC,1991,158.521,18.878,0.6,862.772,123.327,3.9,89,11,0,87,12,0
950,BC,1991,37.192,809.279,0,210.665,1619.336,0,4,96,0,12,88,0
955,BC,1991,50.158,14.943,189.8,266.928,93.571,387.5,20,6,74,36,13,52
956,BC,1991,520.279,415.924,379.306,4834.991,4505.214,1798.795,40,32,29,43,40,16
957,BC,1991,70.322,60.514,0,373.132,234.869,0,54,46,0,61,39,0
958,BC,1991,15.751,4.249,0,36.786,15.214,0,79,21,0,71,29,0
959,BC,1991,3133.93,17418.769,381.895,5813.604,31542.068,1032.573,15,83,2,15,82,3
960,BC,1991,14,0,0,47,0,0,100,0,0,100,0,0
962,BC,1991,0,19,0,0,90,0,0,100,0,0,100,0
969,BC,1991,0,71.49,0,0,223,0,0,100,0,0,100,0
971,BC,1991,66.5,4.5,0,395.2,26.799,0,94,6,0,94,6,0
972,BC,1991,2204.651,1163.885,2235.277,21041.112,10776.272,19046.612,39,21,40,41,21,37
974,BC,1991,201.944,75.417,66.64,2113.38,660.5,840.12,59,22,19,58,18,23
975,BC,1991,20,0,0,664,0,0,100,0,0,100,0,0
976,BC,1991,325.407,532.156,0,4234.172,7651.829,0,38,62,0,36,64,0
977,BC,1991,340.489,579.953,0,6279.55,7693.451,0,37,63,0,45,55,0
978,BC,1991,493.741,1228.57,0,5030.689,11793.31,0,29,71,0,30,70,0
979,BC,1991,2908.377,7879.621,0,19439.17,50882.827,0,27,73,0,28,72,0
980,BC,1991,24.75,6.6,1.65,192,51.2,12.8,75,20,5,75,20,5
981,BC,1991,0,37,15,1,419,167,0,71,29,0,71,28
982,BC,1991,1633.843,1594.639,1942.731,17817.973,18494.739,25189.292,32,31,38,29,30,41
987,BC,1991,7,7,0,105,121,0,50,50,0,46,54,0
988,BC,1991,273.395,159.605,0,1058.385,595.615,0,63,37,0,64,36,0
990,BC,1991,133.012,26.98,0,807.582,80.416,0,83,17,0,91,9,0
991,BC,1991,126.591,2634.529,454.83,384.745,6652.525,1908.73,4,82,14,4,74,21
992,BC,1991,2.4,6.6,0,38.133,104.867,0,27,73,0,27,73,0
995,BC,1991,18.189,79.813,0,129.831,558.171,0,19,81,0,19,81,0
1001,BC,1991,990.951,748.073,0,3721.769,2802.232,0,57,43,0,57,43,0
1002,BC,1991,161.4,23.6,0,952.1,137.9,0,87,13,0,87,13,0
1003,BC,1991,6,0,0,53,0,0,100,0,0,100,0,0
1004,BC,1991,450.432,1053.536,376.75,3103.781,6502.222,2610,24,56,20,25,53,21
1005,BC,1991,2066.058,2853.672,0,12307.929,18879.072,0,42,58,0,39,61,0
1006,BC,1991,2052.479,3282.751,0,20609.323,35286.672,0,38,62,0,37,63,0
1007,BC,1991,3594.181,3497.263,3538.682,4010.001,4365.145,4696.854,34,33,33,31,33,36
1008,BC,1991,1017.437,367.089,342.475,4709.067,2155.141,1443.789,59,21,20,57,26,17
1009,BC,1991,1192.756,201.885,0,2422.532,658.469,0,86,14,0,79,21,0
1010,BC,1991,1800.727,878.304,0,1232.556,762.445,0,67,33,0,62,38,0
1011,BC,1991,777.761,134.22,0,2687.368,518.631,0,85,15,0,84,16,0
1012,BC,1991,90.709,42.29,0,1071.072,184.929,0,68,32,0,85,15,0
1013,BC,1991,376.109,274.332,280.556,2090.11,1229.777,1202.111,40,29,30,46,27,27
1015,BC,1991,322.974,270.022,0,3239.073,2833.926,0,54,46,0,53,47,0
1016,AB,1991,1447,1631,0,3047.5,3983.5,0,47,53,0,43,57,0
1017,BC,1991,22.999,32,0,805.841,540.16,0,42,58,0,60,40,0
1018,AB,1991,327.55,13362.5,142.35,753.5,25542.4,435.5,2,97,1,3,96,2
9593,AB,1991,0,11800.8,47203.2,0,5793.6,23174.4,0,20,80,0,20,80
9607,AB,1991,0,0,589,0,0,200,0,0,100,0,0,100
9609,AB,1991,502.333,4354.797,2586.85,1394,8116.15,3838.85,7,59,35,10,61,29
9687,AB,1991,6389.15,137954.778,0,7168.888,98612.364,0,4,96,0,7,93,0
9787,AB,1991,0,84891.92,0,0,11460.92,0,0,100,0,0,100,0
244,AB,1992,0,0,1052,0,0,663,0,0,100,0,0,100
244,BC,1992,0,83,19,0,312.999,74,0,81,19,0,81,19
252,BC,1992,0,73,0,0,199,0,0,100,0,0,100,0
371,MB,1992,0,0,85,0,0,86,0,0,100,0,0,100
374,ON,1992,15,0,0,208,0,0,100,0,0,100,0,0
375,MB,1992,1742.781,15345.209,39645.43,2135.087,10434.216,19497.347,3,27,70,7,33,61
376,MB,1992,0,15,0,0,40,0,0,100,0,0,100,0
378,ON,1992,57,1075,0,460,6378,0,5,95,0,7,93,0
379,MB,1992,782.525,493.877,0,2174.171,1625.828,0,61,39,0,57,43,0
380,MB,1992,1931.989,123.284,2387.027,4085.65,1748.697,2583.652,43,3,54,49,21,31
381,ON,1992,0,4705,0,0,42083,0,0,100,0,0,100,0
383,ON,1992,209.571,2432.428,0,1843.857,12317.142,0,8,92,0,13,87,0
386,ON,1992,79,0,0,625,0,0,100,0,0,100,0,0
391,ON,1992,21,0,0,190,0,0,100,0,0,100,0,0
400,ON,1992,0,0,339,0,0,4083,0,0,100,0,0,100
401,ON,1992,107.547,537.826,999.627,1155.751,4324.753,15312.492,7,33,61,6,21,74
401,QC,1992,671.001,28,8947.231,7470,262,83868.13,7,0,93,8,0,92
402,ON,1992,0,117,0,0,967,0,0,100,0,0,100,0
407,ON,1992,202.3,0,106.701,1661.539,0,923.462,65,0,35,64,0,36
408,ON,1992,0,13683,0,0,42914,0,0,100,0,0,100,0
408,QC,1992,861.767,426.117,5596.856,4688.644,3047.001,29837.056,13,6,81,12,8,79
409,ON,1992,76,799.999,0,700,5381.001,0,9,91,0,12,88,0
410,ON,1992,52.4,174.6,0,384.2,1351.8,0,23,77,0,22,78,0
411,ON,1992,4469.06,2367.943,0,32163.872,9440.126,0,65,35,0,77,23,0
412,ON,1992,0,217.6,870.4,0,1981.4,7925.6,0,20,80,0,20,80
413,ON,1992,5128.185,978.212,253.034,59818.361,9003.796,1830.966,81,15,4,85,13,3
415,QC,1992,299.22,0,0,1691,0,0,100,0,0,100,0,0
418,QC,1992,7331.081,835.7,503.001,20869.001,2581,2608.999,85,10,6,80,10,10
419,QC,1992,164,0,0,556,0,0,100,0,0,100,0,0
421,QC,1992,797.66,0,0,3553,0,0,100,0,0,100,0,0
422,QC,1992,52,0,0,345,0,0,100,0,0,100,0,0
423,QC,1992,735.66,601,0,6021,4201,0,55,45,0,59,41,0
424,QC,1992,1269.001,678.001,1043,4774,4755.1,1027.9,42,23,35,45,45,10
425,QC,1992,6761.079,2170.1,5554.98,40951.101,24722.93,26995.77,47,15,38,44,27,29
426,QC,1992,2446,337,0,7719,744,0,88,12,0,91,9,0
431,QC,1992,5,0,0,48,0,0,100,0,0,100,0,0
438,QC,1992,303.42,0,0,854,0,0,100,0,0,100,0,0
439,QC,1992,154,0,0,414,0,0,100,0,0,100,0,0
440,QC,1992,215,0,0,708,0,0,100,0,0,100,0,0
441,QC,1992,14457.15,20336.416,2631.805,36461.12,57430.985,6852.886,39,54,7,36,57,7
455,NF,1992,10,0,0,342,0,0,100,0,0,100,0,0
458,NF,1992,45,127.37,0,114,1077,0,26,74,0,10,90,0
460,NF,1992,0,12.001,0,0,77.001,0,0,100,0,0,100,0
461,NF,1992,0,217.671,0,0,955,0,0,100,0,0,100,0
462,NF,1992,0,17.001,0,0,115,0,0,100,0,0,100,0
463,NF,1992,0,143.001,0,0,944.999,0,0,100,0,0,100,0
466,NF,1992,20,210.96,0,74,1192,0,9,91,0,6,94,0
468,NF,1992,0,51.8,0,0,186,0,0,100,0,0,100,0
471,NF,1992,106,189.04,0,149,551.999,0,36,64,0,21,79,0
475,NF,1992,0,246.681,0,0,2648.001,0,0,100,0,0,100,0
477,NF,1992,10.67,0,0,175,0,0,100,0,0,100,0,0
478,QC,1992,687,1077.4,0,3829,4147.6,0,39,61,0,48,52,0
479,QC,1992,3916.616,22042.827,3716.12,15144.476,90723.223,12088.3,13,74,13,13,77,10
481,QC,1992,0,3100,0,0,13029,0,0,100,0,0,100,0
482,QC,1992,8291.46,9081.74,0,87727,77762.701,0,48,52,0,53,47,0
483,QC,1992,6875.779,14406.424,354.801,50754.679,84841.925,1933.4,32,67,2,37,62,1
484,NB,1992,0,125,0,0,481,0,0,100,0,0,100,0
484,QC,1992,331,3002.97,0,1637,8598,0,10,90,0,16,84,0
485,NB,1992,406.448,425.553,0,1320.382,1179.619,0,49,51,0,53,47,0
486,NB,1992,633,5715,0,657.09,5241.91,0,10,90,0,11,89,0
487,NB,1992,279.262,520.739,0,1174.939,2871.062,0,35,65,0,29,71,0
487,QC,1992,19.915,1074.081,0,82.645,4586.358,0,2,98,0,2,98,0
488,NB,1992,17.334,191.666,0,84,919,0,8,92,0,8,92,0
489,NB,1992,146,533,0,415,1520,0,22,78,0,21,79,0
490,NB,1992,221,596,0,978.309,908.692,0,27,73,0,52,48,0
493,NB,1992,1562.881,14946.606,1003.516,1826.864,15246.17,709.968,9,85,6,10,86,4
494,NB,1992,0,11854.002,0,0,13337,0,0,100,0,0,100,0
495,NB,1992,137.25,368.75,0,1059.74,2268.26,0,27,73,0,32,68,0
496,NB,1992,2061.484,300.831,146.686,18532.008,3260.85,1559.143,82,12,6,79,14,7
497,NB,1992,74.5,769.5,0,1039.75,2667.249,0,9,91,0,28,72,0
498,NB,1992,242,0,0,1902,0,0,100,0,0,100,0,0
499,NB,1992,445.56,287.09,12.35,1510.64,2936.96,88.4,60,39,2,33,65,2
500,NB,1992,5050.518,136.783,187.7,11559.641,258.923,930,94,3,3,91,2,7
501,NB,1992,727.55,1865.45,0,1475.012,3341.988,0,28,72,0,31,69,0
502,NB,1992,260.38,548.618,0,1431.55,3055.448,0,32,68,0,32,68,0
503,NB,1992,1675.165,1704.834,18,8931.627,14214.373,134,49,50,1,38,61,1
504,NB,1992,1309,375,0,7398.999,471,0,78,22,0,94,6,0
504,NS,1992,4207.398,1448.104,0,22047.405,8538.598,0,74,26,0,72,28,0
505,NB,1992,169,776.001,0,1108,5156,0,18,82,0,18,82,0
506,NB,1992,15,411,0,792.96,1748.04,0,4,96,0,31,69,0
507,NB,1992,226,1211,0,1814.999,7115.499,0,16,84,0,20,80,0
507,NS,1992,3208.74,1572.685,0,9088.491,4807.633,0,67,33,0,65,35,0
508,NB,1992,418.999,0,0,914.002,0,0,100,0,0,100,0,0
509,NS,1992,247.999,1342.999,0,583.999,4035.001,0,16,84,0,13,87,0
510,NS,1992,56.733,44.916,0,252.917,208.084,0,56,44,0,55,45,0
511,NS,1992,0,57,0,0,165.999,0,0,100,0,0,100,0
512,NS,1992,0,1340.522,0,0,4759.002,0,0,100,0,0,100,0
513,NS,1992,120.621,347.959,0,468.934,1239.069,0,26,74,0,27,73,0
514,NS,1992,3.69,0,0,31,0,0,100,0,0,100,0,0
516,NS,1992,296.858,650.06,0,2167.955,2628.045,0,31,69,0,45,55,0
517,NS,1992,436.371,3031.461,0,3200.602,24047.4,0,13,87,0,12,88,0
518,NS,1992,9499.378,4486.319,0,14972.843,11268.704,0,68,32,0,57,43,0
519,NS,1992,0,221,0,0,829,0,0,100,0,0,100,0
520,NS,1992,11.833,396.167,0,80.167,2187.834,0,3,97,0,4,96,0
521,NS,1992,0,91,0,0,715,0,0,100,0,0,100,0
522,NS,1992,92.502,234.42,0,898.68,3527.319,0,28,72,0,20,80,0
523,NS,1992,207.221,548.307,0,763.301,4122.702,0,27,73,0,16,84,0
524,NS,1992,10,17,0,122,114,0,37,63,0,52,48,0
525,NS,1992,301.4,1109.252,0,2044.321,7790.682,0,21,79,0,21,79,0
527,NS,1992,62.448,664.551,0,247.317,2358.681,0,9,91,0,9,91,0
528,NS,1992,1613.71,1380.072,0,1593.44,1569.558,0,54,46,0,50,50,0
529,NS,1992,0,309,0,0,859.001,0,0,100,0,0,100,0
530,NS,1992,20,1187.001,0,113.333,1722.667,0,2,98,0,6,94,0
531,NS,1992,426.764,1083.518,0,927.345,4862.657,0,28,72,0,16,84,0
534,PE,1992,14377.249,4534.752,0,16303.175,4211.823,0,76,24,0,79,21,0
535,PE,1992,20407,0,0,13610,0,0,100,0,0,100,0,0
536,PE,1992,38508.125,2121.875,0,41970.333,2700.667,0,95,5,0,94,6,0
537,PE,1992,20562.446,492.556,0,24911.335,626.666,0,98,2,0,98,2,0
538,PE,1992,5481,0,0,4491,0,0,100,0,0,100,0,0
539,QC,1992,61,429.21,76.98,285.145,887.856,236,11,76,14,20,63,17
540,QC,1992,122369.522,69270.599,51742.109,267781.925,105015.641,94195.248,50,28,21,57,22,20
541,ON,1992,0,11293.3,1976.7,1519.526,6646.573,1659.9,0,85,15,15,68,17
541,QC,1992,115010.345,33819.833,226692.23,86607.591,24083.491,140568.916,31,9,60,34,10,56
542,ON,1992,0,542.518,9529.804,3551.559,2559.382,44141.057,0,5,95,7,5,88
543,ON,1992,3666,22366.123,8142.824,10981.463,37610.287,18748.002,11,65,24,16,56,28
543,QC,1992,0,214,694,0,873,3277.4,0,24,76,0,21,79
544,ON,1992,988.506,40454.462,10192.435,6770.227,46918.928,11454.647,2,78,20,10,72,18
545,ON,1992,1935.314,9704.175,7877.811,9278.714,13490.477,16709.813,10,50,40,24,34,42
546,ON,1992,0,22164.563,4674.396,0,47106.642,11012.361,0,83,17,0,81,19
546,QC,1992,0,248,0,0,432,0,0,100,0,0,100,0
547,ON,1992,3278.594,15673.184,11355.802,20418.677,35228.273,38912.339,11,52,37,22,37,41
548,QC,1992,209.96,0,0,525,0,0,100,0,0,100,0,0
549,ON,1992,0,341.103,3525.019,0,1677.87,18494.131,0,9,91,0,8,92
550,ON,1992,663.488,3285.451,1064.81,7740.225,39047.914,10396.444,13,66,21,14,68,18
551,ON,1992,20332.934,50630.92,32497.545,61484.331,66708.209,83647.458,20,49,31,29,31,39
552,ON,1992,21300.037,4039.781,0,80085.698,28004.413,27.714,84,16,0,74,26,0
553,ON,1992,53774.761,86601.605,15085.986,75030.53,96665.07,21849.329,35,56,10,39,50,11
554,ON,1992,13395.071,2692.11,0,45952.257,6674.744,0,83,17,0,87,13,0
555,ON,1992,7673.332,5031.029,13850.441,18478.844,24979.184,36128.6,29,19,52,23,31,45
556,ON,1992,15757.979,74226.634,1420.863,50560.208,124921.417,2739.375,17,81,2,28,70,2
557,ON,1992,9705.434,265399.406,0,4909.547,105802.454,0,4,96,0,4,96,0
558,ON,1992,13585.822,189666.465,894.913,18799.337,123604.958,285.707,7,93,0,13,87,0
559,ON,1992,0,310.4,0,0,0,0,0,100,0,,,
560,ON,1992,24549.539,57511.52,0,16952.361,32718.641,0,30,70,0,34,66,0
561,ON,1992,882.15,19188.759,2200.111,500.938,14035.91,1641.778,4,86,10,3,87,10
562,ON,1992,0,24531.222,12203.778,0,21730.332,11388.667,0,67,33,0,66,34
563,ON,1992,0,204,0,0,402,0,0,100,0,0,100,0
564,ON,1992,8972.621,61520.584,18169.318,17822.75,34941.481,17879.349,10,69,20,25,49,25
565,ON,1992,87706.426,201529.182,81779.388,19239.528,54577.528,19740.945,24,54,22,21,58,21
566,ON,1992,261.25,11423.702,7384.05,129.75,5389.849,4792.8,1,60,39,1,52,46
567,ON,1992,6762.222,154950.642,19311.137,2686.389,53085.181,6814.431,4,86,11,4,85,11
568,ON,1992,68609.022,7921.281,249.7,25075.525,2976.574,115.9,89,10,0,89,11,0
569,ON,1992,3071.003,20300.273,63532.717,1703.56,16414.057,67240.381,4,23,73,2,19,79
570,ON,1992,10870.747,221049.206,53474.447,1359.206,33105.187,8142.606,4,77,19,3,78,19
571,ON,1992,8606.666,1836.999,2449.334,3052.778,497.667,663.555,67,14,19,72,12,16
572,ON,1992,3413.85,16277.26,3434.752,576.859,2425.79,832.35,15,70,15,15,63,22
581,BC,1992,114,3586.08,0,154,5119,0,3,97,0,3,97,0
583,AB,1992,0,59.052,83.947,0,76.578,109.421,0,41,59,0,41,59
583,BC,1992,0,4317.766,1257.573,0,6882.556,1624.445,0,77,23,0,81,19
584,AB,1992,0,0,1162,0,0,1511,0,0,100,0,0,100
585,BC,1992,880.111,29343.844,0.625,1964,56405.19,1.812,3,97,0,3,97,0
586,AB,1992,8465.895,70105.486,30551.518,4081,18716.244,12525.759,8,64,28,12,53,35
587,AB,1992,22818.979,1419.9,0,6291.941,432.15,0,94,6,0,94,6,0
588,AB,1992,5029.93,11808.565,99365.595,2487.052,4965.966,35372.782,4,10,86,6,12,83
589,AB,1992,636.005,2067.016,0,349.176,1134.823,0,24,76,0,24,76,0
590,AB,1992,0,23037.722,44944.657,0,12276.111,39524.891,0,34,66,0,24,76
591,AB,1992,289.7,2548.835,123472.334,255.5,1242.5,82705.5,0,2,98,0,1,98
591,BC,1992,17197.09,84713.068,19625.135,31632.335,131411.098,24102.266,14,70,16,17,70,13
592,AB,1992,753.123,16417.224,98959.111,1237.412,24254.644,76706.946,1,14,85,1,24,75
593,AB,1992,0,6558.324,87173.675,0,3237.765,38997.235,0,7,93,0,8,92
594,AB,1992,0,0,57803.997,0,0,36461,0,0,100,0,0,100
595,AB,1992,0,3540.47,81910.53,0,1255.294,25386.706,0,4,96,0,5,95
596,AB,1992,7535.331,41041.286,48611.073,4349.251,21034.624,24046.367,8,42,50,9,43,49
597,AB,1992,1404,18656.2,25906,1523,17410.2,23731,3,41,56,4,41,56
598,AB,1992,0,1602.3,90195.703,0,1001,51834.002,0,2,98,0,2,98
599,AB,1992,0,5887,66999.999,0,4569,35238,0,8,92,0,11,89
600,AB,1992,2060.127,234.764,2172.666,2568.074,406.059,2630.667,46,5,49,46,7,47
609,AB,1992,0,0,271,0,0,457,0,0,100,0,0,100
610,AB,1992,1032.866,10234.114,25271.651,601.679,15930.788,45597.53,3,28,69,1,26,73
610,BC,1992,0,0,0,0,0.999,0,,,,0,100,0
611,AB,1992,151.25,816.15,2789.6,190.25,1190.4,4373.35,4,22,74,3,21,76
612,AB,1992,0,5792.815,1315.845,0,10315.308,2958.693,0,81,19,0,78,22
615,AB,1992,2972.673,11142.128,0,6477.575,20793.026,0,21,79,0,24,76,0
616,AB,1992,9614.796,2884.965,0,12403.142,5459.857,0,77,23,0,69,31,0
617,AB,1992,1111.428,3274.572,1119,2805.714,7272.786,2102.5,20,59,20,23,60,17
618,AB,1992,786.397,8837.432,596.56,1601.975,6420.351,1145.25,8,86,6,17,70,12
618,BC,1992,424.061,4418.668,874.532,1198.498,15349.208,4645.295,7,77,15,6,72,22
619,AB,1992,0,453,0,0,806,0,0,100,0,0,100,0
622,AB,1992,1876.156,6326.805,0,6520.285,22562.714,0,23,77,0,22,78,0
623,AB,1992,2288.649,11977.696,2813.397,10743.781,52124.293,13463.926,13,70,16,14,68,18
625,AB,1992,15.333,30.667,0,84.333,168.667,0,33,67,0,33,67,0
626,AB,1992,0,918,0,0,4260.001,0,0,100,0,0,100,0
629,AB,1992,198.5,1856.206,350.632,775.1,10416.206,2640.444,8,77,15,6,75,19
630,AB,1992,66.375,2099.406,39.556,249.75,22089.474,177.777,3,95,2,1,98,1
631,AB,1992,0,1018.8,101.2,0,5578.8,566.2,0,91,9,0,91,9
647,SK,1992,2161.918,445.082,0,1170.958,241.042,0,83,17,0,83,17,0
650,AB,1992,130.107,2182.935,345.707,932.5,10098.29,1136.211,5,82,13,8,83,9
652,SK,1992,60.926,472.074,0,63.486,491.515,0,11,89,0,11,89,0
657,SK,1992,423.819,4617.68,0,454.564,5525.435,0,8,92,0,8,92,0
658,SK,1992,1790.108,909.842,0,351.376,178.624,0,66,34,0,66,34,0
660,SK,1992,1256.451,16822.3,0,764.083,10416.918,0,7,93,0,7,93,0
661,SK,1992,63.65,4791.349,0,52.468,4510.531,0,1,99,0,1,99,0
662,SK,1992,77.4,309.6,0,15.2,60.8,0,20,80,0,20,80,0
667,MB,1992,0,249,0,0,329,0,0,100,0,0,100,0
669,MB,1992,0,17049.85,0,0,12921,0,0,100,0,0,100,0
669,SK,1992,0,0,965,0,0,302,0,0,100,0,0,100
672,SK,1992,7753.704,5940.873,431.975,3501.746,2106.479,147.775,55,42,3,61,37,3
677,MB,1992,0,0,4059,0,0,5167,0,0,100,0,0,100
678,AB,1992,4440.972,97113.082,5290.097,7787.968,153292.018,6312.529,4,91,5,5,92,4
679,AB,1992,0,10927.77,0,0,32990,0,0,100,0,0,100,0
680,AB,1992,4103.16,77970.663,0,7287.68,100508,0,5,95,0,7,93,0
680,SK,1992,2114.962,30685.99,0,3937.535,30289.464,0,6,94,0,12,88,0
681,AB,1992,2942.67,74558.871,18914.41,2381.177,57764.776,15045.44,3,77,20,3,77,20
682,SK,1992,6795.389,9228.515,5040.945,5321.327,9047.194,422.481,32,44,24,36,61,3
683,AB,1992,45034.77,21448,0,36173,7588,0,68,32,0,83,17,0
684,AB,1992,358.618,58927.239,22182.66,1250.679,173113.249,63285.572,0,72,27,1,73,27
685,SK,1992,1296.58,34110.971,18075,846.312,26805.086,7107.603,2,64,34,2,77,20
686,AB,1992,0,11108.392,0,0,21190,0,0,100,0,0,100,0
686,SK,1992,117.146,4170.856,0,90.25,3212.75,0,3,97,0,3,97,0
687,AB,1992,3077.945,10220.956,0,4431.523,13759.983,0,23,77,0,24,76,0
687,SK,1992,13033.793,120865.206,0,6450.767,53177.234,0,10,90,0,11,89,0
688,AB,1992,0,68615.199,0,0,52181.199,0,0,100,0,0,100,0
689,SK,1992,3653.192,50228.31,0,3483.071,17684.931,0,7,93,0,16,84,0
690,SK,1992,4134.424,50210.972,0,3027.148,28414.857,0,8,92,0,10,90,0
691,SK,1992,17699.521,1711.78,0,6424.099,102.9,0,91,9,0,98,2,0
692,AB,1992,47.156,24619.407,8630.391,172.973,84285.896,40666.355,0,74,26,0,67,33
693,SK,1992,15655.548,120501.453,0,7534.931,19717.073,0,11,89,0,28,72,0
694,SK,1992,41419.222,39723.718,19892.052,11548.639,11957.474,5341.887,41,39,20,40,41,19
695,SK,1992,37433.382,19079.618,0,13264.233,10622.768,0,66,34,0,56,44,0
696,SK,1992,74669.557,102537.388,0,27761.704,26276.288,0,42,58,0,51,49,0
697,SK,1992,0,8195.298,44106.7,0,2481.337,13396.661,0,16,84,0,16,84
698,SK,1992,31875.226,22179.271,0,7841.958,7737.038,0,59,41,0,50,50,0
699,SK,1992,0,42081.998,0,0,18256.999,0,0,100,0,0,100,0
700,SK,1992,0,10527.066,32174.984,0,6831.61,9734.393,0,25,75,0,41,59
701,SK,1992,63909.292,15025.112,0,26803.964,2904.033,0,81,19,0,90,10,0
702,SK,1992,9474.648,196663.069,18675.285,2392.947,24729.45,268.608,4,87,8,9,90,1
703,AB,1992,0,50488.671,780.709,0,127503.098,2085.9,0,98,2,0,98,2
704,SK,1992,1129.298,65760.275,23527.724,668.941,20306.662,6440.392,1,73,26,2,74,23
705,SK,1992,0,62437.685,214742.319,0,26703.863,17829.133,0,23,77,0,60,40
706,SK,1992,3830.452,116627.552,0,337.795,18933.204,0,3,97,0,2,98,0
707,SK,1992,18302.148,179890.706,1788.245,14220.048,42075.275,697.68,9,90,1,25,74,1
708,AB,1992,1780.2,59086.543,0,4470.3,129340.299,0,3,97,0,3,97,0
709,MB,1992,4536.619,153377.784,14321.447,3796.615,69739.733,3713.656,3,89,8,5,90,5
709,SK,1992,31258.26,194607.33,12603.406,10034.863,45584.47,2400.669,13,82,5,17,79,4
710,SK,1992,1643.277,19600.025,0,1052.194,16726.807,0,8,92,0,6,94,0
711,SK,1992,302.176,25058.774,0,1091.144,17172.857,0,1,99,0,6,94,0
714,MB,1992,0,1680,0,0,1617,0,0,100,0,0,100,0
714,SK,1992,0,61733.516,5237.935,0,31321.245,2944.757,0,92,8,0,91,9
715,MB,1992,832.407,17088.628,11941.065,1258.543,10705.513,9351.944,3,57,40,6,50,44
715,SK,1992,0,10409.941,2972.058,0,3668.896,845.105,0,78,22,0,81,19
716,MB,1992,4620.649,39298.05,19244.05,3395,24901,14645,7,62,30,8,58,34
717,MB,1992,47070.702,45218.572,13572.221,23989.037,25985.975,3395.987,44,43,13,45,49,6
718,MB,1992,0,3675.7,0,0,8560,0,0,100,0,0,100,0
720,MB,1992,0,0,2153.6,0,0,5550,0,0,100,0,0,100
723,MB,1992,91,33010.25,3484.7,291,99879.001,3991,0,90,10,0,96,4
724,MB,1992,2982.817,26815.531,128621.299,7233.624,23344.657,81115.719,2,17,81,6,21,73
726,MB,1992,50808.109,0,1556.841,70042.451,0,979.548,97,0,3,99,0,1
727,AB,1992,24699.287,170168.639,131367.785,22373.058,118052.164,66111.152,8,52,40,11,57,32
728,AB,1992,4095.555,194672.016,3612.53,2034.722,48328.857,641.921,2,96,2,4,95,1
729,AB,1992,39763.222,118819.071,0,18721.805,35302.442,0,25,75,0,35,65,0
729,SK,1992,27949.562,454025.439,0,6057.598,90936.406,0,6,94,0,6,94,0
730,AB,1992,49870.846,446218.496,12971.944,24712.917,169014.66,4972.778,10,88,3,12,85,3
731,AB,1992,23101.117,449230.491,0,14496.582,163557.829,0,5,95,0,8,92,0
732,AB,1992,0,12580.2,0,0,23112.9,0,0,100,0,0,100,0
733,SK,1992,33593.672,174911.767,10506.557,3126.294,48821.261,890.443,15,80,5,6,92,2
734,SK,1992,44413.78,14678.219,0,13329.931,1846.071,0,75,25,0,88,12,0
735,SK,1992,5574.967,179967.038,0,4893.952,24869.043,0,3,97,0,16,84,0
736,SK,1992,42746.566,239730.213,8286.221,8166.509,36376.843,684.648,15,82,3,18,80,2
737,AB,1992,20212.6,106381.549,14700,15846.7,85615.35,10067.25,14,75,10,14,77,9
738,AB,1992,9617.41,135054.64,0,4964.85,23775.58,0,7,93,0,17,83,0
739,AB,1992,113254.525,9089.1,0,83041.453,9247.5,0,93,7,0,90,10,0
739,SK,1992,53939.281,5019.717,0,16325.893,1475.106,0,91,9,0,92,8,0
740,AB,1992,14119.1,147990.8,0,13813.3,82967.7,0,9,91,0,14,86,0
741,SK,1992,4554.454,164607.825,1494.721,208.584,10125.624,18.791,3,96,1,2,98,0
742,SK,1992,33949.198,11886.802,0,10015.065,368.935,0,74,26,0,96,4,0
743,AB,1992,2385,88681.747,0,461.7,34445.369,0,3,97,0,1,99,0
743,SK,1992,5069.336,8408.927,3124.74,722.862,2143.291,744.593,31,51,19,20,59,21
744,AB,1992,0,188627.98,15405.12,0,80509.33,2613.12,0,92,8,0,97,3
745,SK,1992,31361.487,789179.971,3533.541,5473.892,71610.126,370.982,4,96,0,7,92,0
746,AB,1992,0,160062.65,0,0,82685.15,0,0,100,0,0,100,0
747,SK,1992,32884.374,46179.625,0,14397.541,5975.459,0,42,58,0,71,29,0
748,SK,1992,7049.56,731237.22,881.223,1662.723,89435.844,103.434,1,99,0,2,98,0
749,SK,1992,19441.909,402167.096,0,2099.341,61192.658,0,5,95,0,3,97,0
750,AB,1992,0,67014.83,15277.17,0,106234,27274.8,0,81,19,0,80,20
751,MB,1992,13729.755,41700.597,0,10908.052,16659.889,80.806,25,75,0,39,60,0
751,SK,1992,16845.812,16136.032,0,6636.073,5885.929,0,51,49,0,53,47,0
752,MB,1992,0,125476.765,1701.236,0,36355.457,537.542,0,99,1,0,99,1
752,SK,1992,17255.727,498902.276,0,3648.379,72363.62,0,3,97,0,5,95,0
753,MB,1992,3700.053,480705.647,6791.302,1970.248,125571.06,2478.695,1,98,1,2,97,2
754,SK,1992,4163.015,182878.613,64812.373,1911.771,15048.273,5187.958,2,73,26,9,68,23
755,SK,1992,2787.998,214035.003,0,199.579,22730.421,0,1,99,0,1,99,0
756,SK,1992,7169.684,401309.316,0,536.657,54654.342,0,2,98,0,1,99,0
757,MB,1992,65552.016,26402.986,1572.65,40617.703,7655.296,0,70,28,2,84,16,0
758,MB,1992,46682.022,127171.599,10222.778,21898.578,34561.792,7974.713,25,69,6,34,54,12
759,MB,1992,4841.977,34334.023,0,7097.078,13943.922,0,12,88,0,34,66,0
760,MB,1992,0,93940.001,0,3038.818,15302.182,0,0,100,0,17,83,0
760,SK,1992,6590.221,422164.776,0,6252.962,67985.035,0,2,98,0,8,92,0
761,SK,1992,0,21195.001,2645,0,5722,839,0,89,11,0,87,13
762,SK,1992,35240.063,93265.937,0,6447.576,16307.967,0,27,73,0,28,72,0
763,MB,1992,99873.482,62031.831,6182.687,59910.906,25888.681,6227.414,59,37,4,65,28,7
763,SK,1992,48531.037,16654.964,0,6508.762,3841.237,0,74,26,0,63,37,0
764,MB,1992,313.976,77909.025,0,1225.691,21804.308,0,0,100,0,5,95,0
765,MB,1992,3876.896,368401.105,0,7038.901,65288.489,1060.757,1,99,0,10,89,1
766,MB,1992,1067.189,193199.808,0,715.501,41209.501,0,1,99,0,2,98,0
767,SK,1992,4102.395,459477.055,48809.552,353.361,29066.658,3462.985,1,90,10,1,88,11
768,SK,1992,0,45849.995,0,0,6436.001,0,0,100,0,0,100,0
769,AB,1992,0,123263.45,0,0,42385.35,0,0,100,0,0,100,0
770,SK,1992,73561.392,240388.709,9015.907,19993.815,30402.564,1319.614,23,74,3,39,59,3
771,AB,1992,17477.75,93672.584,265.6,5195.5,32744.84,71.4,16,84,0,14,86,0
771,SK,1992,0,53985.082,1771.917,582.624,6897.933,328.443,0,97,3,7,88,4
772,SK,1992,16802.254,30212.744,0,8135.565,1802.435,0,36,64,0,82,18,0
773,SK,1992,13250.166,284036.175,33034.656,1645.214,19372.587,3324.201,4,86,10,7,80,14
774,SK,1992,0,70612.002,0,0,3815.002,0,0,100,0,0,100,0
775,SK,1992,3486.313,76702.686,0,119.64,6531.359,0,4,96,0,2,98,0
776,SK,1992,46553.465,10015.534,0,18818.248,2018.751,0,82,18,0,90,10,0
777,AB,1992,15785.05,3711.75,0,7201.3,1554,0,81,19,0,82,18,0
778,SK,1992,22906.718,9650.282,0,2180.42,918.58,0,70,30,0,70,30,0
779,AB,1992,0,38579.4,0,0,8796.6,0,0,100,0,0,100,0
780,SK,1992,9379.86,56020.099,282232.038,681.118,1588.487,8017.396,3,16,81,7,15,78
781,AB,1992,14129.92,61359.545,157496.694,3197.04,8512.058,10099.021,6,26,68,15,39,46
782,SK,1992,20047.793,593717.215,0,4170.666,41410.333,0,3,97,0,9,91,0
783,SK,1992,0,305020,0,0,18755.001,0,0,100,0,0,100,0
784,SK,1992,13689.032,82097.747,2275.223,2788.129,9582.586,205.283,14,84,2,22,76,2
785,SK,1992,0,87850.542,6651.459,0,6289.854,170.145,0,93,7,0,97,3
786,AB,1992,0,109514.95,23.7,0,21704.65,11.6,0,100,0,0,100,0
787,AB,1992,0,51847,0,0,6677.1,0,0,100,0,0,100,0
788,AB,1992,0,53805.8,17659.2,0,10021.8,1108.2,0,75,25,0,90,10
789,SK,1992,18088.805,142226.629,2786.572,8260.085,9132.916,0,11,87,2,47,53,0
790,AB,1992,15426.6,45853.299,0,3579.1,5602.4,0,25,75,0,39,61,0
791,AB,1992,0,207431,0,0,16746,0,0,100,0,0,100,0
792,SK,1992,41470.383,64725.876,653114.743,10502.144,14460.622,10654.236,5,9,86,29,41,30
793,AB,1992,52557.494,375347.158,24845.212,10563.87,91950.596,4726.435,12,83,5,10,86,4
794,SK,1992,0,519021.001,0,0,28284.998,0,0,100,0,0,100,0
795,SK,1992,0,279427.999,0,1115.28,20402.719,0,0,100,0,5,95,0
796,SK,1992,17677.583,62326.412,0,4640.047,5208.935,0,22,78,0,47,53,0
797,AB,1992,2131.5,18047,70,604.8,5923.005,32,11,89,0,9,90,0
798,AB,1992,38866.9,366348.6,33935.6,14756.8,116582.49,12252.51,9,83,8,10,81,9
799,AB,1992,0,63382,0,0,65857,0,0,100,0,0,100,0
800,AB,1992,0,81848.9,80139.45,0,53609.62,38394.19,0,51,49,0,58,42
801,AB,1992,0,40495.9,3170.1,0,42892.55,3900.45,0,93,7,0,92,8
802,AB,1992,0,69549.55,0,732.24,41637.6,0,0,100,0,2,98,0
803,SK,1992,7523.932,112087.414,58054.653,1116.012,6347.905,2710.083,4,63,33,11,62,27
804,AB,1992,17011.24,45769.56,0,6409.19,10836.66,0,27,73,0,37,63,0
805,AB,1992,5076.055,7639.093,4329.852,738.906,885.303,501.792,30,45,25,35,42,24
805,SK,1992,5233.155,46994.127,26467.72,518.48,3234.784,1580.739,7,60,34,10,61,30
806,AB,1992,2528.9,84018.82,619.15,1233.3,48431.47,282.45,3,96,1,2,97,1
807,SK,1992,0,71038.424,9385.575,0,3184.848,336.153,0,88,12,0,90,10
808,SK,1992,3548.529,117028.531,452513.938,149.919,5627.438,17227.647,1,20,79,1,24,75
809,AB,1992,5812.455,118598.445,0,1159.2,19420.85,0,5,95,0,6,94,0
809,SK,1992,4401.868,112467.666,28206.463,436.086,6950.539,607.376,3,78,19,5,87,8
810,SK,1992,0,106317.001,0,0,7161.999,0,0,100,0,0,100,0
811,AB,1992,4624.2,4824.521,34089.579,660,609.186,3745.815,11,11,78,13,12,75
811,SK,1992,0,377.727,1007.273,0,37.908,101.091,0,27,73,0,27,73
812,AB,1992,29865.075,20557.045,21318.75,26163.851,19134.83,15202.45,42,29,30,43,32,25
813,SK,1992,3655.489,90921.869,41645.644,630.657,10309.193,3792.149,3,67,31,4,70,26
814,AB,1992,1499.85,13610.58,0,657,5285.94,0,10,90,0,11,89,0
815,AB,1992,21863.199,17974.571,0,9628.8,7224.529,0,55,45,0,57,43,0
815,SK,1992,23378.907,8759.094,0,999.607,764.794,0,73,27,0,57,43,0
816,SK,1992,56968.25,371259.871,28560.883,16105.252,34362.42,946.196,12,81,6,31,67,2
817,SK,1992,0,94247.537,3699.463,0,3640.904,171.095,0,96,4,0,96,4
818,AB,1992,0,31267.2,0,0,17571.4,0,0,100,0,0,100,0
819,SK,1992,23918.738,6827.263,0,2772.869,784.13,0,78,22,0,78,22,0
820,SK,1992,739.92,187123.911,749.169,0,23052.3,74.7,0,99,0,0,100,0
821,AB,1992,2010.252,91797.939,717.71,597.985,16338.939,423.212,2,97,1,3,94,2
821,SK,1992,872.774,176291.225,0,798.275,26551.725,0,0,100,0,3,97,0
822,SK,1992,6735.032,159104.005,1678.956,827.315,20912.013,525.988,4,95,1,4,94,2
823,AB,1992,24650.567,121699.433,0,6451.6,28822.4,0,17,83,0,18,82,0
824,SK,1992,25936.521,74506.17,1387.309,5107.564,14665.437,0,25,73,1,26,74,0
825,SK,1992,692.707,504090.293,0,669.09,42083.907,0,0,100,0,2,98,0
826,SK,1992,20272.298,684912.652,98672.498,4572.826,58817.47,1657.377,3,85,12,7,90,3
827,SK,1992,32803.21,13925.019,2128.772,16687.059,6079.868,931.072,67,29,4,70,26,4
828,AB,1992,19246.017,580767.883,0,2702.194,72605.609,0,3,97,0,4,96,0
829,AB,1992,20787.5,10308.5,0,6919.6,3285.8,0,67,33,0,68,32,0
830,SK,1992,18797.785,298341.433,41365.776,2213.073,23953.551,2262.404,5,83,12,8,84,8
831,SK,1992,6670.032,148792.177,1345.788,465.038,10745.966,0,4,95,1,4,96,0
832,SK,1992,17826.395,320874.752,1170.854,3075.382,50536.563,445.052,5,94,0,6,93,1
833,AB,1992,100,19366.8,30,30,4347.4,9,1,99,0,1,99,0
833,SK,1992,0,39433.932,26682.068,0,16013.855,9347.143,0,60,40,0,63,37
834,SK,1992,0,66041.174,164673.826,0,4874.968,16132.034,0,29,71,0,23,77
835,SK,1992,0,6331.936,15478.065,0,1557.581,3807.42,0,29,71,0,29,71
836,AB,1992,0,9369,0,0,1405,0,0,100,0,0,100,0
837,AB,1992,0,23826,0,0,6379,0,0,100,0,0,100,0
837,SK,1992,0,14685.759,3372.24,0,8884.416,1205.583,0,81,19,0,88,12
838,AB,1992,933.4,3910.602,0,710.9,1727.1,0,19,81,0,29,71,0
838,SK,1992,0,59425.083,2780.544,0,14635.768,1360.993,0,96,4,0,91,9
839,MB,1992,8825.901,78112.922,9547.176,2087.283,24924.879,3101.837,9,81,10,7,83,10
840,MB,1992,46394.056,11313.256,13094.688,24792.437,13579.716,6093.848,66,16,18,56,31,14
841,MB,1992,19541.111,20174.391,0,1810.645,52439.354,0,49,51,0,3,97,0
843,MB,1992,16228.811,9778.189,0,15605.769,7438.23,0,62,38,0,68,32,0
844,MB,1992,9989.568,38798.384,5836.048,8926.372,30619.559,4452.071,18,71,11,20,70,10
846,MB,1992,0,17412.001,0,0,38337.001,0,0,100,0,0,100,0
847,MB,1992,0,28715.351,20418.35,0,12130.001,4902,0,58,42,0,71,29
848,MB,1992,919.368,8553.382,0,642.105,6557.895,0,10,90,0,9,91,0
849,MB,1992,12045.666,42308.278,647318.052,3756.321,17984.907,81389.773,2,6,92,4,17,79
850,MB,1992,123740.583,30025.419,0,69403.504,8600.498,0,80,20,0,89,11,0
851,MB,1992,0,43464.251,34203.751,0,7320.229,6302.769,0,56,44,0,54,46
852,MB,1992,42457.67,97775.385,115650.946,8430.82,8068.325,9308.854,17,38,45,33,31,36
853,MB,1992,0,18380.72,33856.281,0,609.442,1122.558,0,35,65,0,35,65
854,MB,1992,5850.75,73954.25,0,1875,20149.998,0,7,93,0,9,91,0
855,MB,1992,0,11159,0,0,5024,0,0,100,0,0,100,0
940,BC,1992,90,20,0,408,91,0,82,18,0,82,18,0
943,BC,1992,0,2,0,0,4,0,0,100,0,0,100,0
944,BC,1992,137.282,19.115,0.6,873.788,122.61,3.6,87,12,0,87,12,0
950,BC,1992,37.94,520.529,0,209.162,1901.836,0,7,93,0,10,90,0
955,BC,1992,44.258,15.543,99.1,271.428,93.571,473,28,10,62,32,11,56
956,BC,1992,596.559,533.079,407.877,4744.995,4366.092,1738.915,39,35,27,44,40,16
957,BC,1992,96.207,72.631,0,359.723,230.28,0,57,43,0,61,39,0
958,BC,1992,13.75,5.25,0,37.965,15.034,0,72,28,0,72,28,0
959,BC,1992,3231.616,17496.001,404.138,5659.184,31254.547,989.795,15,83,2,15,82,3
960,BC,1992,15,0,0,46,0,0,100,0,0,100,0,0
962,BC,1992,0,20,0,0,90,0,0,100,0,0,100,0
969,BC,1992,0,46.49,0,0,246,0,0,100,0,0,100,0
971,BC,1992,73.15,4.85,0,395.2,26.799,0,94,6,0,94,6,0
972,BC,1992,2313.525,1241.94,2363.353,21092.097,10761.816,18988.087,39,21,40,41,21,37
974,BC,1992,203.75,77.65,71.6,2108.46,656.5,840.04,58,22,20,58,18,23
975,BC,1992,22,0,0,667,0,0,100,0,0,100,0,0
976,BC,1992,297.898,486.665,0,4259.333,7708.664,0,38,62,0,36,64,0
977,BC,1992,382.174,589.266,0,6264.623,7691.38,0,39,61,0,45,55,0
978,BC,1992,559.883,1201.434,0,5028.453,11890.548,0,32,68,0,30,70,0
979,BC,1992,2737.215,7922.781,0,19623.403,50873.596,0,26,74,0,28,72,0
980,BC,1992,25.5,6.8,1.7,190.5,50.8,12.7,75,20,5,75,20,5
981,BC,1992,0,45,17,1,413,164,0,73,27,0,71,28
982,BC,1992,1866.231,1759.074,2183.901,17585.961,18299.274,24919.762,32,30,38,29,30,41
987,BC,1992,5,7,0,105,121,0,42,58,0,46,54,0
988,BC,1992,210.77,118.23,0,1132.56,644.44,0,64,36,0,64,36,0
990,BC,1992,156.535,28.461,0,779.558,79.441,0,85,15,0,91,9,0
991,BC,1992,135.571,2774.112,474.267,370.173,6487.079,1859.749,4,82,14,4,74,21
992,BC,1992,5.067,13.933,0,34.933,96.066,0,27,73,0,27,73,0
995,BC,1992,21.446,94.555,0,127.555,547.448,0,18,82,0,19,81,0
1001,BC,1992,1019.181,758.85,0,3749.578,2824.426,0,57,43,0,57,43,0
1002,BC,1992,208,32,0,912.3,135.7,0,87,13,0,87,13,0
1003,BC,1992,8,0,0,53,0,0,100,0,0,100,0,0
1004,BC,1992,446.488,1096.286,358.95,3166.605,6504.646,2643.75,23,58,19,26,53,21
1005,BC,1992,2187.305,2968.425,0,12221.142,18833.858,0,42,58,0,39,61,0
1006,BC,1992,2315.265,3479.97,0,20771.616,35177.384,0,40,60,0,37,63,0
1007,BC,1992,3441.999,3317.831,3420.295,4197.29,4538.689,4805.021,34,33,34,31,34,35
1008,BC,1992,1100.581,405.586,350.828,4723.146,2161.915,1430.937,59,22,19,57,26,17
1009,BC,1992,1153.824,195.818,0,2498.086,679.913,0,85,15,0,79,21,0
1010,BC,1992,1749.504,812.524,0,1302.762,833.237,0,68,32,0,61,39,0
1011,BC,1992,769.752,133.226,0,2723.882,532.118,0,85,15,0,84,16,0
1012,BC,1992,81.523,32.476,0,1094.457,195.544,0,72,28,0,85,15,0
1013,BC,1992,367.835,260.443,264.723,2089.943,1237.333,1209.723,41,29,30,46,27,27
1015,BC,1992,718.231,620.77,0,2958.846,2596.154,0,54,46,0,53,47,0
1016,AB,1992,1335.5,1503.5,0,3138,4089,0,47,53,0,43,57,0
1017,BC,1992,23.559,29.44,0,794.84,540.16,0,44,56,0,60,40,0
1018,AB,1992,351.95,12744.8,147.25,714.55,26041.55,429.2,3,96,1,3,96,2
9593,AB,1992,0,11720,46880,0,5856.2,23424.8,0,20,80,0,20,80
9607,AB,1992,0,0,588,0,0,209,0,0,100,0,0,100
9609,AB,1992,525.283,4457.597,2588.1,1371.9,7996.05,3839.05,7,59,34,10,61,29
9687,AB,1992,6441.928,136072.302,0,7076.112,100347.838,0,5,95,0,7,93,0
9787,AB,1992,0,84746.57,0,0,11578.42,0,0,100,0,0,100,0
244,AB,1993,0,0,1116,0,0,703,0,0,100,0,0,100
244,BC,1993,0,73.001,17,0,315,74,0,81,19,0,81,19
252,BC,1993,0,66,0,0,199,0,0,100,0,0,100,0
371,MB,1993,0,0,89,0,0,86,0,0,100,0,0,100
374,ON,1993,13,0,0,209,0,0,100,0,0,100,0,0
375,MB,1993,1777.92,15720.693,40422.807,2137.135,10097.212,18741.303,3,27,70,7,33,61
376,MB,1993,0,17,0,0,38,0,0,100,0,0,100,0
378,ON,1993,58,1148,0,460,6311,0,5,95,0,7,93,0
379,MB,1993,868.051,559.35,0,2103.267,1575.733,0,61,39,0,57,43,0
380,MB,1993,1946.83,125.11,2432.36,4103.648,1754.056,2550.295,43,3,54,49,21,30
381,ON,1993,0,4402,0,0,42327,0,0,100,0,0,100,0
383,ON,1993,215.143,2454.858,0,1830.429,12228.573,0,8,92,0,13,87,0
386,ON,1993,79,0,0,627,0,0,100,0,0,100,0,0
391,ON,1993,28,0,0,183,0,0,100,0,0,100,0,0
400,ON,1993,0,0,308,0,0,4023,0,0,100,0,0,100
401,ON,1993,103.547,536.016,972.437,1162.231,4274.887,15372.881,6,33,60,6,21,74
401,QC,1993,702.999,30,9650.229,7442,262,83473.129,7,0,93,8,0,92
402,ON,1993,0,99,0,0,963,0,0,100,0,0,100,0
407,ON,1993,206.306,0,111.692,1663.312,0,921.688,65,0,35,64,0,36
408,ON,1993,0,13826,0,0,42855,0,0,100,0,0,100,0
408,QC,1993,928.355,426.783,5821.302,4636.2,3064.111,29659.464,13,6,81,12,8,79
409,ON,1993,67,742,0,709,5440.001,0,8,92,0,12,88,0
410,ON,1993,54.8,178.2,0,371.9,1295.1,0,24,76,0,22,78,0
411,ON,1993,4377.184,2279.813,0,32030.283,9450.716,0,66,34,0,77,23,0
412,ON,1993,0,206,824,0,1992.4,7969.6,0,20,80,0,20,80
413,ON,1993,4851.95,977.485,252.466,59741.141,8983.729,1829.546,80,16,4,85,13,3
415,QC,1993,320.22,0,0,1719,0,0,100,0,0,100,0,0
418,QC,1993,7454.082,821.7,520.998,20745.001,2573,2580,85,9,6,80,10,10
419,QC,1993,188,0,0,537,0,0,100,0,0,100,0,0
421,QC,1993,776.66,0,0,3585,0,0,100,0,0,100,0,0
422,QC,1993,51,0,0,348,0,0,100,0,0,100,0,0
423,QC,1993,728.66,565,0,6052,4255,0,56,44,0,59,41,0
424,QC,1993,1283.999,674.001,1109,4772,4751.101,961.9,42,22,36,46,45,9
425,QC,1993,6698.679,2203.5,5469.981,41044.2,24753.829,27091.769,47,15,38,44,27,29
426,QC,1993,2473,343,0,7655,742,0,88,12,0,91,9,0
431,QC,1993,5,0,0,47,0,0,100,0,0,100,0,0
438,QC,1993,304.42,0,0,844,0,0,100,0,0,100,0,0
439,QC,1993,162,0,0,413,0,0,100,0,0,100,0,0
440,QC,1993,219,0,0,728,0,0,100,0,0,100,0,0
441,QC,1993,15607.15,21035.68,2750.541,35919.72,56820.985,6733.886,40,53,7,36,57,7
455,NF,1993,9,0,0,337,0,0,100,0,0,100,0,0
458,NF,1993,49,133.371,0,108,1071,0,27,73,0,9,91,0
460,NF,1993,0,13.001,0,0,73.999,0,0,100,0,0,100,0
461,NF,1993,0,229.674,0,0,947.999,0,0,100,0,0,100,0
462,NF,1993,0,19,0,0,110,0,0,100,0,0,100,0
463,NF,1993,0,190,0,0,901,0,0,100,0,0,100,0
466,NF,1993,21,235.96,0,71,1160.999,0,8,92,0,6,94,0
468,NF,1993,0,53.8,0,0,184,0,0,100,0,0,100,0
471,NF,1993,111,219.039,0,144,521,0,34,66,0,22,78,0
475,NF,1993,0,259.681,0,0,2624,0,0,100,0,0,100,0
477,NF,1993,13.67,0,0,172,0,0,100,0,0,100,0,0
478,QC,1993,705,1032.6,0,3766,4181.501,0,41,59,0,47,53,0
479,QC,1993,3990.277,22197.159,3795.12,15070.159,90538.541,12001.3,13,74,13,13,77,10
481,QC,1993,0,3244,0,0,12907,0,0,100,0,0,100,0
482,QC,1993,8664.46,9584.139,0,87220,77082.201,0,47,53,0,53,47,0
483,QC,1993,7044.053,15908.65,366.3,50615.526,83363.575,1924.901,30,68,2,37,61,1
484,NB,1993,0,138,0,0,465.001,0,0,100,0,0,100,0
484,QC,1993,335,3033.97,0,1640,8536,0,10,90,0,16,84,0
485,NB,1993,403.042,445.959,0,1335.373,1157.628,0,47,53,0,54,46,0
486,NB,1993,658.9,5860.1,0,641.89,5156.11,0,10,90,0,11,89,0
487,NB,1993,289.784,512.217,0,1169.811,2888.189,0,36,64,0,29,71,0
487,QC,1993,18.913,1068.085,0,83.39,4601.61,0,2,98,0,2,98,0
488,NB,1993,21.333,228.667,0,84,901,0,9,91,0,9,91,0
489,NB,1993,149,556,0,422,1542,0,21,79,0,21,79,0
490,NB,1993,229,629,0,985.188,889.811,0,27,73,0,53,47,0
493,NB,1993,1603.409,15364.847,999.742,1814.243,15272.563,732.194,9,86,6,10,86,4
494,NB,1993,0,12330.998,0,0,13413,0,0,100,0,0,100,0
495,NB,1993,154.5,395.5,0,1078.49,2265.509,0,28,72,0,32,68,0
496,NB,1993,2177.232,335.196,167.571,18412.858,3234.114,1546.029,81,13,6,79,14,7
497,NB,1993,77.75,900.25,0,1045,2543.999,0,8,92,0,29,71,0
498,NB,1993,263,0,0,1885,0,0,100,0,0,100,0,0
499,NB,1993,484.32,300.68,13,1471.799,2914.45,87.75,61,38,2,33,65,2
500,NB,1993,5151.677,131.623,193.7,11377.989,263.674,919.9,94,2,4,91,2,7
501,NB,1993,755.3,1948.7,0,1456.296,3269.704,0,28,72,0,31,69,0
502,NB,1993,277.363,563.636,0,1420.321,3067.677,0,33,67,0,32,68,0
503,NB,1993,1737.289,1746.711,20,8896.314,14169.687,133,50,50,1,38,61,1
504,NB,1993,1266,389,0,7428,448,0,76,24,0,94,6,0
504,NS,1993,4278.063,1460.436,0,21985.825,8526.175,0,75,25,0,72,28,0
505,NB,1993,184,778.002,0,1094,5146.001,0,19,81,0,18,82,0
506,NB,1993,18,434,0,789.96,1715.04,0,4,96,0,32,68,0
507,NB,1993,222.999,1251,0,1815.999,7076.5,0,15,85,0,20,80,0
507,NS,1993,3453.146,1665.789,0,8852.371,4735.254,0,67,33,0,65,35,0
508,NB,1993,447,0,0,880.001,0,0,100,0,0,100,0,0
509,NS,1993,252,1399,0,589.001,4045.999,0,15,85,0,13,87,0
510,NS,1993,68.066,59.582,0,242.833,196.166,0,53,47,0,55,45,0
511,NS,1993,0,75.997,0,0,150.001,0,0,100,0,0,100,0
512,NS,1993,0,1716.524,0,0,4496,0,0,100,0,0,100,0
513,NS,1993,127.838,382.743,0,456.149,1217.851,0,25,75,0,27,73,0
514,NS,1993,3.69,0,0,30,0,0,100,0,0,100,0,0
516,NS,1993,334.906,764.009,0,2093.337,2503.666,0,30,70,0,46,54,0
517,NS,1993,496.088,3353.746,0,3175.244,23861.754,0,13,87,0,12,88,0
518,NS,1993,9728.553,4496.149,0,14820.572,11386.983,0,68,32,0,57,43,0
519,NS,1993,0,230,0,0,835,0,0,100,0,0,100,0
520,NS,1993,12.833,430.167,0,79.583,2178.416,0,3,97,0,4,96,0
521,NS,1993,0,93,0,0,715,0,0,100,0,0,100,0
522,NS,1993,97.203,261.714,0,903.136,3523.865,0,27,73,0,20,80,0
523,NS,1993,215.976,552.556,0,752.057,4149.946,0,28,72,0,15,85,0
524,NS,1993,11,19,0,133,114,0,37,63,0,54,46,0
525,NS,1993,340.485,1458.176,0,2005.426,7437.569,0,19,81,0,21,79,0
527,NS,1993,70.758,729.244,0,240.035,2300.967,0,9,91,0,9,91,0
528,NS,1993,1640.771,1390.006,0,1585.827,1572.17,0,54,46,0,50,50,0
529,NS,1993,0,399.003,0,0,773.001,0,0,100,0,0,100,0
530,NS,1993,22.667,1221.336,0,111.333,1710.665,0,2,98,0,6,94,0
531,NS,1993,459.976,1277.303,0,896.453,4668.546,0,26,74,0,16,84,0
534,PE,1993,14916.525,4701.477,0,16043.558,4119.444,0,76,24,0,80,20,0
535,PE,1993,20591,0,0,13511,0,0,100,0,0,100,0,0
536,PE,1993,39284.209,2147.791,0,41489.25,2677.75,0,95,5,0,94,6,0
537,PE,1993,21026.667,500.334,0,24632.222,621.778,0,98,2,0,98,2,0
538,PE,1993,5737,0,0,4263,0,0,100,0,0,100,0,0
539,QC,1993,52,426.21,77.98,277.009,870.991,234,9,77,14,20,63,17
540,QC,1993,125752.009,71005.922,52567.295,264721.076,103325.683,93287.053,50,28,21,57,22,20
541,ON,1993,0,11571.05,1973.95,1521.092,6370.157,1663.75,0,85,15,16,67,17
541,QC,1993,117283.796,34585.297,230027.329,84304.135,23294.92,136974.945,31,9,60,34,10,56
542,ON,1993,0,549.148,9577.174,3541.56,2552.752,44050.686,0,5,95,7,5,88
543,ON,1993,3766,23001.094,8321.864,10865.167,36947.153,18561.937,11,66,24,16,56,28
543,QC,1993,0,213,690,0,874,3286.4,0,24,76,0,21,79
544,ON,1993,1120.178,41998.089,10640.132,6641.11,45346.598,11003.093,2,78,20,11,72,17
545,ON,1993,1979.814,9902.827,8107.659,9206.258,13261.315,16434.427,10,50,41,24,34,42
546,ON,1993,0,22744.078,4779.884,0,46537.985,10909.016,0,83,17,0,81,19
546,QC,1993,0,240,0,0,436,0,0,100,0,0,100,0
547,ON,1993,3384.022,15821.042,11312.515,20262.841,35035.759,38935.689,11,52,37,22,37,41
548,QC,1993,220.96,0,0,515,0,0,100,0,0,100,0,0
549,ON,1993,0,339.624,3577.498,0,1671.739,18340.26,0,9,91,0,8,92
550,ON,1993,675.47,3120.709,973.235,7701.053,39198.233,10587.481,14,65,20,13,68,18
551,ON,1993,21173.559,51734.459,32122.383,60196.028,65557.612,83992.363,20,49,31,29,31,40
552,ON,1993,21190.47,3983.136,0,80126.025,27912.751,23.714,84,16,0,74,26,0
553,ON,1993,54777.939,88637.776,15349.925,73487.622,94023.701,21501.322,35,56,10,39,50,11
554,ON,1993,13450.032,2711.148,0,45714.333,6636.667,0,83,17,0,87,13,0
555,ON,1993,7685.942,4909.527,13743.32,18398.344,25006.896,36024.063,29,19,52,23,31,45
556,ON,1993,16227.839,75557.84,1469.801,49920.981,123574.461,2691.563,17,81,2,28,70,2
557,ON,1993,9713.529,266785.309,0,4896.599,104259.4,0,4,96,0,4,96,0
558,ON,1993,12952.204,190773.364,817.631,19419.163,122428.849,362.99,6,93,0,14,86,0
559,ON,1993,0,310.4,0,0,0,0,0,100,0,,,
560,ON,1993,24801.931,58429.127,0,16410.365,31605.635,0,30,70,0,34,66,0
561,ON,1993,862.463,19408.433,2232,493.438,13550.41,1582.778,4,86,10,3,87,10
562,ON,1993,0,24742.78,12424.222,0,20778.223,10663.778,0,67,33,0,66,34
563,ON,1993,0,194,0,0,372,0,0,100,0,0,100,0
564,ON,1993,9331.52,62466.061,18485.933,17243.36,33396.411,17492.81,10,69,20,25,49,26
565,ON,1993,88462.713,203609.442,82577.847,18424.669,52299.654,18863.677,24,54,22,21,58,21
566,ON,1993,258.25,11504.599,7339.95,124,5183.9,4754.7,1,60,38,1,52,47
567,ON,1993,6807.778,156054.017,19494.203,2606.111,51714.388,6592.5,4,86,11,4,85,11
568,ON,1993,70261.977,8091.125,257.9,23321.33,2790.769,105.9,89,10,0,89,11,0
569,ON,1993,3146.067,20815.32,65135.615,1612.722,15806.601,65338.678,4,23,73,2,19,79
570,ON,1993,10923.36,221680.562,53721.476,1303.173,32245.32,7861.506,4,77,19,3,78,19
571,ON,1993,8771.89,1876.334,2501.778,2874,456,608,67,14,19,73,12,15
572,ON,1993,3400.397,16316.663,3471.8,548.821,2323.48,789.7,15,70,15,15,63,22
581,BC,1993,106.8,3357.08,0,162,5362,0,3,97,0,3,97,0
583,AB,1993,0,57.578,83.421,0,77.578,112.421,0,41,59,0,41,59
583,BC,1993,0,4184.211,1248.129,0,7030.889,1641.111,0,77,23,0,81,19
584,AB,1993,0,0,1135,0,0,1536,0,0,100,0,0,100
585,BC,1993,896.722,28035.297,0.562,1942.222,57769.026,1.75,3,97,0,3,97,0
586,AB,1993,8519.836,69691.217,30154.848,4000.294,19119.177,13048.529,8,64,28,11,53,36
587,AB,1993,22836.93,1421.55,0,6430.089,426.9,0,94,6,0,94,6,0
588,AB,1993,4999.711,11612.675,97889.804,2504.959,5148.033,36785.807,4,10,85,6,12,83
589,AB,1993,642.122,2086.898,0,345.412,1122.588,0,24,76,0,24,76,0
590,AB,1993,0,23112.511,44790.869,0,12140.968,39621.033,0,34,66,0,23,77
591,AB,1993,288,2547.335,123356.834,250.7,1258.5,83004.499,0,2,98,0,1,98
591,BC,1993,16508.937,81924.952,19014.115,32344.413,134337.357,24718.616,14,70,16,17,70,13
592,AB,1993,777.477,16947.425,98303.554,1215.529,23796.496,77276.975,1,15,85,1,23,76
593,AB,1993,0,6566.677,87282.321,0,3222.5,38811.5,0,7,93,0,8,92
594,AB,1993,0,0,56459.997,0,0,37789.001,0,0,100,0,0,100
595,AB,1993,0,3568,81387,0,1234.353,25923.647,0,4,96,0,5,95
596,AB,1993,7499.967,40919.423,48657.303,4406.909,21208.246,24040.389,8,42,50,9,43,48
597,AB,1993,1376.2,18017.599,26812,1547.8,18011,22840.001,3,39,58,4,42,54
598,AB,1993,0,1587.6,89024.4,0,1004.5,52709.499,0,2,98,0,2,98
599,AB,1993,0,5847,65960,0,4530,36005,0,8,92,0,11,89
600,AB,1993,1983.48,228.646,2059.333,2618.026,412.941,2733.333,46,5,48,45,7,47
609,AB,1993,0,0,277,0,0,453,0,0,100,0,0,100
610,AB,1993,1021.499,10054.321,24300.812,610.847,16054.4,46441.751,3,28,69,1,25,74
610,BC,1993,0,0,0,0,0.999,0,,,,0,100,0
611,AB,1993,152.5,810.45,2749.05,189,1195.05,4404.95,4,22,74,3,21,76
612,AB,1993,0,5745.354,1322.306,0,10358.644,2953.356,0,81,19,0,78,22
615,AB,1993,2959.752,11068.25,0,6484.593,20828.507,0,21,79,0,24,76,0
616,AB,1993,9945.937,2918.822,0,12116.25,5425.75,0,77,23,0,69,31,0
617,AB,1993,1092.572,3135.928,1123.5,2833.714,7427.286,2097,20,59,21,23,60,17
618,AB,1993,777.81,8638.814,578.31,1603.729,6625.311,1168,8,86,6,17,71,12
618,BC,1993,424.007,4381.533,935.716,1198.281,15447.299,4591.421,7,76,16,6,73,22
619,AB,1993,0,439,0,0,816,0,0,100,0,0,100,0
622,AB,1993,1953.099,6607.861,0,6443.019,22280.982,0,23,77,0,22,78,0
623,AB,1993,2275.669,12325.412,2895.655,10707.395,51619.395,13342.211,13,70,17,14,68,18
625,AB,1993,18.999,38,0,82.667,165.334,0,33,67,0,33,67,0
626,AB,1993,0,965.999,0,0,4214.999,0,0,100,0,0,100,0
629,AB,1993,186.1,1741.423,340.52,777.5,10464.606,2627.444,8,77,15,6,75,19
630,AB,1993,66.625,2184.604,41.112,254.5,22198.388,179.111,3,95,2,1,98,1
631,AB,1993,0,975.2,96.8,0,5577.9,566.1,0,91,9,0,91,9
647,SK,1993,2263.984,465.016,0,1069.413,219.587,0,83,17,0,83,17,0
650,AB,1993,126.107,2193.305,354.339,950,10141.999,1124,5,82,13,8,83,9
652,SK,1993,58.415,452.586,0,66.263,513.738,0,11,89,0,11,89,0
657,SK,1993,422.169,4620.332,0,459.81,5553.189,0,8,92,0,8,92,0
658,SK,1993,1766.72,898.23,0,372.446,189.554,0,66,34,0,66,34,0
660,SK,1993,1205.856,16305.893,0,813.702,10928.3,0,7,93,0,7,93,0
661,SK,1993,64.511,5008.49,0,52.181,4396.819,0,1,99,0,1,99,0
662,SK,1993,76.6,306.4,0,16.2,64.8,0,20,80,0,20,80,0
667,MB,1993,0,271,0,0,321,0,0,100,0,0,100,0
669,MB,1993,0,16686.85,0,0,13337,0,0,100,0,0,100,0
669,SK,1993,0,0,961,0,0,311,0,0,100,0,0,100
672,SK,1993,7583.224,5809.188,421.137,3679.689,2253.965,160.344,55,42,3,60,37,3
677,MB,1993,0,0,3850,0,0,5396,0,0,100,0,0,100
678,AB,1993,4338.45,96890.907,5170.274,7877.391,153654.433,6434.118,4,91,5,5,91,4
679,AB,1993,0,11099.769,0,0,32777,0,0,100,0,0,100,0
680,AB,1993,4097.48,75842.658,0,7269.12,102478,0,5,95,0,7,93,0
680,SK,1993,2058.422,29638.529,0,4024.939,31510.063,0,6,94,0,11,89,0
681,AB,1993,2943.847,75025.693,18912.41,2380.588,57289.36,14969.44,3,77,20,3,77,20
682,SK,1993,6440.754,8579.041,5024.055,5676.274,9704.228,441.496,32,43,25,36,61,3
683,AB,1993,45252.77,21529,0,35732,7465,0,68,32,0,83,17,0
684,AB,1993,378.068,60574.252,22968.097,1283.434,171428.133,62505.233,0,72,27,1,73,27
685,SK,1993,1247.577,32820.971,17432.999,894.512,28141.508,7752.981,2,64,34,2,76,21
686,AB,1993,0,11257.391,0,0,21043,0,0,100,0,0,100,0
686,SK,1993,112.766,4012.235,0,95.123,3383.878,0,3,97,0,3,97,0
687,AB,1993,3042.556,10205.244,0,4436.67,13738.562,0,23,77,0,24,76,0
687,SK,1993,12494.57,118254.427,0,7004.726,55938.275,0,10,90,0,11,89,0
688,AB,1993,0,67975.501,0,0,52434.3,0,0,100,0,0,100,0
689,SK,1993,3613.619,49973.883,0,3600.937,18214.064,0,7,93,0,17,83,0
690,SK,1993,4094.374,49700.027,0,3089.248,29000.756,0,8,92,0,10,90,0
691,SK,1993,17567.519,1711.78,0,6537.558,102.443,0,91,9,0,98,2,0
692,AB,1993,45.396,25100.035,8930.953,173.53,83919.935,40306.764,0,74,26,0,67,32
693,SK,1993,15448.379,120026.626,0,7721.109,20310.891,0,11,89,0,28,72,0
694,SK,1993,41151.614,39816,19815.387,11783.042,11851.828,5413.133,41,40,20,41,41,19
695,SK,1993,36347.382,18615.618,0,14371.488,11075.51,0,66,34,0,56,44,0
696,SK,1993,74397.506,102211.445,0,28611.327,27040.68,0,42,58,0,51,49,0
697,SK,1993,0,8184.557,44053.444,0,2487.514,13425.486,0,16,84,0,16,84
698,SK,1993,31698.27,22041.227,0,8021.914,7865.092,0,59,41,0,50,50,0
699,SK,1993,0,41377.002,0,0,18968.999,0,0,100,0,0,100,0
700,SK,1993,0,10490.503,32104.547,0,6866.027,9804.975,0,25,75,0,41,59
701,SK,1993,63710.977,14991.422,0,27972.674,3109.328,0,81,19,0,90,10,0
702,SK,1993,9244.493,196737.512,18673.994,2675.738,24884.367,269.898,4,88,8,10,89,1
703,AB,1993,0,49847.97,755.359,0,128219.589,2075.08,0,99,1,0,98,2
704,SK,1993,1129.002,65421.358,23348.942,668.995,20731.549,6637.454,1,73,26,2,74,24
705,SK,1993,0,62422.165,215497.835,0,26661.315,17071.687,0,22,78,0,61,39
706,SK,1993,3805.914,116146.086,0,363.9,19367.102,0,3,97,0,2,98,0
707,SK,1993,18052.791,178111.632,1775.678,14468.854,43901.543,710.606,9,90,1,24,74,1
708,AB,1993,1745.1,57187.542,0,4434.3,130561.499,0,3,97,0,3,97,0
709,MB,1993,4502.999,151496.793,14170.057,3827.808,71734.148,3855.046,3,89,8,5,90,5
709,SK,1993,30866.128,192711.613,12494.257,10470.677,47602.421,2517.904,13,82,5,17,79,4
710,SK,1993,1625.2,19123.101,0,1081.465,17303.535,0,8,92,0,6,94,0
711,SK,1993,300.707,24328.24,0,1142.125,18083.876,0,1,99,0,6,94,0
714,MB,1993,0,1789,0,0,1508,0,0,100,0,0,100,0
714,SK,1993,0,60678.198,5213.252,0,32337.387,2967.613,0,92,8,0,92,8
715,MB,1993,841.732,16940.227,11743.142,1255.982,10924.385,9591.632,3,57,40,6,50,44
715,SK,1993,0,10284.419,2940.582,0,3817.235,882.764,0,78,22,0,81,19
716,MB,1993,4544.65,39028.05,19029.05,3479.999,25202,14898,7,62,30,8,58,34
717,MB,1993,46811.241,44895.385,13379.872,24336.936,26419.727,3588.339,45,43,13,45,49,7
718,MB,1993,0,3573.7,0,0,8716,0,0,100,0,0,100,0
720,MB,1993,0,0,2203.6,0,0,5503,0,0,100,0,0,100
723,MB,1993,86,32233.249,3617.7,300,100845,3855,0,90,10,0,96,4
724,MB,1993,2898.993,26413.946,128665.709,7305.037,23678.539,80754.422,2,17,81,7,21,72
726,MB,1993,50404.163,0,1622.788,70532.551,0,915.451,97,0,3,99,0,1
727,AB,1993,24873.169,170062.348,131287.68,22047.176,117694.737,65520.663,8,52,40,11,57,32
728,AB,1993,4085.555,194757.541,3657.706,2038.889,48240.867,596.744,2,96,2,4,95,1
729,AB,1993,38948.873,118020.255,0,19400.091,35919.007,0,25,75,0,35,65,0
729,SK,1993,27543.035,448230.959,0,6443.265,96294.731,0,6,94,0,6,94,0
730,AB,1993,49186.667,444081.798,12935.834,25163.941,169758.181,4989.722,10,88,3,13,85,2
731,AB,1993,22640.418,446997.943,0,14825.682,165559.168,0,5,95,0,8,92,0
732,AB,1993,0,12598.2,0,0,22784.4,0,0,100,0,0,100,0
733,SK,1993,33273.067,172718.423,10449.508,3465.223,51242.29,947.492,15,80,5,6,92,2
734,SK,1993,43611.987,14564.012,0,14043.294,1949.706,0,75,25,0,88,12,0
735,SK,1993,5209.172,178839.83,0,5277.009,26113.989,0,3,97,0,17,83,0
736,SK,1993,42598.673,238555.586,8284.744,8446.382,37905.082,692.53,15,82,3,18,81,1
737,AB,1993,19911.1,104565.3,14361.2,16016.6,87049.55,10379.4,14,75,10,14,77,9
738,AB,1993,9385.36,134607.26,0,5124.65,23992.56,0,7,93,0,18,82,0
739,AB,1993,111836.252,9337.5,0,83554.155,8953.2,0,92,8,0,90,10,0
739,SK,1993,52564.007,4887.992,0,17555.662,1596.337,0,91,9,0,92,8,0
740,AB,1993,14097.9,147070.5,0,13715.8,83418.6,0,9,91,0,14,86,0
741,SK,1993,4541.293,164299.987,1488.724,223.234,10557.974,24.788,3,96,1,2,98,0
742,SK,1993,33552.261,11880.738,0,10492.228,378.769,0,74,26,0,97,3,0
743,AB,1993,2377.8,87863.558,0,461.7,34886.29,0,3,97,0,1,99,0
743,SK,1993,5023.305,8252.106,3064.592,751.605,2269.408,804.74,31,51,19,20,59,21
744,AB,1993,0,187187.9,15380.8,0,81326.19,2599.36,0,92,8,0,97,3
745,SK,1993,31034.94,784150.523,3479.541,5870.442,76792.572,424.982,4,96,0,7,92,1
746,AB,1993,0,156568.55,0,0,85458.2,0,0,100,0,0,100,0
747,SK,1993,32111.007,45919.993,0,15194.489,6298.51,0,41,59,0,71,29,0
748,SK,1993,6995.489,727568.843,877.668,1713.795,92997.735,107.47,1,99,0,2,98,0
749,SK,1993,19329.386,400393.619,0,2207.074,62749.443,0,5,95,0,3,97,0
750,AB,1993,0,65722.04,15508.96,0,106251.49,26671.11,0,81,19,0,80,20
751,MB,1993,13373.195,41080.156,0,11266.591,17298.346,82.606,25,75,0,39,60,0
751,SK,1993,16600.785,15912.061,0,6895.597,6122.406,0,51,49,0,53,47,0
752,MB,1993,0,125128.483,1696.517,0,36717.211,542.789,0,99,1,0,99,1
752,SK,1993,16952.115,495137.891,0,3934.07,75982.933,0,3,97,0,5,95,0
753,MB,1993,3693.456,478152.195,6929.349,1981.399,128791.951,2340.651,1,98,1,1,97,2
754,SK,1993,4068.194,181953.246,64412.565,1995.216,15837.437,5560.343,2,73,26,9,68,24
755,SK,1993,2776.566,212729.436,0,209.495,23950.503,0,1,99,0,1,99,0
756,SK,1993,7130.293,397077.702,0,575.375,58745.628,0,2,98,0,1,99,0
757,MB,1993,64853.144,26265.854,1572.65,41322.128,7773.87,0,70,28,2,84,16,0
758,MB,1993,46832.437,127171.854,10107.115,21778.877,34562.025,8098.377,25,69,5,34,54,13
759,MB,1993,4799.337,34031.663,0,7106.719,14246.28,0,12,88,0,33,67,0
760,MB,1993,0,93485,0,3053.968,15792.032,0,0,100,0,16,84,0
760,SK,1993,6512.692,418779.308,0,6339.047,70770.953,0,2,98,0,8,92,0
761,SK,1993,0,20722.001,2622,0,6163.999,859,0,89,11,0,88,12
762,SK,1993,34843.167,92357.832,0,6794.664,17169.873,0,27,73,0,28,72,0
763,MB,1993,99912.99,61989.621,6106.392,59921.54,25986.784,6333.677,59,37,4,65,28,7
763,SK,1993,48259.995,16495.005,0,6716.288,3963.712,0,75,25,0,63,37,0
764,MB,1993,207.07,77319.928,0,1331.354,22454.648,0,0,100,0,6,94,0
765,MB,1993,3898.39,366899.611,0,7022.342,66966.315,1061.614,1,99,0,9,89,1
766,MB,1993,1077.612,192957.39,0,701.311,41439.689,0,1,99,0,2,98,0
767,SK,1993,4093.631,459055.564,48810.802,369.542,29759.958,3450.498,1,90,10,1,89,10
768,SK,1993,0,45742.002,0,0,6449,0,0,100,0,0,100,0
769,AB,1993,0,120238.2,0,0,45278.45,0,0,100,0,0,100,0
770,SK,1993,74038.289,240496.386,9021.328,19587.521,30337.508,1312.968,23,74,3,38,59,3
771,AB,1993,16977.266,93094.678,266.2,5671.056,33164.436,70.2,15,84,0,15,85,0
771,SK,1993,0,53499.265,1757.734,576.42,7312.801,339.778,0,97,3,7,89,4
772,SK,1993,16665.034,30231.968,0,8312.759,1784.243,0,36,64,0,82,18,0
773,SK,1993,13149.891,283372.92,33023.19,1738.411,20289.404,3329.18,4,86,10,7,80,13
774,SK,1993,0,70327.003,0,0,4170,0,0,100,0,0,100,0
775,SK,1993,3483.154,76399.847,0,125.043,6865.956,0,4,96,0,2,98,0
776,SK,1993,46247.287,9928.714,0,19261.831,2111.169,0,82,18,0,90,10,0
777,AB,1993,15384.3,3588.3,0,7609.7,1678.8,0,81,19,0,82,18,0
778,SK,1993,22775.852,9595.148,0,2324.656,979.344,0,70,30,0,70,30,0
779,AB,1993,0,37798.2,0,0,9540,0,0,100,0,0,100,0
780,SK,1993,9348.51,55922.4,281820.089,711.132,1672.844,8352.021,3,16,81,7,16,78
781,AB,1993,13974.24,61148.832,157192.548,3355.52,8658.629,10282.811,6,26,68,15,39,46
782,SK,1993,19828.233,592438.765,0,4381.902,42547.098,0,3,97,0,9,91,0
783,SK,1993,0,303868,0,0,19810.001,0,0,100,0,0,100,0
784,SK,1993,13629.938,81870.618,2276.443,2850.655,9806.281,204.063,14,84,2,22,76,2
785,SK,1993,0,87602.251,6637.749,0,6554.146,183.855,0,93,7,0,97,3
786,AB,1993,0,108550.35,22.6,0,22632.1,12.7,0,100,0,0,100,0
787,AB,1993,0,52084.1,0,0,6431.3,0,0,100,0,0,100,0
788,AB,1993,0,53540.2,17620.8,0,10174.2,1123.8,0,75,25,0,90,10
789,SK,1993,17814.03,141753.4,2786.572,8529.069,9584.931,0,11,87,2,47,53,0
790,AB,1993,15356.6,45673.6,0,3598,5730.1,0,25,75,0,39,61,0
791,AB,1993,0,206307,0,0,17751,0,0,100,0,0,100,0
792,SK,1993,41118.72,64623.949,652289.324,10765.435,14357.516,11441.051,5,9,86,29,39,31
793,AB,1993,52333.192,374841.682,24757.67,10863.878,92335.904,4727.071,12,83,5,10,86,4
794,SK,1993,0,517278.001,0,0,29892.999,0,0,100,0,0,100,0
795,SK,1993,0,278446,0,1110.48,21540.52,0,0,100,0,5,95,0
796,SK,1993,17527.041,61946.955,0,4805.248,5575.734,0,22,78,0,46,54,0
797,AB,1993,2095.1,17727.5,70.5,648.2,6268.955,32,11,89,0,9,90,0
798,AB,1993,38446,363860.3,33667.1,14771.4,116907.29,12315.46,9,83,8,10,81,9
799,AB,1993,0,63805,0,0,65328,0,0,100,0,0,100,0
800,AB,1993,0,81917.1,79961.7,0,53417.82,38480.64,0,51,49,0,58,42
801,AB,1993,0,39921.5,3145.5,0,43344.7,3912.3,0,93,7,0,92,8
802,AB,1993,0,70140.5,0,729.54,41028.4,0,0,100,0,2,98,0
803,SK,1993,7503.8,111855.486,57904.719,1136.826,6515.595,2813.58,4,63,33,11,62,27
804,AB,1993,16286.92,45046.28,0,7142.15,11538.5,0,27,73,0,38,62,0
805,AB,1993,5052.117,7600.121,4307.763,737.096,919.009,520.895,30,45,25,34,42,24
805,SK,1993,5231.187,46685.49,26347.319,517.832,3518.901,1695.266,7,60,34,9,61,30
806,AB,1993,2490.3,81811.94,614.95,1266.2,50584.07,285.6,3,96,1,2,97,1
807,SK,1993,0,70850.028,9371.97,0,3374.84,350.157,0,88,12,0,91,9
808,SK,1993,3543.79,116918.374,452421.835,154.658,5726.427,17266.915,1,20,79,1,25,75
809,AB,1993,5687.355,117672.045,0,1284.3,20341.85,0,5,95,0,6,94,0
809,SK,1993,4373.542,112019.752,28158.707,463.601,7370.37,650.033,3,77,19,5,87,8
810,SK,1993,0,106071,0,0,7389.999,0,0,100,0,0,100,0
811,AB,1993,4635,4859.388,34550.113,647.4,574.418,3294.283,11,11,78,14,13,73
811,SK,1993,0,381.273,1016.727,0,34.364,91.636,0,27,73,0,27,73
812,AB,1993,29715.951,20848.58,21055.2,26209.276,18694.015,15397.9,41,29,29,43,31,26
813,SK,1993,3624.945,90645.63,41533.424,659.631,10576.559,3897.812,3,67,31,4,70,26
814,AB,1993,1468.8,13349.4,0,688.05,5540.32,0,10,90,0,11,89,0
815,AB,1993,22328.099,17802.651,0,9152.8,7318.134,0,56,44,0,56,44,0
815,SK,1993,23415.078,8794.925,0,1005.8,743.602,0,73,27,0,57,43,0
816,SK,1993,56288.553,369107.99,28485.461,16835.771,36383.618,1020.476,12,81,6,31,67,2
817,SK,1993,0,94144.473,3701.526,0,3741.043,168.958,0,96,4,0,96,4
818,AB,1993,0,30939.15,0,0,17882.45,0,0,100,0,0,100,0
819,SK,1993,23977.426,6842.575,0,2721.582,770.417,0,78,22,0,78,22,0
820,SK,1993,739.92,186721.91,749.169,0,23424.299,72.7,0,99,0,0,100,0
821,AB,1993,1998.844,91462.693,707.918,610.593,16679.726,432.655,2,97,1,3,94,2
821,SK,1993,853.79,176344.21,0,820.449,26542.552,0,0,100,0,3,97,0
822,SK,1993,6706.034,158996.726,1663.236,884.001,21196.489,541.509,4,95,1,4,94,2
823,AB,1993,24681.822,121827.175,0,6408.533,28642.466,0,17,83,0,18,82,0
824,SK,1993,25564.794,73890.896,1387.309,5474.629,15240.367,0,25,73,1,26,74,0
825,SK,1993,696.888,500234.116,0,663.898,45842.894,0,0,100,0,1,99,0
826,SK,1993,19989.674,680092.632,98438.134,4856.961,63627.418,1894.298,3,85,12,7,90,3
827,SK,1993,32338.49,13764.739,2162.773,17186.604,6250.597,896.801,67,29,4,71,26,4
828,AB,1993,19279.576,580501.075,0,2675.672,72675.931,0,3,97,0,4,96,0
829,AB,1993,21026.25,10431.15,0,6638.05,3147.95,0,67,33,0,68,32,0
830,SK,1993,18706.555,296879.996,41288.453,2302.629,25430.141,2342.255,5,83,12,8,85,8
831,SK,1993,6649.785,148288.427,1345.788,484.533,11232.464,0,4,95,1,4,96,0
832,SK,1993,17684.526,318335.741,1148.735,3218.484,53098.345,467.17,5,94,0,6,94,1
833,AB,1993,102,19312.4,30.6,31,4413.8,9.3,1,99,0,1,99,0
833,SK,1993,0,39374.522,26527.48,0,16122.37,9508.63,0,60,40,0,63,37
834,SK,1993,0,65777.716,163862.286,0,5158.532,16995.468,0,29,71,0,23,77
835,SK,1993,0,6322.646,15455.356,0,1569.483,3836.515,0,29,71,0,29,71
836,AB,1993,0,9406,0,0,1370,0,0,100,0,0,100,0
837,AB,1993,0,23540,0,0,6665,0,0,100,0,0,100,0
837,SK,1993,0,14658.622,3379.378,0,8900.558,1198.445,0,81,19,0,88,12
838,AB,1993,911,3845,0,732.6,1792.401,0,19,81,0,29,71,0
838,SK,1993,0,59416.615,2769.54,0,14637.618,1371.611,0,96,4,0,91,9
839,MB,1993,8760.773,77753.159,9505.068,2152.411,25266.072,3141.517,9,81,10,7,83,10
840,MB,1993,46089.945,11493.546,13465.507,25100.378,13420.16,5717.465,65,16,19,57,30,13
841,MB,1993,19565.201,20849.302,0,1808.468,52383.532,0,48,52,0,3,97,0
843,MB,1993,16124.367,9638.634,0,15747.271,7621.728,0,63,37,0,67,33,0
844,MB,1993,9954.117,38824.297,5868.583,8963.968,30609.827,4419.205,18,71,11,20,70,10
846,MB,1993,0,17267.001,0,0,38681.999,0,0,100,0,0,100,0
847,MB,1993,0,28734.7,20387,0,12162.25,4944.75,0,58,42,0,71,29
848,MB,1993,918.105,8574.645,0,643.263,6553.737,0,10,90,0,9,91,0
849,MB,1993,11906.166,41994.39,647017.445,3879.129,18189.153,80457.717,2,6,92,4,18,78
850,MB,1993,123173.86,29831.141,0,70083.543,8812.46,0,81,19,0,89,11,0
851,MB,1993,0,43232.015,34061.984,0,7546.995,6404.006,0,56,44,0,54,46
852,MB,1993,42358.969,97632.112,115462.923,8427.536,8112.728,9375.736,17,38,45,33,31,36
853,MB,1993,0,18301.549,33710.452,0,679.464,1251.536,0,35,65,0,35,65
854,MB,1993,5845.625,73954.375,0,1876.625,20106.377,0,7,93,0,9,91,0
855,MB,1993,0,11098,0,0,5108,0,0,100,0,0,100,0
940,BC,1993,77,17,0,405,89,0,82,18,0,82,18,0
943,BC,1993,0,3,0,0,4,0,0,100,0,0,100,0
944,BC,1993,147.428,20.872,0.7,853.242,120.558,3.2,87,12,0,87,12,0
950,BC,1993,45.43,712.043,0,201.676,1703.325,0,6,94,0,11,89,0
955,BC,1993,44.086,16.514,128.3,270.328,92.971,438.7,23,9,68,34,12,55
956,BC,1993,650.817,642.068,437.627,4680.163,4233.166,1679.668,38,37,25,44,40,16
957,BC,1993,83.845,63.998,0,380.225,245.775,0,57,43,0,61,39,0
958,BC,1993,13.75,4.25,0,35.965,15.034,0,76,24,0,71,29,0
959,BC,1993,3304.676,17023.527,420.906,5528.35,31516.907,951.506,16,82,2,15,83,3
960,BC,1993,16,0,0,45,0,0,100,0,0,100,0,0
962,BC,1993,0,18,0,0,93,0,0,100,0,0,100,0
969,BC,1993,0,49.49,0,0,240,0,0,100,0,0,100,0
971,BC,1993,64.6,4.4,0,408.5,27.499,0,94,6,0,94,6,0
972,BC,1993,2345.424,1306.622,2449.76,21216.109,10762.016,18972.871,38,21,40,42,21,37
974,BC,1993,208.443,79.717,75.84,2102.077,652.883,840.04,57,22,21,58,18,23
975,BC,1993,23,0,0,671,0,0,100,0,0,100,0,0
976,BC,1993,258.126,431.438,0,4294.535,7774.468,0,37,63,0,36,64,0
977,BC,1993,424.079,658.363,0,6249.471,7632.53,0,39,61,0,45,55,0
978,BC,1993,645.172,1351.134,0,5008.481,11819.513,0,32,68,0,30,70,0
979,BC,1993,2769.177,7884.824,0,19603.235,50941.763,0,26,74,0,28,72,0
980,BC,1993,25.5,6.8,1.7,191.25,51,12.75,75,20,5,75,20,5
981,BC,1993,0,51,20,1,407,160,0,72,28,0,72,28
982,BC,1993,2086.903,1944.139,2377.161,17368.941,18083.282,24701.773,33,30,37,29,30,41
987,BC,1993,4,6,0,105,121,0,40,60,0,46,54,0
988,BC,1993,219.89,122.11,0,1130.7,645.3,0,64,36,0,64,36,0
990,BC,1993,176.97,31.032,0,753.642,76.358,0,85,15,0,91,9,0
991,BC,1993,126.448,2889.685,489.817,370.797,6342.994,1816.209,4,82,14,4,74,21
992,BC,1993,7.467,20.533,0,32,88,0,27,73,0,27,73,0
995,BC,1993,30.192,131.807,0,120.059,514.941,0,19,81,0,19,81,0
1001,BC,1993,907.624,669.405,0,3917.257,2947.743,0,58,42,0,57,43,0
1002,BC,1993,252.5,38.5,0,875.4,133.6,0,87,13,0,87,13,0
1003,BC,1993,12,0,0,51,0,0,100,0,0,100,0,0
1004,BC,1993,411.722,1168.392,342.6,3262.108,6481.689,2676.2,21,61,18,26,52,22
1005,BC,1993,2220.262,2952.468,0,12221.209,18920.79,0,43,57,0,39,61,0
1006,BC,1993,2522.928,3718.295,0,20994.101,35028.901,0,40,60,0,37,63,0
1007,BC,1993,3296.54,3164.185,3303.41,4376.823,4687.471,4912.705,34,32,34,31,34,35
1008,BC,1993,1247.926,461.259,359.823,4669.91,2152.357,1418.729,60,22,17,57,26,17
1009,BC,1993,1192.225,289.42,0,2492.668,605.333,0,80,20,0,80,20,0
1010,BC,1993,1702.909,750.127,0,1366.979,899.023,0,69,31,0,60,40,0
1011,BC,1993,768.189,139.788,0,2754.097,537.904,0,85,15,0,84,16,0
1012,BC,1993,85.853,33.147,0,1105.457,196.544,0,72,28,0,85,15,0
1013,BC,1993,351.944,243.778,246.278,2096.387,1247.11,1219.5,42,29,29,46,27,27
1015,BC,1993,1026.7,882.304,0,2761.595,2444.405,0,54,46,0,53,47,0
1016,AB,1993,1371.5,1530.5,0,3081,4039,0,47,53,0,43,57,0
1017,BC,1993,25.92,30.08,0,780.679,536.32,0,46,54,0,59,41,0
1018,AB,1993,363.25,12340.15,144.5,688.35,26327,430.55,3,96,1,3,96,2
9593,AB,1993,0,11624.2,46496.8,0,5933.6,23734.4,0,20,80,0,20,80
9607,AB,1993,0,0,587,0,0,218,0,0,100,0,0,100
9609,AB,1993,557.583,4568.398,2613,1339.6,7867.05,3815.35,7,59,34,10,60,29
9687,AB,1993,6488.038,134073.391,0,6989.444,102198.304,0,5,95,0,6,94,0
9787,AB,1993,0,84600,0,0,11697.09,0,0,100,0,0,100,0
244,AB,1994,0,0,1191,0,0,730,0,0,100,0,0,100
244,BC,1994,0,58,14,0,319,75,0,81,19,0,81,19
252,BC,1994,0,70,0,0,189,0,0,100,0,0,100,0
371,MB,1994,0,0,89,0,0,88,0,0,100,0,0,100
374,ON,1994,11,0,0,211,0,0,100,0,0,100,0,0
375,MB,1994,1761.764,15452.358,39867.297,2188.042,10405.238,19319.37,3,27,70,7,33,61
376,MB,1994,0,17,0,0,39,0,0,100,0,0,100,0
378,ON,1994,60,1222,0,460,6243,0,5,95,0,7,93,0
379,MB,1994,922.945,597.455,0,2060.701,1552.3,0,61,39,0,57,43,0
380,MB,1994,1876.525,125.215,2349.56,4205.799,1760.26,2642.941,43,3,54,49,20,31
381,ON,1994,0,4095,0,0,42573,0,0,100,0,0,100,0
383,ON,1994,221.714,2477.285,0,1817.714,12139.285,0,8,92,0,13,87,0
386,ON,1994,78,0,0,629,0,0,100,0,0,100,0,0
391,ON,1994,36,0,0,176,0,0,100,0,0,100,0,0
400,ON,1994,0,0,280,0,0,3965,0,0,100,0,0,100
401,ON,1994,101.547,533.639,945.813,1169.709,4225.337,15432.954,6,34,60,6,20,74
401,QC,1994,734.999,32,10340.23,7416.001,262,83085.129,7,0,93,8,0,92
402,ON,1994,0,82,0,0,960,0,0,100,0,0,100,0
407,ON,1994,212.31,0,116.689,1667.085,0,918.914,65,0,35,64,0,36
408,ON,1994,0,13986,0,0,42780,0,0,100,0,0,100,0
408,QC,1994,994.022,426.45,6043.968,4583.978,3080.222,29525.575,13,6,81,12,8,79
409,ON,1994,58,684.001,0,718,5499,0,8,92,0,12,88,0
410,ON,1994,55.3,182.7,0,360.6,1238.4,0,23,77,0,23,77,0
411,ON,1994,4288.94,2192.061,0,31896.479,9461.522,0,66,34,0,77,23,0
412,ON,1994,0,194.4,777.6,0,2003.4,8013.6,0,20,80,0,20,80
413,ON,1994,4574.715,975.146,251.613,59666.073,8963.901,1827.841,79,17,4,85,13,3
415,QC,1994,341.22,0,0,1748,0,0,100,0,0,100,0,0
418,QC,1994,7577.081,807.7,540.001,20621.001,2567,2549.999,85,9,6,80,10,10
419,QC,1994,210,0,0,518,0,0,100,0,0,100,0,0
421,QC,1994,759.66,0,0,3618,0,0,100,0,0,100,0,0
422,QC,1994,49,0,0,350,0,0,100,0,0,100,0,0
423,QC,1994,720.66,529,0,6081,4309,0,58,42,0,59,41,0
424,QC,1994,1300.001,670.999,1173,4763.999,4749.101,897.9,41,21,37,46,46,9
425,QC,1994,6642.281,2236.901,5387.979,41135.3,24784.73,27183.77,47,16,38,44,27,29
426,QC,1994,2507,349,0,7591,740,0,88,12,0,91,9,0
431,QC,1994,5,0,0,47,0,0,100,0,0,100,0,0
438,QC,1994,308.42,0,0,832,0,0,100,0,0,100,0,0
439,QC,1994,171,0,0,412,0,0,100,0,0,100,0,0
440,QC,1994,224,0,0,749,0,0,100,0,0,100,0,0
441,QC,1994,16735.35,21742.732,2869.486,35400.12,56205.931,6614.937,40,53,7,36,57,7
455,NF,1994,8,0,0,331,0,0,100,0,0,100,0,0
458,NF,1994,58,141.37,0,98,1059,0,29,71,0,8,92,0
460,NF,1994,0,15.001,0,0,71,0,0,100,0,0,100,0
461,NF,1994,0,234.669,0,0,949.999,0,0,100,0,0,100,0
462,NF,1994,0,23,0,0,106,0,0,100,0,0,100,0
463,NF,1994,0,243,0,0,851,0,0,100,0,0,100,0
466,NF,1994,23,272.959,0,68,1120.001,0,8,92,0,6,94,0
468,NF,1994,0,54.8,0,0,182,0,0,100,0,0,100,0
471,NF,1994,114,253.04,0,140,480,0,31,69,0,23,77,0
475,NF,1994,0,295.678,0,0,2571,0,0,100,0,0,100,0
477,NF,1994,14.67,0,0,170,0,0,100,0,0,100,0,0
478,QC,1994,724,989.8,0,3703,4216.7,0,42,58,0,47,53,0
479,QC,1994,4056.468,22350.972,3872.12,15000.318,90351.383,11918.3,13,74,13,13,77,10
481,QC,1994,0,3386,0,0,12790,0,0,100,0,0,100,0
482,QC,1994,9043.46,10069.238,0,86703,76415.299,0,47,53,0,53,47,0
483,QC,1994,7209.977,17339.225,377.799,50475.352,81961.949,1914.7,29,70,2,38,61,1
484,NB,1994,0,150,0,0,450.001,0,0,100,0,0,100,0
484,QC,1994,341,3069.97,0,1642,8468,0,10,90,0,16,84,0
485,NB,1994,398.052,464.948,0,1349.2,1135.8,0,46,54,0,54,46,0
486,NB,1994,686.8,6005.2,0,625.59,5068.41,0,10,90,0,11,89,0
487,NB,1994,297.069,507.928,0,1166.328,2902.673,0,37,63,0,29,71,0
487,QC,1994,18.913,1060.086,0,83.39,4613.612,0,2,98,0,2,98,0
488,NB,1994,25.333,264.667,0,84,882,0,9,91,0,9,91,0
489,NB,1994,153,579,0,430,1565,0,21,79,0,22,78,0
490,NB,1994,233,661,0,991.71,871.289,0,26,74,0,53,47,0
493,NB,1994,1643.339,15771.694,995.968,1801.718,15310.443,754.839,9,86,5,10,86,4
494,NB,1994,0,12791,0,0,13504.001,0,0,100,0,0,100,0
495,NB,1994,172.25,422.75,0,1099.74,2259.26,0,29,71,0,33,67,0
496,NB,1994,2289.303,368.242,188.458,18294.04,3207.046,1532.914,80,13,7,79,14,7
497,NB,1994,83.75,1033.25,0,1050,2420,0,7,93,0,30,70,0
498,NB,1994,284,0,0,1865,0,0,100,0,0,100,0,0
499,NB,1994,519.719,312.28,13,1433.959,2892.94,87.1,62,37,2,32,66,2
500,NB,1994,5264.637,126.565,197.8,11192.424,268.335,909.8,94,2,4,90,2,7
501,NB,1994,781.4,2032.6,0,1436.927,3199.073,0,28,72,0,31,69,0
502,NB,1994,297.023,576.974,0,1410.351,3081.649,0,34,66,0,31,69,0
503,NB,1994,1802.414,1797.585,20,8861.154,14117.845,132,50,50,1,38,61,1
504,NB,1994,1231,406,0,7450,421,0,75,25,0,95,5,0
504,NS,1994,4367.997,1485.495,0,21900.31,8498.693,0,75,25,0,72,28,0
505,NB,1994,199,781.001,0,1079,5135,0,20,80,0,17,83,0
506,NB,1994,22,455,0,789.96,1677.04,0,5,95,0,32,68,0
507,NB,1994,219.998,1298.001,0,1817.999,7030.5,0,14,86,0,21,79,0
507,NS,1994,3723.702,1764.602,0,8583.066,4651.064,0,68,32,0,65,35,0
508,NB,1994,472.999,0,0,846.001,0,0,100,0,0,100,0,0
509,NS,1994,256.999,1459.999,0,592.001,4056.002,0,15,85,0,13,87,0
510,NS,1994,78.483,64.166,0,236.667,194.334,0,55,45,0,55,45,0
511,NS,1994,0,83.002,0,0,140,0,0,100,0,0,100,0
512,NS,1994,0,1979.517,0,0,4346.998,0,0,100,0,0,100,0
513,NS,1994,132.088,395.49,0,447.334,1216.667,0,25,75,0,27,73,0
514,NS,1994,4.69,0,0,30,0,0,100,0,0,100,0,0
516,NS,1994,379.836,841.073,0,2010.98,2412.019,0,31,69,0,45,55,0
517,NS,1994,561.925,3695.906,0,3143.571,23655.429,0,13,87,0,12,88,0
518,NS,1994,9970.404,4519.302,0,14658.25,11491.296,0,69,31,0,56,44,0
519,NS,1994,0,242,0,0,838,0,0,100,0,0,100,0
520,NS,1994,13.916,473.082,0,78.75,2162.249,0,3,97,0,4,96,0
521,NS,1994,0,96,0,0,714,0,0,100,0,0,100,0
522,NS,1994,105.106,298.812,0,904.14,3508.856,0,26,74,0,20,80,0
523,NS,1994,226.733,574.794,0,737.711,4160.288,0,28,72,0,15,85,0
524,NS,1994,14,20,0,144,113,0,41,59,0,56,44,0
525,NS,1994,378.907,1766.762,0,1967.009,7129.989,0,18,82,0,22,78,0
527,NS,1994,81.085,804.91,0,230.555,2232.446,0,9,91,0,9,91,0
528,NS,1994,1676.903,1412.88,0,1567.047,1564.951,0,54,46,0,50,50,0
529,NS,1994,0,458.001,0,0,712.999,0,0,100,0,0,100,0
530,NS,1994,26.667,1266.339,0,108,1689.001,0,2,98,0,6,94,0
531,NS,1994,499.861,1484.412,0,859.922,4461.077,0,25,75,0,16,84,0
534,PE,1994,15453.046,4867.959,0,15787.84,4028.163,0,76,24,0,80,20,0
535,PE,1994,20772,0,0,13415,0,0,100,0,0,100,0,0
536,PE,1994,40048.751,2176.25,0,41019.671,2652.333,0,95,5,0,94,6,0
537,PE,1994,21495.666,508.334,0,24344.445,616.556,0,98,2,0,98,2,0
538,PE,1994,6005,0,0,4023,0,0,100,0,0,100,0,0
539,QC,1994,44,425.21,79.98,268.886,854.112,232,8,77,15,20,63,17
540,QC,1994,129109.698,72793.721,53593.803,261680.582,101579.003,92178.223,51,28,21,57,22,20
541,ON,1994,0,11852.349,1970.65,1522.657,6089.741,1667.6,0,86,14,16,66,18
541,QC,1994,119522.072,35342.688,233253.661,82036.615,22513.47,133488.921,31,9,60,34,9,56
542,ON,1994,0,555.777,9630.54,3533.561,2545.856,43953.585,0,5,95,7,5,88
543,ON,1994,3869.998,23655.635,8508.189,10746.352,36269.032,18368.552,11,66,24,16,55,28
543,QC,1994,0,211,684,0,875,3294.4,0,24,76,0,21,79
544,ON,1994,1252.852,43543.905,11073.449,6510.995,43770.82,10566.185,2,78,20,11,72,17
545,ON,1994,2024.934,10106.137,8341.228,9133.472,13026.331,16151.197,10,49,41,24,34,42
546,ON,1994,0,23338.081,4887.877,0,45955.449,10802.553,0,83,17,0,81,19
546,QC,1994,0,236,0,0,439,0,0,100,0,0,100,0
547,ON,1994,3491.62,15977.081,11271.877,20105.659,34837.489,38957.142,11,52,37,21,37,41
548,QC,1994,233.96,0,0,505,0,0,100,0,0,100,0,0
549,ON,1994,0,337.471,3632.648,0,1666.283,18183.716,0,9,91,0,8,92
550,ON,1994,692.419,3028.763,918.234,7656.626,39277.404,10743.224,15,65,20,13,68,19
551,ON,1994,21968.7,52848.393,32463.306,58951.361,64399.016,83622.628,20,49,30,28,31,40
552,ON,1994,21052.769,3924.746,0,80190.027,27821.404,19.714,84,16,0,74,26,0
553,ON,1994,55699.096,90491.995,15588.69,72025.285,91564.514,21180.417,34,56,10,39,50,11
554,ON,1994,13474.045,2723.134,0,45508.359,6605.642,0,83,17,0,87,13,0
555,ON,1994,7689.637,4788.69,13614.379,18327.65,25036.299,35942.106,29,18,52,23,32,45
556,ON,1994,16683.497,76843.12,1519.863,49302.15,122275.1,2643.75,18,81,2,28,70,2
557,ON,1994,9792.481,268439.358,0,4814.816,102450.183,0,4,96,0,4,96,0
558,ON,1994,12912.659,192840.39,785.152,19443.686,120290.847,395.468,6,93,0,14,86,0
559,ON,1994,0,310.4,0,0,0,0,0,100,0,,,
560,ON,1994,25008.482,59248.577,0,15915.612,30590.388,0,30,70,0,34,66,0
561,ON,1994,840.899,19588.286,2259.333,488.125,13105.291,1528.333,4,86,10,3,87,10
562,ON,1994,0,24897.221,12613.778,0,19882.666,9969.334,0,66,34,0,67,33
563,ON,1994,0,184,0,0,343,0,0,100,0,0,100,0
564,ON,1994,9655.525,63317.136,18784.862,16696.764,31946.816,17124.565,11,69,20,25,49,26
565,ON,1994,89088.615,205310.547,83155.837,17740.44,50403.013,18203.543,24,54,22,21,58,21
566,ON,1994,255.75,11580.301,7282.75,118.25,4983.449,4728.1,1,61,38,1,51,48
567,ON,1994,6841.667,156859.904,19639.431,2537.222,50640.368,6408.409,4,86,11,4,85,11
568,ON,1994,71907.392,8265.403,266.2,21575.797,2602.306,95.9,89,10,0,89,11,0
569,ON,1994,3219.15,21317.438,66672.412,1523.262,15212.245,63505.494,4,23,73,2,19,79
570,ON,1994,10958.847,221732.624,53853.93,1262.573,31966.02,7695.406,4,77,19,3,78,19
571,ON,1994,8939.888,1915.333,2553.777,2692.222,414.333,552.445,67,14,19,74,11,15
572,ON,1994,3380.883,16324.653,3499.326,525.426,2251.547,757.024,15,70,15,15,64,21
581,BC,1994,96,3012.08,0,174,5721,0,3,97,0,3,97,0
583,AB,1994,0,58.052,83.947,0,77.578,111.421,0,41,59,0,41,59
583,BC,1994,0,3890.321,1193.018,0,7337.444,1703.556,0,77,23,0,81,19
584,AB,1994,0,0,1144,0,0,1526,0,0,100,0,0,100
585,BC,1994,828.222,27402.735,0.625,2002.556,58457.751,1.688,3,97,0,3,97,0
586,AB,1994,8453.541,69105.596,29680.761,4040.235,19693.264,13644.5,8,64,28,11,53,37
587,AB,1994,22765.479,1422.9,0,6653.94,421.8,0,94,6,0,94,6,0
588,AB,1994,4967.61,11417.405,96465.174,2525.118,5329.118,38149.765,4,10,85,5,12,83
589,AB,1994,648.24,2106.78,0,341.412,1109.588,0,24,76,0,24,76,0
590,AB,1994,0,23230.844,44720.535,0,11960.631,39632.37,0,34,66,0,23,77
591,AB,1994,286.1,2549.335,123337.835,245.9,1270.5,83214.498,0,2,98,0,1,98
591,BC,1994,16488.055,79057.836,18452.201,32388.457,137340.882,25287.172,14,69,16,17,70,13
592,AB,1994,803.241,17527.439,97624.781,1192.236,23288.639,77872.126,1,15,84,1,23,76
593,AB,1994,0,6582.706,87411.294,0,3199.059,38603.941,0,7,93,0,8,92
594,AB,1994,0,0,55273.003,0,0,38961.999,0,0,100,0,0,100
595,AB,1994,0,3594.823,80869.177,0,1213.647,26453.353,0,4,96,0,4,96
596,AB,1994,7473.301,40800.564,48687.224,4456.142,21377.227,24048.073,8,42,50,9,43,48
597,AB,1994,1354.8,17062.799,26188,1565.9,18926.2,23479.001,3,38,59,4,43,53
598,AB,1994,0,1573.6,87655.4,0,1006.6,53780.399,0,2,98,0,2,98
599,AB,1994,0,5818,65019,0,4480,36672,0,8,92,0,11,89
600,AB,1994,1912.632,236.294,1945.333,2663.705,404.529,2836.667,47,6,48,45,7,48
609,AB,1994,0,0,285,0,0,447,0,0,100,0,0,100
610,AB,1994,1007.807,9957.757,23593.062,621.858,16090.822,47016.319,3,29,68,1,25,74
610,BC,1994,0,0,0,0,0.999,0,,,,0,100,0
611,AB,1994,156.75,812.85,2724.4,184,1190.7,4422.3,4,22,74,3,21,76
612,AB,1994,0,5709.142,1332.517,0,10388.961,2944.038,0,81,19,0,78,22
615,AB,1994,2967.998,10968.153,0,6472.168,20892.031,0,21,79,0,24,76,0
616,AB,1994,10281.688,2956.072,0,11823.178,5391.821,0,78,22,0,69,31,0
617,AB,1994,1079.43,3167.072,1131.5,2856.572,7411.429,2087,20,59,21,23,60,17
618,AB,1994,738.797,8316.12,562.56,1634.378,6953.107,1187.25,8,86,6,17,71,12
618,BC,1994,398.473,4076.795,823.989,1222.721,15810.822,4710.458,8,77,16,6,73,22
619,AB,1994,0,437,0,0,813,0,0,100,0,0,100,0
622,AB,1994,2032.968,6916.994,0,6361.536,21970.466,0,23,77,0,22,78,0
623,AB,1994,2353.326,12921.725,3007.688,10582.053,50863.899,13189.051,13,71,16,14,68,18
625,AB,1994,23.667,47.334,0,80,160,0,33,67,0,33,67,0
626,AB,1994,0,1082.999,0,0,4101,0,0,100,0,0,100,0
629,AB,1994,181.3,1681.504,368.687,773,10459.133,2576.167,8,75,17,6,76,19
630,AB,1994,67.875,2301.911,43.555,258.25,22278.196,179.556,3,95,2,1,98,1
631,AB,1994,0,1010.5,101.5,0,5496,557,0,91,9,0,91,9
647,SK,1994,2362.571,485.429,0,969.608,199.392,0,83,17,0,83,17,0
650,AB,1994,122.44,2252.918,371.392,967.167,10137.464,1103.368,4,82,14,8,83,9
652,SK,1994,56.41,437.59,0,68.411,530.589,0,11,89,0,11,89,0
657,SK,1994,416.793,4605.708,0,468.79,5597.21,0,8,92,0,8,92,0
658,SK,1994,1743.674,886.276,0,395.834,201.166,0,66,34,0,66,34,0
660,SK,1994,1180.772,16000.978,0,837.54,11224.46,0,7,93,0,7,93,0
661,SK,1994,65.658,5123.342,0,51.895,4387.105,0,1,99,0,1,99,0
662,SK,1994,75.8,303.2,0,17.2,68.8,0,20,80,0,20,80,0
667,MB,1994,0,292,0,0,315,0,0,100,0,0,100,0
669,MB,1994,0,16354.85,0,0,13720,0,0,100,0,0,100,0
669,SK,1994,0,0,957,0,0,320,0,0,100,0,0,100
672,SK,1994,7315.412,5651.968,410.17,3955.137,2425.886,172.977,55,42,3,60,37,3
677,MB,1994,0,0,3652,0,0,5613,0,0,100,0,0,100
678,AB,1994,4243.6,96421.551,5065.627,7959.609,154262.374,6540.176,4,91,5,5,91,4
679,AB,1994,0,11513.769,0,0,32324,0,0,100,0,0,100,0
680,AB,1994,4009.75,73830.658,0,7333.61,104332.001,0,5,95,0,7,93,0
680,SK,1994,1998.965,28442.983,0,4113.967,32879.032,0,7,93,0,11,89,0
681,AB,1994,2945.612,75502.929,18913.41,2380,56806.951,14891.44,3,78,19,3,77,20
682,SK,1994,6138.774,7963.62,5006.457,5978.728,10330.933,461.339,32,42,26,36,62,3
683,AB,1994,45473.77,21607,0,35285,7344,0,68,32,0,83,17,0
684,AB,1994,398.671,62159.634,23414.814,1315.613,169804.237,62062.85,0,72,27,1,73,27
685,SK,1994,1194.959,31477.589,16780.001,945.523,29525.638,8408.842,2,64,34,2,76,22
686,AB,1994,0,11397.39,0,0,20904.999,0,0,100,0,0,100,0
686,SK,1994,104.315,3710.686,0,104.13,3701.871,0,3,97,0,3,97,0
687,AB,1994,3159.001,10591.1,0,4289.837,13318.139,0,23,77,0,24,76,0
687,SK,1994,12047.876,115596.12,0,7467.975,58745.024,0,9,91,0,11,89,0
688,AB,1994,0,67240.3,0,0,52780.8,0,0,100,0,0,100,0
689,SK,1994,3584.414,49790.083,0,3708.434,18672.566,0,7,93,0,17,83,0
690,SK,1994,4091.688,49103.712,0,3114.754,29681.245,0,8,92,0,9,91,0
691,SK,1994,17455.52,1711.78,0,6633.472,101.528,0,91,9,0,98,2,0
692,AB,1994,43.824,25629.615,9098.453,174.484,83505.32,40081.211,0,74,26,0,67,32
693,SK,1994,15314.002,119562.003,0,7836.109,20893.888,0,11,89,0,27,73,0
694,SK,1994,40937.215,39937.452,19750.336,11960.487,11714.3,5471.213,41,40,20,41,40,19
695,SK,1994,35282.382,18117.618,0,15456.749,11562.253,0,66,34,0,57,43,0
696,SK,1994,74004.689,101878.262,0,29584.236,27812.766,0,42,58,0,52,48,0
697,SK,1994,0,8178.894,44028.105,0,2488.787,13427.215,0,16,84,0,16,84
698,SK,1994,31529.213,21919.284,0,8193.15,7981.852,0,59,41,0,51,49,0
699,SK,1994,0,40264.001,0,0,20088,0,0,100,0,0,100,0
700,SK,1994,0,10457.362,31991.689,0,6895.83,9918.173,0,25,75,0,41,59
701,SK,1994,63518.767,14984.632,0,29128.438,3292.561,0,81,19,0,90,10,0
702,SK,1994,9013.748,196634.155,18673.096,2958.058,25213.144,270.796,4,88,8,10,89,1
703,AB,1994,0,48753.069,733.759,0,129347.739,2053.03,0,99,1,0,98,2
704,SK,1994,1128.706,65021.844,23161.748,669.533,21218.262,6843.204,1,73,26,2,74,24
705,SK,1994,0,62450.805,216294.195,0,26571.246,16272.756,0,22,78,0,62,38
706,SK,1994,3779.287,115707.715,0,392.093,19760.909,0,3,97,0,2,98,0
707,SK,1994,17858.913,176786.721,1763.469,14660.397,45274.667,722.934,9,90,1,24,75,1
708,AB,1994,1742.4,55521.792,0,4366.8,131549.3,0,3,97,0,3,97,0
709,MB,1994,4468.958,149519.327,13986.566,3860.439,73828.02,4028.538,3,89,8,5,90,5
709,SK,1994,30602.019,190639.906,12350.071,10780.806,49798.852,2670.345,13,82,5,17,79,4
710,SK,1994,1607.915,18698.385,0,1108.79,17824.208,0,8,92,0,6,94,0
711,SK,1994,299.353,23839.599,0,1193.634,18756.364,0,1,99,0,6,94,0
714,MB,1994,0,1803,0,0,1493,0,0,100,0,0,100,0
714,SK,1994,0,59727.912,5199.538,0,33247.588,2980.411,0,92,8,0,92,8
715,MB,1994,839.142,16808.318,11603.64,1265.338,11124.648,9771.014,3,57,40,6,50,44
715,SK,1994,0,10168.648,2911.353,0,3956.104,917.895,0,78,22,0,81,19
716,MB,1994,4475.65,39275.55,19329.55,3557.999,24987.5,14636.5,7,62,31,8,58,34
717,MB,1994,46418.31,44536.656,13184.53,24817.64,26888.68,3783.68,45,43,13,45,48,7
718,MB,1994,0,3491.7,0,0,8851,0,0,100,0,0,100,0
720,MB,1994,0,0,2272.6,0,0,5438,0,0,100,0,0,100
723,MB,1994,82,31034.249,3739.7,307,102232.998,3729,0,89,11,0,96,4
724,MB,1994,2756.755,26286.457,128432.439,7435.057,23736.859,80670.086,2,17,82,7,21,72
726,MB,1994,51489.785,0,1667.163,69532.489,0,872.513,97,0,3,99,0,1
727,AB,1994,25039.816,169976.916,131227.498,21730.941,117316.812,64909.029,8,52,40,11,58,32
728,AB,1994,4075.833,194836.089,3702.176,2043.611,48163.015,552.274,2,96,2,4,95,1
729,AB,1994,38511.887,117445.365,0,19700.662,36314.118,0,25,75,0,35,65,0
729,SK,1994,27080.756,442085.244,0,6882.871,102008.122,0,6,94,0,6,94,0
730,AB,1994,48548.243,441360.383,12910.555,25564.725,171061.294,4995.278,10,88,3,13,85,2
731,AB,1994,22214.489,444991.121,0,15122.112,167254.959,0,5,95,0,8,92,0
732,AB,1994,0,12644.1,0,0,22429.8,0,0,100,0,0,100,0
733,SK,1994,32964.823,170641.858,10395.312,3791.638,53525.673,1001.688,15,80,5,7,92,2
734,SK,1994,42810.179,14450.819,0,14755.67,2052.331,0,75,25,0,88,12,0
735,SK,1994,4816.962,177776.044,0,5686.199,27294.803,0,3,97,0,17,83,0
736,SK,1994,42439.038,237336.202,8283.759,8739.518,39476.566,699.917,15,82,3,18,81,1
737,AB,1994,19614.2,102765.75,14024.9,16183.3,88468.7,10688.8,14,75,10,14,77,9
738,AB,1994,9333.51,134061.47,0,5104.25,24310.5,0,7,93,0,17,83,0
739,AB,1994,110605.433,9607.5,0,83878.453,8638.2,0,92,8,0,91,9,0
739,SK,1994,51224.036,4753.961,0,18751.198,1719.802,0,92,8,0,92,8,0
740,AB,1994,14089.4,145757.901,0,13606,84261.4,0,9,91,0,14,86,0
741,SK,1994,4528.393,163948.357,1483.25,237.889,11032.851,30.262,3,96,1,2,98,0
742,SK,1994,33175.734,11875.266,0,10947.987,388.013,0,74,26,0,97,3,0
743,AB,1994,2370.6,87162.252,0,460.8,35212.227,0,3,97,0,1,99,0
743,SK,1994,4976.413,8094.036,3003.556,780.293,2395.678,865.778,31,50,19,19,59,21
744,AB,1994,0,186006.62,15363.68,0,81886.79,2578.56,0,92,8,0,97,3
745,SK,1994,30693.314,779204.619,3426.073,6281.868,81888.678,478.45,4,96,0,7,92,1
746,AB,1994,0,153963.65,0,0,87344.9,0,0,100,0,0,100,0
747,SK,1994,31786.486,45812.516,0,15543.59,6472.409,0,41,59,0,71,29,0
748,SK,1994,6946.449,724196.322,874.235,1757.818,96241.742,111.446,1,99,0,2,98,0
749,SK,1994,19190.332,398385.671,0,2342.412,64354.111,0,5,95,0,4,96,0
750,AB,1994,0,63876.14,15296.86,0,106824.43,26513.17,0,81,19,0,80,20
751,MB,1994,13033.79,40472.558,0,11606.912,17922.03,84.406,24,76,0,39,61,0
751,SK,1994,16367.265,15701.582,0,7141.616,6345.383,0,51,49,0,53,47,0
752,MB,1994,0,125023.201,1691.798,0,36834.964,548.034,0,99,1,0,99,1
752,SK,1994,16746.537,491411.458,0,4119.425,79561.581,0,3,97,0,5,95,0
753,MB,1994,3747.801,475669.284,6873.912,1931.133,131938.778,2396.086,1,98,1,1,97,2
754,SK,1994,3974.102,181051.01,64018.888,2077.934,16606.076,5925.99,2,73,26,8,67,24
755,SK,1994,2764.945,211413.054,0,219.663,25181.336,0,1,99,0,1,99,0
756,SK,1994,7089.892,392946.11,0,615.102,62736.895,0,2,98,0,1,99,0
757,MB,1994,64179.304,26145.696,1572.65,42005.252,7874.75,0,70,28,2,84,16,0
758,MB,1994,46704.46,127161.905,10008.034,21935.997,34571.022,8204.458,25,69,5,34,53,13
759,MB,1994,4936.281,35002.719,0,6936.776,13275.224,0,12,88,0,34,66,0
760,MB,1994,0,93032.002,0,3068.818,16279.182,0,0,100,0,16,84,0
760,SK,1994,6434.215,415349.786,0,6426.474,73601.527,0,2,98,0,8,92,0
761,SK,1994,0,20233.001,2597,0,6621.001,881,0,89,11,0,88,12
762,SK,1994,34448.139,91439.859,0,7139.333,18043.206,0,27,73,0,28,72,0
763,MB,1994,99856.083,61989.466,6060.45,60026.597,26043.73,6408.674,59,37,4,65,28,7
763,SK,1994,47975.749,16327.253,0,6937.02,4093.979,0,75,25,0,63,37,0
764,MB,1994,101.407,76774.594,0,1436.395,23067.603,0,0,100,0,6,94,0
765,MB,1994,3923.792,365454.21,0,6989.425,68597.032,1061.614,1,99,0,9,89,1
766,MB,1994,1088.108,192547.897,0,687.521,41846.478,0,1,99,0,2,98,0
767,SK,1994,4084.772,458643.543,48812.684,385.722,30444.659,3437.621,1,90,10,1,89,10
768,SK,1994,0,45636,0,0,6460.003,0,0,100,0,0,100,0
769,AB,1994,0,117224.9,0,0,48157.15,0,0,100,0,0,100,0
770,SK,1994,74514.622,240598.803,9026.574,19181.436,30278.116,1306.447,23,74,3,38,60,3
771,AB,1994,16475.389,92520.714,266.6,6147.561,33582.531,69,15,85,0,15,84,0
771,SK,1994,0,53016.337,1743.665,569.44,7724.561,351,0,97,3,7,89,4
772,SK,1994,16530.124,30251.877,0,8486.432,1765.569,0,35,65,0,83,17,0
773,SK,1994,13050.721,282717.834,33011.448,1830.5,21196.316,3333.187,4,86,10,7,80,13
774,SK,1994,0,70045.002,0,0,4520,0,0,100,0,0,100,0
775,SK,1994,3479.901,76093.103,0,130.447,7200.555,0,4,96,0,2,98,0
776,SK,1994,45939.224,9842.778,0,19704.407,2201.596,0,82,18,0,90,10,0
777,AB,1994,14982.1,3464.25,0,8016.7,1803.3,0,81,19,0,82,18,0
778,SK,1994,22641.467,9538.533,0,2471.001,1040.999,0,70,30,0,70,30,0
779,AB,1994,0,37021.5,0,0,10281.6,0,0,100,0,0,100,0
780,SK,1994,9317.606,55825.199,281410.194,740.149,1758.59,8684.265,3,16,81,7,16,78
781,AB,1994,13818,60939.399,156892.802,3514.56,8803.971,10463.449,6,26,68,15,39,46
782,SK,1994,19610.47,591155.536,0,4594.15,43694.845,0,3,97,0,10,90,0
783,SK,1994,0,302710.998,0,0,20870.997,0,0,100,0,0,100,0
784,SK,1994,13571.41,81641.925,2277.664,2912.611,10028.543,202.842,14,84,2,22,76,2
785,SK,1994,0,87354.717,6624.285,0,6820.436,197.564,0,93,7,0,97,3
786,AB,1994,0,107577.9,21.6,0,23561.8,13.7,0,100,0,0,100,0
787,AB,1994,0,52323.9,0,0,6182.5,0,0,100,0,0,100,0
788,AB,1994,0,53277.4,17583.6,0,10323.2,1138.8,0,75,25,0,90,10
789,SK,1994,17531.159,141272.268,2786.572,8806.055,10043.946,0,11,87,2,47,53,0
790,AB,1994,15288,45495.5,0,3616.2,5858.401,0,25,75,0,38,62,0
791,AB,1994,0,205184,0,0,18754,0,0,100,0,0,100,0
792,SK,1994,40750.334,64519.321,651443.346,11044.624,14255.864,12246.516,5,9,86,29,38,33
793,AB,1994,52111.836,374363.208,24676.259,11159.241,92691.069,4723.823,12,83,5,10,85,4
794,SK,1994,0,515513.001,0,0,31525,0,0,100,0,0,100,0
795,SK,1994,0,277393.001,0,1106.28,22747.718,0,0,100,0,5,95,0
796,SK,1994,17376.386,61569.608,0,4974.671,5942.312,0,22,78,0,46,54,0
797,AB,1994,2058.7,17404.5,70.5,690.9,6615.005,32,11,89,0,9,90,0
798,AB,1994,37653.9,360958.5,33374.25,15157.4,117646.09,12403.21,9,84,8,10,81,9
799,AB,1994,0,64888,0,0,64140,0,0,100,0,0,100,0
800,AB,1994,0,81890.35,79682.4,0,53321.02,38667.64,0,51,49,0,58,42
801,AB,1994,0,39782.15,3155.85,0,43361.8,3889.2,0,93,7,0,92,8
802,AB,1994,0,70258.8,0,726.99,40893.8,0,0,100,0,2,98,0
803,SK,1994,7484.316,111627.638,57758.051,1156.959,6680.284,2915.754,4,63,33,11,62,27
804,AB,1994,15562.79,44320.26,0,7877.43,12246.32,0,26,74,0,39,61,0
805,AB,1994,5026.654,7559.57,4284.778,736.286,952.714,540,30,45,25,33,43,24
805,SK,1994,5229.219,46380.641,26229.139,516.203,3799.096,1806.704,7,60,34,8,62,30
806,AB,1994,2451.1,79572.14,610.05,1299,52763.12,289.1,3,96,1,2,97,1
807,SK,1994,0,70661.632,9358.368,0,3563.466,363.533,0,88,12,0,91,9
808,SK,1994,3538.621,116806.112,452316.262,159.829,5829.065,17319.107,1,20,79,1,25,74
809,AB,1994,5560.455,116738.195,0,1409.4,21272.95,0,5,95,0,6,94,0
809,SK,1994,4344.738,111564.703,28109.561,491.623,7797.298,694.077,3,77,20,5,87,8
810,SK,1994,0,105819.003,0,0,7626.003,0,0,100,0,0,100,0
811,AB,1994,4645.8,4894.504,35013.396,636,540,2841,10,11,79,16,13,71
811,SK,1994,0,384.819,1026.182,0,30.545,81.455,0,27,73,0,27,73
812,AB,1994,29565.851,21136.59,20786.8,26256.575,18255.775,15597.25,41,30,29,44,30,26
813,SK,1994,3593.327,90363.553,41417.116,688.89,10848.703,4008.408,3,67,31,4,70,26
814,AB,1994,1437.75,13089.85,0,718.65,5794.78,0,10,90,0,11,89,0
815,AB,1994,22788.4,17628.044,0,8681.501,7417.324,0,56,44,0,54,46,0
815,SK,1994,23441.166,8827.837,0,1023.948,727.456,0,73,27,0,58,42,0
816,SK,1994,55588.837,366938.09,28383.071,17585.109,38420.905,1121.856,12,81,6,31,67,2
817,SK,1994,0,94026.15,3702.853,0,3855.513,167.485,0,96,4,0,96,4
818,AB,1994,0,30609.45,0,0,18192.8,0,0,100,0,0,100,0
819,SK,1994,24024.313,6854.689,0,2681.094,759.905,0,78,22,0,78,22,0
820,SK,1994,739.92,186269.906,749.169,0,23846.297,70.7,0,99,0,0,100,0
821,AB,1994,1986.834,91109.249,697.075,623.402,17038.908,442.448,2,97,1,3,94,2
821,SK,1994,834.966,176371.035,0,842.304,26555.698,0,0,100,0,3,97,0
822,SK,1994,6676.035,158856.229,1646.731,911.999,21515.986,558.014,4,95,1,4,94,2
823,AB,1994,24713.2,121957.802,0,6365.744,28459.255,0,17,83,0,18,82,0
824,SK,1994,25176.684,73252.005,1387.309,5859.175,15838.821,0,25,73,1,27,73,0
825,SK,1994,700.234,496310.767,0,642.988,49659.8,0,0,100,0,1,99,0
826,SK,1994,19701.423,675203.07,98166.954,5146.795,68498.155,2167.72,2,85,12,7,90,3
827,SK,1994,31880.34,13601.887,2193.771,17680.305,6422.986,864.709,67,29,5,71,26,3
828,AB,1994,19309.524,580198.822,0,2649.859,72783.54,0,3,97,0,4,96,0
829,AB,1994,21265,10553,0,6357.2,3010.8,0,67,33,0,68,32,0
830,SK,1994,18611.795,295362.989,41206.212,2397.534,26961.323,2425.177,5,83,12,8,85,8
831,SK,1994,6627.873,147748.337,1345.788,505.693,11757.306,0,4,95,1,4,96,0
832,SK,1994,17538.935,315736.975,1126.083,3367.59,55724.514,489.896,5,94,0,6,94,1
833,AB,1994,104,19254,31.2,32,4482.4,9.6,1,99,0,1,99,0
833,SK,1994,0,39303.225,26368.774,0,16241.681,9674.319,0,60,40,0,63,37
834,SK,1994,0,65509.839,163039.161,0,5447.082,17871.917,0,29,71,0,23,77
835,SK,1994,0,6312.193,15429.806,0,1583.419,3870.58,0,29,71,0,29,71
836,AB,1994,0,9441,0,0,1336,0,0,100,0,0,100,0
837,AB,1994,0,23245,0,0,6960,0,0,100,0,0,100,0
837,SK,1994,0,14630.577,3385.424,0,8918.996,1192.004,0,81,19,0,88,12
838,AB,1994,888.4,3777.601,0,754.3,1858.7,0,19,81,0,29,71,0
838,SK,1994,0,59408.13,2758.554,0,14637.838,1382.828,0,96,4,0,91,9
839,MB,1994,8695.643,77397.819,9463.537,2216.909,25602.474,3180.619,9,81,10,7,83,10
840,MB,1994,45871.386,11680.187,13834.427,25322.547,13254.734,5342.718,64,16,19,58,30,12
841,MB,1994,19569.659,20985.842,0,1825.854,52863.147,0,48,52,0,3,97,0
843,MB,1994,15945.701,9470.3,0,15962.25,7832.752,0,63,37,0,67,33,0
844,MB,1994,9911.712,38863.621,5898.665,9007.689,30585.517,4388.794,18,71,11,20,70,10
846,MB,1994,0,16756.003,0,0,39393.998,0,0,100,0,0,100,0
847,MB,1994,0,28741.05,20355.65,0,12205.551,4988.45,0,59,41,0,71,29
848,MB,1994,918.842,8602.908,0,642.316,6540.685,0,10,90,0,9,91,0
849,MB,1994,11778,41635.279,647055.722,3990.604,18438.624,79183.771,2,6,92,4,18,78
850,MB,1994,122738.829,29669.169,0,70631.034,8992.967,0,81,19,0,89,11,0
851,MB,1994,0,42998.522,33919.478,0,7775.656,6508.344,0,56,44,0,54,46
852,MB,1994,42251.727,97482.564,115267.709,8435.219,8163.778,9449.002,17,38,45,32,31,36
853,MB,1994,0,18220.618,33561.382,0,750.894,1383.105,0,35,65,0,35,65
854,MB,1994,5839.875,73950.125,0,1878.875,20068.126,0,7,93,0,9,91,0
855,MB,1994,0,10921,0,0,5309,0,0,100,0,0,100,0
940,BC,1994,68,15,0,399,87,0,82,18,0,82,18,0
943,BC,1994,0,3,0,0,3,0,0,100,0,0,100,0
944,BC,1994,150.652,22.449,0.9,842.285,118.92,2.8,87,13,1,87,12,0
950,BC,1994,49.926,440.542,0,197.179,1967.818,0,10,90,0,9,91,0
955,BC,1994,36.486,17.914,62.5,276.528,90.171,497.3,31,15,53,32,10,58
956,BC,1994,714.038,752.543,461.933,4609.324,4097.547,1623.13,37,39,24,45,40,16
957,BC,1994,114.824,78.017,0,363.172,241.832,0,60,40,0,60,40,0
958,BC,1994,13.75,5.25,0,36.144,14.856,0,72,28,0,71,29,0
959,BC,1994,3378.857,16965.174,437.952,5397.015,31359.743,913.524,16,82,2,14,83,2
960,BC,1994,17,0,0,45,0,0,100,0,0,100,0,0
962,BC,1994,0,16,0,0,96,0,0,100,0,0,100,0
969,BC,1994,0,47.49,0,0,239,0,0,100,0,0,100,0
971,BC,1994,71.25,4.75,0,409.45,27.549,0,94,6,0,94,6,0
972,BC,1994,2397.799,1363.114,2512.897,21317.772,10769.855,18978.373,38,22,40,42,21,37
974,BC,1994,204.327,77.033,76.64,2105.547,653.333,844.12,57,22,21,58,18,23
975,BC,1994,25,0,0,675,0,0,100,0,0,100,0,0
976,BC,1994,248.183,408.376,0,4301.721,7807.281,0,38,62,0,36,64,0
977,BC,1994,481.597,689.846,0,6217.709,7607.291,0,41,59,0,45,55,0
978,BC,1994,728.47,1476.847,0,4988.293,11763.706,0,33,67,0,30,70,0
979,BC,1994,2671.22,8044.778,0,19713.572,50815.429,0,25,75,0,28,72,0
980,BC,1994,24.75,6.6,1.65,192,51.2,12.8,75,20,5,75,20,5
981,BC,1994,0,59,23,1,401,156,0,72,28,0,72,28
982,BC,1994,2207.209,1982.215,2532.781,17249.032,18011.128,24518.846,33,29,38,29,30,41
987,BC,1994,4,6,0,105,121,0,40,60,0,46,54,0
988,BC,1994,225.88,129.12,0,1134.58,645.42,0,64,36,0,64,36,0
990,BC,1994,187.408,32.598,0,737.331,73.666,0,85,15,0,91,9,0
991,BC,1994,128.609,3008.752,504.589,362.958,6197.372,1772.67,4,83,14,4,74,21
992,BC,1994,9.867,27.133,0,29.067,79.933,0,27,73,0,27,73,0
995,BC,1994,26.616,124.384,0,124.776,527.223,0,18,82,0,19,81,0
1001,BC,1994,944.126,686.902,0,3935.358,2962.642,0,58,42,0,57,43,0
1002,BC,1994,276.3,42.7,0,860.3,133.7,0,87,13,0,87,13,0
1003,BC,1994,13,0,0,50,0,0,100,0,0,100,0,0
1004,BC,1994,415.025,1211.991,327.7,3314.68,6485.264,2708.05,21,62,17,27,52,22
1005,BC,1994,2286.645,2994.087,0,12188.319,18948.679,0,43,57,0,39,61,0
1006,BC,1994,2664.7,3787.529,0,21270.664,35048.337,0,41,59,0,38,62,0
1007,BC,1994,3216.428,3061.786,3189.909,4490.194,4787.144,5018.661,34,32,34,31,33,35
1008,BC,1994,1323.574,570.246,368.176,4687.815,2088.309,1405.879,59,25,16,57,26,17
1009,BC,1994,1160.49,289.153,0,2559.598,622.401,0,80,20,0,80,20,0
1010,BC,1994,1659.779,691.258,0,1428.656,962.343,0,71,29,0,60,40,0
1011,BC,1994,762.612,141.366,0,2789.309,549.69,0,84,16,0,84,16,0
1012,BC,1994,88.58,33.419,0,1119.287,198.714,0,73,27,0,85,15,0
1013,BC,1994,337.664,226.999,227.334,2102.779,1257.444,1229.778,43,29,29,46,27,27
1015,BC,1994,1277.063,1116.939,0,2624.008,2323.99,0,53,47,0,53,47,0
1016,AB,1994,1281.5,1422.5,0,3149,4123,0,47,53,0,43,57,0
1017,BC,1994,55.759,26.24,0,740.04,536.96,0,68,32,0,58,42,0
1018,AB,1994,367.4,12334.3,138.7,670,26217.95,434.95,3,96,1,2,96,2
9593,AB,1994,0,11545,46180,0,5994.4,23977.6,0,20,80,0,20,80
9607,AB,1994,0,0,586,0,0,227,0,0,100,0,0,100
9609,AB,1994,646.833,4722.297,2651.85,1250.35,7696.15,3778.5,8,59,33,10,60,30
9687,AB,1994,6554.706,132432.123,0,6882.222,103688.226,0,5,95,0,6,94,0
9787,AB,1994,0,84452.53,0,0,11817.34,0,0,100,0,0,100,0
244,AB,1995,0,0,1259,0,0,766,0,0,100,0,0,100
244,BC,1995,0,48,11,0,322,76,0,81,19,0,81,19
252,BC,1995,0,60,0,0,194,0,0,100,0,0,100,0
371,MB,1995,0,0,89,0,0,92,0,0,100,0,0,100
374,ON,1995,10,0,0,212,0,0,100,0,0,100,0,0
375,MB,1995,1750.727,15682.558,40182.134,2235.08,10214.014,19023.557,3,27,70,7,32,60
376,MB,1995,0,17,0,0,38,0,0,100,0,0,100,0
378,ON,1995,61,1298,0,460,6172,0,4,96,0,7,93,0
379,MB,1995,950.531,635.869,0,2044.637,1528.36,0,60,40,0,57,43,0
380,MB,1995,1860.74,130.067,2314.493,4253.73,1761.619,2688.651,43,3,54,49,20,31
381,ON,1995,0,3785,0,0,42824,0,0,100,0,0,100,0
383,ON,1995,227.286,2500.715,0,1804.286,12049.715,0,8,92,0,13,87,0
386,ON,1995,78,0,0,630,0,0,100,0,0,100,0,0
391,ON,1995,43,0,0,168,0,0,100,0,0,100,0,0
400,ON,1995,0,0,249,0,0,3906,0,0,100,0,0,100
401,ON,1995,97.308,531.661,920.033,1176.189,4174.466,15491.342,6,34,59,6,20,74
401,QC,1995,766,35,11024.231,7387.999,262,82712.13,6,0,93,8,0,92
402,ON,1995,0,64,0,0,956,0,0,100,0,0,100,0
407,ON,1995,218.318,0,122.682,1668.857,0,917.143,64,0,36,65,0,35
408,ON,1995,0,14161,0,0,42688,0,0,100,0,0,100,0
408,QC,1995,1059.722,425.118,6262.301,4527.978,3097.778,29399.719,14,5,81,12,8,79
409,ON,1995,49,625.999,0,728,5558,0,7,93,0,12,88,0
410,ON,1995,57.8,187.2,0,349.2,1180.8,0,24,76,0,23,77,0
411,ON,1995,4199.691,2104.306,0,31758.276,9470.723,0,67,33,0,77,23,0
412,ON,1995,0,182.6,730.4,0,2014.4,8057.6,0,20,80,0,20,80
413,ON,1995,4297.097,974.882,251.613,59595.85,8943.126,1825.852,78,18,5,85,13,3
415,QC,1995,364.22,0,0,1776,0,0,100,0,0,100,0,0
418,QC,1995,7702.078,792.7,558.998,20498.001,2559,2521.999,85,9,6,80,10,10
419,QC,1995,233,0,0,499,0,0,100,0,0,100,0,0
421,QC,1995,739.66,0,0,3651,0,0,100,0,0,100,0,0
422,QC,1995,48,0,0,352,0,0,100,0,0,100,0,0
423,QC,1995,711.66,492,0,6111,4363,0,59,41,0,58,42,0
424,QC,1995,1321.001,667.002,1236,4752,4745.1,834.9,41,21,38,46,46,8
425,QC,1995,6597.881,2272.301,5306.982,41221.4,24810.63,27271.771,47,16,37,44,27,29
426,QC,1995,2541,355,0,7527,738,0,88,12,0,91,9,0
431,QC,1995,6,0,0,46,0,0,100,0,0,100,0,0
438,QC,1995,307.42,0,0,822,0,0,100,0,0,100,0,0
439,QC,1995,180,0,0,412,0,0,100,0,0,100,0,0
440,QC,1995,228,0,0,770,0,0,100,0,0,100,0,0
441,QC,1995,17836.75,22447.838,2985.382,34904.32,55592.089,6498.781,41,52,7,36,57,7
455,NF,1995,8,0,0,325,0,0,100,0,0,100,0,0
458,NF,1995,64,149.37,0,91,1050,0,30,70,0,8,92,0
460,NF,1995,0,16,0,0,68,0,0,100,0,0,100,0
461,NF,1995,0,241.671,0,0,946,0,0,100,0,0,100,0
462,NF,1995,0,24.999,0,0,101.001,0,0,100,0,0,100,0
463,NF,1995,0,289,0,0,809.999,0,0,100,0,0,100,0
466,NF,1995,26,299.962,0,65,1087.999,0,8,92,0,6,94,0
468,NF,1995,0,55.8,0,0,179,0,0,100,0,0,100,0
471,NF,1995,118,284.04,0,136,447,0,29,71,0,23,77,0
475,NF,1995,0,349.679,0,0,2500.999,0,0,100,0,0,100,0
477,NF,1995,22.67,0,0,161,0,0,100,0,0,100,0,0
478,QC,1995,741,942.7,0,3638,4252.601,0,44,56,0,46,54,0
479,QC,1995,4116.487,22496.955,3948.12,14935.946,90174.752,11836.3,13,74,13,13,77,10
481,QC,1995,0,3523,0,0,12676,0,0,100,0,0,100,0
482,QC,1995,9435.46,10557.04,0,86171,75746.402,0,47,53,0,53,47,0
483,QC,1995,7385.271,18679.427,389.299,50330.476,80648.323,1906.199,28,71,1,38,61,1
484,NB,1995,0,162,0,0,434,0,0,100,0,0,100,0
484,QC,1995,345,3112.97,0,1645,8396,0,10,90,0,16,84,0
485,NB,1995,393.178,482.822,0,1364.762,1115.238,0,45,55,0,55,45,0
486,NB,1995,713.5,6148.5,0,611.59,4982.41,0,10,90,0,11,89,0
487,NB,1995,307.63,501.369,0,1162.587,2919.414,0,38,62,0,28,72,0
487,QC,1995,18.167,1055.832,0,84.137,4627.861,0,2,98,0,2,98,0
488,NB,1995,28.667,298.333,0,84,864,0,9,91,0,9,91,0
489,NB,1995,156,601,0,437,1587,0,21,79,0,22,78,0
490,NB,1995,238,693,0,997.592,853.408,0,26,74,0,54,46,0
493,NB,1995,1684.167,16178.637,992.194,1789.048,15349.889,777.065,9,86,5,10,86,4
494,NB,1995,0,13243.001,0,0,13607.001,0,0,100,0,0,100,0
495,NB,1995,188.75,447.25,0,1118.24,2255.76,0,30,70,0,33,67,0
496,NB,1995,2408.065,403.104,209.829,18177.573,3181.656,1520.771,80,13,7,79,14,7
497,NB,1995,87,1169,0,1055.25,2292.75,0,7,93,0,32,68,0
498,NB,1995,304,0,0,1847,0,0,100,0,0,100,0,0
499,NB,1995,558.479,324.52,13,1393.12,2871.43,86.45,62,36,1,32,66,2
500,NB,1995,5379.682,121.421,201.9,11006.031,272.829,900.7,94,2,4,90,2,7
501,NB,1995,808.317,2112.682,0,1417.612,3129.388,0,28,72,0,31,69,0
502,NB,1995,315.009,590.991,0,1398.956,3097.046,0,35,65,0,31,69,0
503,NB,1995,1871.539,1846.461,20,8820.809,14064.192,132,50,49,1,38,61,1
504,NB,1995,1201,428,0,7465,390,0,74,26,0,95,5,0
504,NS,1995,4493.042,1520.473,0,21785.593,8462.404,0,75,25,0,72,28,0
505,NB,1995,212,779.002,0,1064,5128.001,0,21,79,0,17,83,0
506,NB,1995,26,482,0,790.96,1642.04,0,5,95,0,33,67,0
507,NB,1995,214.998,1347.002,0,1822,6981.499,0,14,86,0,21,79,0
507,NS,1995,4026.91,1877.772,0,8286.815,4556.935,0,68,32,0,65,35,0
508,NB,1995,501.998,0,0,812.998,0,0,100,0,0,100,0,0
509,NS,1995,265.001,1522.998,0,594,4063,0,15,85,0,13,87,0
510,NS,1995,85.15,71.5,0,232.333,190.666,0,54,46,0,55,45,0
511,NS,1995,0,87.001,0,0,136.999,0,0,100,0,0,100,0
512,NS,1995,0,2189.523,0,0,4253.001,0,0,100,0,0,100,0
513,NS,1995,128.472,398.113,0,446.132,1223.869,0,24,76,0,27,73,0
514,NS,1995,5.69,0,0,29,0,0,100,0,0,100,0,0
516,NS,1995,432.201,917.71,0,1920.858,2330.138,0,32,68,0,45,55,0
517,NS,1995,632.524,4082.31,0,3107.518,23405.482,0,13,87,0,12,88,0
518,NS,1995,10238.906,4558.802,0,14467.04,11579.513,0,69,31,0,56,44,0
519,NS,1995,0,258,0,0,838,0,0,100,0,0,100,0
520,NS,1995,15.333,523.665,0,77.75,2137.249,0,3,97,0,4,96,0
521,NS,1995,0,100,0,0,711,0,0,100,0,0,100,0
522,NS,1995,117.131,346.787,0,899.604,3483.397,0,25,75,0,21,79,0
523,NS,1995,238.589,598.942,0,722.466,4163.532,0,28,72,0,15,85,0
524,NS,1995,15,22,0,155,113,0,41,59,0,58,42,0
525,NS,1995,421.571,2040.089,0,1924.749,6858.254,0,17,83,0,22,78,0
527,NS,1995,81.194,842.808,0,231.109,2196.89,0,9,91,0,10,90,0
528,NS,1995,1724.111,1440.671,0,1538.909,1550.094,0,54,46,0,50,50,0
529,NS,1995,0,506.001,0,0,668.997,0,0,100,0,0,100,0
530,NS,1995,30.667,1318.333,0,104,1657.997,0,2,98,0,6,94,0
531,NS,1995,540.391,1625.888,0,821.544,4312.453,0,25,75,0,16,84,0
534,PE,1995,15981.118,5031.881,0,15542.419,3939.581,0,76,24,0,80,20,0
535,PE,1995,20929,0,0,13342,0,0,100,0,0,100,0,0
536,PE,1995,40805.082,2208.916,0,40556.334,2622.667,0,95,5,0,94,6,0
537,PE,1995,21979.222,516.778,0,24043.113,610.888,0,98,2,0,98,2,0
538,PE,1995,6298,0,0,3758,0,0,100,0,0,100,0,0
539,QC,1995,36,423.21,81.98,259.752,836.248,230,7,78,15,20,63,17
540,QC,1995,132470.251,74624.415,54748.548,258647.422,99796.724,90940.661,51,28,21,58,22,20
541,ON,1995,0,12137.099,1967.9,1523.44,5806.561,1672,0,86,14,17,65,19
541,QC,1995,121779.287,36101.12,236398.012,79756.072,21729.999,130083.929,31,9,60,34,9,56
542,ON,1995,0,562.938,9691.382,3526.561,2538.432,43851.009,0,5,95,7,5,88
543,ON,1995,3975,24320.554,8699.991,10623.298,35576.953,18169.484,11,66,24,17,55,28
543,QC,1995,0,210,681,0,876,3301.4,0,24,76,0,21,79
544,ON,1995,1389.005,45097.083,11492.118,6375.401,42191.669,10143.93,2,78,20,11,72,17
545,ON,1995,2072.568,10312.888,8579.849,9058.881,12788.554,15864.567,10,49,41,24,34,42
546,ON,1995,0,23942.219,4998.742,0,45360.434,10693.568,0,83,17,0,81,19
546,QC,1995,0,231,0,0,440,0,0,100,0,0,100,0
547,ON,1995,3600.394,16136.107,11235.081,19947.305,34634.91,38976.078,12,52,36,21,37,42
548,QC,1995,245.96,0,0,496,0,0,100,0,0,100,0,0
549,ON,1995,0,337.32,3688.8,0,1660.5,18026.5,0,8,92,0,8,92
550,ON,1995,709.394,2956.697,874.66,7611.417,39334.55,10885.802,16,65,19,13,68,19
551,ON,1995,22707.355,53935.199,33002.847,57766.989,63264.904,83058.108,21,49,30,28,31,41
552,ON,1995,20904.879,3862.963,0,80268.215,27733.558,15.429,84,16,0,74,26,0
553,ON,1995,56559.891,92215.809,15808.303,70622.952,89235.25,20875.8,34,56,10,39,49,12
554,ON,1995,13472.814,2727.364,0,45326.628,6582.372,0,83,17,0,87,13,0
555,ON,1995,7690.774,4665.33,13468.183,18262.677,25065.014,35875.403,30,18,52,23,32,45
556,ON,1995,17128.634,78105.041,1568.801,48690.928,120996.137,2595.937,18,81,2,28,70,2
557,ON,1995,9887.502,269999.34,0,4715.214,100731.788,0,4,96,0,4,96,0
558,ON,1995,13040.294,195082.384,768.522,19301.029,117978.87,412.098,6,93,0,14,86,0
559,ON,1995,0,310.4,0,0,0,0,0,100,0,,,
560,ON,1995,25175.66,60004.4,0,15455.057,29637.943,0,30,70,0,34,66,0
561,ON,1995,816.525,19732.857,2282.889,485,12693.445,1477.556,4,86,10,3,87,10
562,ON,1995,0,25008.446,12775.554,0,19030,9304,0,66,34,0,67,33
563,ON,1995,0,175,0,0,314,0,0,100,0,0,100,0
564,ON,1995,9955.804,64142.128,19111.586,16173.118,30522.62,16726.981,11,69,21,26,48,26
565,ON,1995,89663.672,206885.205,83708.121,17108.218,48630.813,17571.967,24,54,22,21,58,21
566,ON,1995,252.75,11650.9,7218.95,112.75,4786.549,4708.3,1,61,38,1,50,49
567,ON,1995,6874.722,157630.264,19778.01,2469.445,49600.078,6231.478,4,86,11,4,85,11
568,ON,1995,73811.493,8475.603,274.9,19570.481,2376.218,85.3,89,10,0,89,11,0
569,ON,1995,3296.144,21859.762,68297.094,1430.927,14579.245,61581.825,4,23,73,2,19,79
570,ON,1995,10990.249,221637.769,53951.382,1227.899,31834.218,7563.882,4,77,19,3,78,19
571,ON,1995,9143.222,1959.333,2612.445,2475.888,367.333,489.777,67,14,19,74,11,15
572,ON,1995,3361.35,16321.16,3524.352,503.759,2191.039,727.2,14,70,15,15,64,21
581,BC,1995,88.4,2758.08,0,182.8,5990,0,3,97,0,3,97,0
583,AB,1995,0,57.052,82.947,0,77.578,112.421,0,41,59,0,41,59
583,BC,1995,0,3720.432,1177.907,0,7522.112,1725.889,0,76,24,0,81,19
584,AB,1995,0,0,1132,0,0,1536,0,0,100,0,0,100
585,BC,1995,829.667,26188.352,0.562,1997.667,59731.645,1.688,3,97,0,3,97,0
586,AB,1995,8409.895,68551.415,29237.59,4057.118,20234.396,14212.486,8,65,28,11,53,37
587,AB,1995,22708.479,1424.1,0,6866.491,416.7,0,94,6,0,94,6,0
588,AB,1995,4934.25,11221.573,95005.267,2545.864,5510.437,39546.9,4,10,85,5,12,83
589,AB,1995,653.887,2125.133,0,338.118,1098.882,0,24,76,0,24,76,0
590,AB,1995,0,23005.677,44529.703,0,12124.541,39766.459,0,34,66,0,23,77
591,AB,1995,284.2,2509.335,122703.832,241.1,1324.5,84032.502,0,2,98,0,2,98
591,BC,1995,16276.061,76754.797,17919.284,32623.281,139784.416,25828.957,15,69,16,16,71,13
592,AB,1995,832.888,18104.348,97172.223,1165.059,22784.885,78241.054,1,16,84,1,22,77
593,AB,1995,0,6611.911,87580.087,0,3162.441,38357.559,0,7,93,0,8,92
594,AB,1995,0,0,53933.001,0,0,40282.999,0,0,100,0,0,100
595,AB,1995,0,3621.412,80360.588,0,1193.412,26974.589,0,4,96,0,4,96
596,AB,1995,7460.037,40733.869,48788.288,4491.997,21496.68,23986.263,8,42,50,9,43,48
597,AB,1995,1337.1,16465.2,25489.001,1580.6,19484.001,24194,3,38,59,3,43,53
598,AB,1995,0,1565.2,86471.801,0,1003.1,54667.899,0,2,98,0,2,98
599,AB,1995,0,5778,64249,0,4442,37169.999,0,8,92,0,11,89
600,AB,1995,1829.146,229.411,1820,2721.588,411.412,2952,47,6,47,45,7,49
609,AB,1995,0,0,292,0,0,442,0,0,100,0,0,100
610,AB,1995,995.939,9838.75,22758.94,631.203,16148.919,47716.877,3,29,68,1,25,74
610,BC,1995,0,0,0,0,0.999,0,,,,0,100,0
611,AB,1995,158.25,812.1,2709.65,182,1188.9,4427.1,4,22,74,3,21,76
612,AB,1995,0,5681.142,1332.517,0,10411.836,2945.163,0,81,19,0,78,22
615,AB,1995,2959.888,10942.914,0,6473.714,20880.536,0,21,79,0,24,76,0
616,AB,1995,10635.902,3152.857,0,11512.964,5196.036,0,77,23,0,69,31,0
617,AB,1995,1059.428,3072.071,1134.5,2885.714,7521.286,2082,20,58,22,23,60,17
618,AB,1995,720.718,8129.838,543.31,1646.196,7145.733,1210,8,87,6,16,71,12
618,BC,1995,366.501,3595.952,777.805,1253.781,16353.428,4764.789,8,76,16,6,73,21
619,AB,1995,0,420,0,0,826,0,0,100,0,0,100,0
622,AB,1995,2130.358,7239.6,0,6262.789,21647.209,0,23,77,0,22,78,0
623,AB,1995,2371.936,13385.683,3097.125,10515.07,50246.893,13061.035,13,71,16,14,68,18
625,AB,1995,27.666,55.334,0,77.667,155.333,0,33,67,0,33,67,0
626,AB,1995,0,1143,0,0,4045,0,0,100,0,0,100,0
629,AB,1995,166.8,1593.296,360.743,778.9,10480.95,2561,8,75,17,6,76,19
630,AB,1995,70.5,2410.73,47.111,260.75,22366.14,179.111,3,95,2,1,98,1
631,AB,1995,0,956.9,96.1,0,5504.2,557.8,0,91,9,0,91,9
647,SK,1995,2429.629,498.371,0,903.071,184.929,0,83,17,0,83,17,0
650,AB,1995,118.273,2267.244,380.234,984.833,10182.008,1091.158,4,82,14,8,83,9
652,SK,1995,53.463,414.537,0,71.793,557.208,0,11,89,0,11,89,0
657,SK,1995,411.41,4564.092,0,477.099,5667.902,0,8,92,0,8,92,0
658,SK,1995,1718.312,873.638,0,419.538,213.462,0,66,34,0,66,34,0
660,SK,1995,1138.34,15490.413,0,878.736,11728.264,0,7,93,0,7,93,0
661,SK,1995,67.951,5217.049,0,50.175,4395.827,0,1,99,0,1,99,0
662,SK,1995,74.8,299.2,0,18.2,72.8,0,20,80,0,20,80,0
667,MB,1995,0,292,0,0,329,0,0,100,0,0,100,0
669,MB,1995,0,16158.849,0,0,13969.001,0,0,100,0,0,100,0
669,SK,1995,0,0,954,0,0,328,0,0,100,0,0,100
672,SK,1995,7055.356,5493.894,399.3,4221.831,2597.721,185.446,54,42,3,60,37,3
677,MB,1995,0,0,3481,0,0,5803,0,0,100,0,0,100
678,AB,1995,4148.514,96479.495,4988.685,8042.914,154344.665,6618.882,4,91,5,5,91,4
679,AB,1995,0,11647.77,0,0,32150.001,0,0,100,0,0,100,0
680,AB,1995,3992.991,71822.66,0,7325.86,106180,0,5,95,0,6,94,0
680,SK,1995,1954.883,27198.065,0,4187.889,34298.114,0,7,93,0,11,89,0
681,AB,1995,2946.788,75985.752,18914.41,2378.823,56315.125,14814.44,3,78,19,3,77,20
682,SK,1995,5787.925,7439.516,4850.411,6329.637,10862.736,619.629,32,41,27,36,61,3
683,AB,1995,45698.77,21683,0,34836,7225,0,68,32,0,83,17,0
684,AB,1995,421.415,63914.109,23940.295,1344.861,168011.371,61542.468,0,72,27,1,73,27
685,SK,1995,1139.93,30095.62,16112.001,999.748,30952.553,9079.703,2,64,34,2,75,22
686,AB,1995,0,11400.391,0,0,20901.001,0,0,100,0,0,100,0
686,SK,1995,102.341,3637.659,0,106.597,3789.403,0,3,97,0,3,97,0
687,AB,1995,3124.889,10425.011,0,4294.372,13448.229,0,23,77,0,24,76,0
687,SK,1995,11586.547,112903.448,0,7944.736,61587.263,0,9,91,0,11,89,0
688,AB,1995,0,66708.199,0,0,52922.3,0,0,100,0,0,100,0
689,SK,1995,3524.956,49487.538,0,3845.256,19251.748,0,7,93,0,17,83,0
690,SK,1995,4092.914,48441.482,0,3134.986,30423.019,0,8,92,0,9,91,0
691,SK,1995,17350.52,1711.78,0,6721.93,101.071,0,91,9,0,99,1,0
692,AB,1995,42.62,25866.648,9393.36,174.793,83384.773,39728.726,0,73,27,0,68,32
693,SK,1995,15198.164,119122.839,0,7932.755,21452.247,0,11,89,0,27,73,0
694,SK,1995,40766.625,40082.567,19693.807,12097.117,11553.559,5522.323,41,40,20,41,40,19
695,SK,1995,34218.383,17839.618,0,16541.351,11831.649,0,66,34,0,58,42,0
696,SK,1995,73634.155,101568.793,0,30530.423,28558.573,0,42,58,0,52,48,0
697,SK,1995,0,8176.297,44019.707,0,2486.82,13411.18,0,16,84,0,16,84
698,SK,1995,31363.653,21802.845,0,8361.661,8091.345,0,59,41,0,51,49,0
699,SK,1995,0,39534.999,0,0,20823,0,0,100,0,0,100,0
700,SK,1995,0,10426.652,31961.397,0,6921.857,9947.146,0,25,75,0,41,59
701,SK,1995,63358.339,14940.061,0,30241.666,3528.331,0,81,19,0,90,10,0
702,SK,1995,8785.019,196529.535,18672.449,3238.803,25543.76,271.443,4,88,8,11,88,1
703,AB,1995,0,48657.271,703.759,0,129477.089,2039.38,0,99,1,0,98,2
704,SK,1995,1128.263,64848.134,23005.907,670.22,21477.393,7017.386,1,73,26,2,74,24
705,SK,1995,0,62506.442,217127.558,0,26434.892,15438.106,0,22,78,0,63,37
706,SK,1995,3749.004,115303.997,0,423.419,20117.58,0,3,97,0,2,98,0
707,SK,1995,17764.428,175107.057,1751.62,14752.927,47000.809,735.263,9,90,1,24,75,1
708,AB,1995,1608.3,53632.893,0,4428.9,132759.249,0,3,97,0,3,97,0
709,MB,1995,4434.356,147632.626,13803.867,3892.917,75826.847,4201.237,3,89,8,5,90,5
709,SK,1995,30351.747,188873.107,12247.149,11076.821,51689.662,2781.522,13,82,5,17,79,4
710,SK,1995,1575.133,18100.167,0,1152.114,18521.883,0,8,92,0,6,94,0
711,SK,1995,298.054,23157.897,0,1244.56,19623.439,0,1,99,0,6,94,0
714,MB,1995,0,1818,0,0,1477,0,0,100,0,0,100,0
714,SK,1995,0,58646.311,5193.138,0,34286.933,2984.068,0,92,8,0,92,8
715,MB,1995,842.06,16710.65,11497.389,1269.071,11290.898,9920.032,3,58,40,6,50,44
715,SK,1995,0,10004.067,2884.936,0,4144.784,950.215,0,78,22,0,81,19
716,MB,1995,4426.649,38991.05,19098.05,3614.999,25303,14906,7,62,31,8,58,34
717,MB,1995,46150.435,44247.468,12985.598,25174.264,27289.126,3982.612,45,43,13,45,48,7
718,MB,1995,0,3462.7,0,0,8935,0,0,100,0,0,100,0
720,MB,1995,0,0,2315.6,0,0,5398,0,0,100,0,0,100
723,MB,1995,77,29521.25,3863.7,316,103930.002,3602,0,88,12,0,96,3
724,MB,1995,2779.707,25837.361,126829.581,7399.697,24118.253,81955.049,2,17,82,7,21,72
726,MB,1995,51565.052,0,1611.899,69545.169,0,929.831,97,0,3,99,0,1
727,AB,1995,25197.345,169904.137,131189.778,21421.235,116928.289,64277.919,8,52,40,11,58,32
728,AB,1995,4065.277,194902.429,3746.294,2048.056,48094.338,508.156,2,96,2,4,95,1
729,AB,1995,38174.006,116532.279,0,19900.688,37042.897,0,25,75,0,35,65,0
729,SK,1995,26680.116,436214.878,0,7262.643,107445.355,0,6,94,0,6,94,0
730,AB,1995,47999.268,439608.116,12721.945,25852.375,171317.977,5164.444,10,88,3,13,85,3
731,AB,1995,21855.994,443442.344,0,15351.106,168474.434,0,5,95,0,8,92,0
732,AB,1995,0,12757.5,0,0,22006.8,0,0,100,0,0,100,0
733,SK,1995,32665.141,168666.889,10343.966,4109.677,55713.291,1053.034,15,80,5,7,92,2
734,SK,1995,41965.529,14294.47,0,15512.808,2198.19,0,75,25,0,88,12,0
735,SK,1995,4582.748,176557.25,0,5937.172,28631.825,0,3,97,0,17,83,0
736,SK,1995,42282.636,236270.609,8283.761,9029.285,40894.886,705.829,15,82,3,18,81,1
737,AB,1995,19321,100981.099,13691.2,16345.5,89871.9,10995.7,14,75,10,14,77,9
738,AB,1995,9152.46,133288.47,0,5213.9,24856.5,0,6,94,0,17,83,0
739,AB,1995,109227.861,9852.3,0,84348.603,8347.5,0,92,8,0,91,9,0
739,SK,1995,49861.791,4628.209,0,19968.074,1834.928,0,92,8,0,92,8,0
740,AB,1995,14134.1,144956.9,0,13442.3,84591.6,0,9,91,0,14,86,0
741,SK,1995,4515.486,163700.526,1476.993,252.301,11406.174,36.519,3,96,1,2,98,0
742,SK,1995,32813.763,11870.237,0,11391.187,396.813,0,73,27,0,97,3,0
743,AB,1995,2363.4,86632.944,0,459.9,35362.366,0,3,97,0,1,99,0
743,SK,1995,4928.559,7932.107,2941.332,809.943,2525.81,928,31,50,19,19,59,22
744,AB,1995,0,183868.09,15226.56,0,83405.48,2677.92,0,92,8,0,97,3
745,SK,1995,30350.896,774160.437,3373.67,6694.186,87090.96,530.854,4,96,0,7,92,1
746,AB,1995,0,151008.2,0,0,89580.25,0,0,100,0,0,100,0
747,SK,1995,31515.762,45672.24,0,15838.355,6676.644,0,41,59,0,70,30,0
748,SK,1995,6902.461,720551.564,870.982,1798.789,99565.972,115.241,1,99,0,2,98,0
749,SK,1995,19084.015,396727.978,0,2443.518,65564.998,0,5,95,0,4,96,0
750,AB,1995,0,61953.14,15416.26,0,107474.03,26021.97,0,80,20,0,81,19
751,MB,1995,13054.188,39962.163,0,11589.261,18449.684,86.206,25,75,0,38,61,0
751,SK,1995,16021.855,15273.998,0,7500.996,6786.004,0,51,49,0,53,47,0
752,MB,1995,0,124968.011,1703.989,0,36903.628,536.369,0,99,1,0,99,1
752,SK,1995,16517.487,487805.513,0,4329.294,82867.705,0,3,97,0,5,95,0
753,MB,1995,3739.163,474764.894,6840.943,1943.585,133508.36,2429.059,1,98,1,1,97,2
754,SK,1995,3881.118,180178.869,63634.008,2159.543,17344.811,6282.65,2,73,26,8,67,24
755,SK,1995,2753.134,210090.867,0,229.958,26419.042,0,1,99,0,1,99,0
756,SK,1995,7049.154,388858.841,0,655.503,66681.497,0,2,98,0,1,99,0
757,MB,1995,63773.282,26040.714,1572.65,42418.547,7960.453,0,70,28,2,84,16,0
758,MB,1995,46574.921,127738.431,9970.05,22098.398,33995.445,8248.442,25,69,5,34,53,13
759,MB,1995,4914.528,34848.472,0,6925.528,13429.472,0,12,88,0,34,66,0
760,MB,1995,0,92596,0,3083.666,16749.334,0,0,100,0,16,84,0
760,SK,1995,6355.086,411914.912,0,6514.621,76437.38,0,2,98,0,8,92,0
761,SK,1995,0,19830.001,2568,0,6993,908,0,89,11,0,89,11
762,SK,1995,34057.442,90516.558,0,7480.223,18920.314,0,27,73,0,28,72,0
763,MB,1995,100055.309,62000.66,6002.035,59873.144,26091.086,6493.77,60,37,4,65,28,7
763,SK,1995,47688.985,16158.014,0,7160.898,4226.103,0,75,25,0,63,37,0
764,MB,1995,0,76353,0,1537.18,23550.821,0,0,100,0,6,94,0
765,MB,1995,3957.011,364321.989,0,6947.085,69910.749,1061.614,1,99,0,9,90,1
766,MB,1995,1098.603,192151.395,0,674.673,42236.326,0,1,99,0,2,98,0
767,SK,1995,4076.008,458238.207,48813.789,401.971,31122.678,3424.352,1,90,10,1,89,10
768,SK,1995,0,45529.001,0,0,6472.003,0,0,100,0,0,100,0
769,AB,1995,0,114220.75,0,0,51029.2,0,0,100,0,0,100,0
770,SK,1995,74989.483,240694.922,9031.596,18779.915,30221.056,1300.026,23,74,3,37,60,3
771,AB,1995,15974.905,91947.908,267,6622.561,33995.784,67.8,15,85,0,16,84,0
771,SK,1995,0,52538.234,1729.766,561.685,8132.205,362.107,0,97,3,6,90,4
772,SK,1995,16398.528,30272.472,0,8658.793,1746.206,0,35,65,0,83,17,0
773,SK,1995,12953.597,282072.94,33000.459,1920.096,22096.991,3337.918,4,86,10,7,81,12
774,SK,1995,0,69767.004,0,0,4868,0,0,100,0,0,100,0
775,SK,1995,3476.742,75786.259,0,135.678,7537.323,0,4,96,0,2,98,0
776,SK,1995,45631.602,9758.4,0,20146.558,2290.442,0,82,18,0,90,10,0
777,AB,1995,14580.1,3339.75,0,8423.5,1928.25,0,81,19,0,81,19,0
778,SK,1995,22506.378,9481.622,0,2618.754,1103.245,0,70,30,0,70,30,0
779,AB,1995,0,36247.5,0,0,11019.6,0,0,100,0,0,100,0
780,SK,1995,9286.257,55727.4,281003.342,768.717,1844.246,9015.039,3,16,81,7,16,78
781,AB,1995,13660.64,60729.976,156596.405,3674.16,8946.483,10640.938,6,26,68,16,38,46
782,SK,1995,19391.376,589855.623,0,4804.743,44853.26,0,3,97,0,10,90,0
783,SK,1995,0,301548.998,0,0,21937.002,0,0,100,0,0,100,0
784,SK,1995,13514.019,81417.097,2278.883,2973.43,10248.948,201.623,14,84,2,22,76,2
785,SK,1995,0,87107.423,6610.575,0,7082.971,211.029,0,93,7,0,97,3
786,AB,1995,0,106603.3,20.6,0,24500.3,14.8,0,100,0,0,100,0
787,AB,1995,0,52566.7,0,0,5932.2,0,0,100,0,0,100,0
788,AB,1995,0,53021,17547,0,10466.8,1153.2,0,75,25,0,90,10
789,SK,1995,17365.378,140658.05,2786.572,8963.952,10638.046,0,11,87,2,46,54,0
790,AB,1995,15219.4,45319.3,0,3634.4,5983.8,0,25,75,0,38,62,0
791,AB,1995,0,204061,0,0,19757,0,0,100,0,0,100,0
792,SK,1995,40367.373,64413.769,650580.86,11338.462,14154.655,13065.881,5,9,86,29,37,34
793,AB,1995,51893.126,373898.995,24599.377,11452.608,93032.352,4713.8,12,83,5,10,85,4
794,SK,1995,0,513730.003,0,0,33023,0,0,100,0,0,100,0
795,SK,1995,0,276281.001,0,1102.08,24018.921,0,0,100,0,4,96,0
796,SK,1995,17224.456,61188.543,0,5142.092,6307.89,0,22,78,0,45,55,0
797,AB,1995,2021.6,17081.5,70.5,735,6963.005,32,11,89,0,10,90,0
798,AB,1995,37216.5,357836.55,33118.4,15188.7,118604.04,12452.91,9,84,8,10,81,9
799,AB,1995,0,65232,0,0,63690,0,0,100,0,0,100,0
800,AB,1995,0,82269.5,79700.6,0,52819.52,38557.89,0,51,49,0,58,42
801,AB,1995,0,39089.8,3121.2,0,43931.05,3910.95,0,93,7,0,92,8
802,AB,1995,0,70699.9,0,724.29,40434.45,0,0,100,0,2,98,0
803,SK,1995,7463.532,111398.481,57610.993,1177.123,6843.853,3018.021,4,63,33,11,62,27
804,AB,1995,14835.69,43586.16,0,8615.49,12960.46,0,25,75,0,40,60,0
805,AB,1995,5002.366,7519.543,4262.089,735.65,986.947,559.402,30,45,25,32,43,25
805,SK,1995,5225.925,46078.521,26111.55,515.989,4076.652,1917.357,7,60,34,8,63,29
806,AB,1995,2410.3,77307.51,605.5,1332.8,54970.87,292.6,3,96,1,2,97,1
807,SK,1995,0,70472.57,9345.434,0,3753.326,376.675,0,88,12,0,91,9
808,SK,1995,3533.02,116689.046,452198.936,164.567,5932.104,17385.328,1,20,79,1,25,74
809,AB,1995,5433.555,115794.245,0,1534.5,22211.4,0,4,96,0,6,94,0
809,SK,1995,4315.085,111105.893,28059.024,520.376,8228.573,739.053,3,77,20,5,87,8
810,SK,1995,0,105559.001,0,0,7865.999,0,0,100,0,0,100,0
811,AB,1995,4656,4929.321,35478.679,624.6,505.582,2384.717,10,11,79,18,14,68
811,SK,1995,0,388.636,1036.364,0,26.727,71.273,0,27,73,0,27,73
812,AB,1995,29414.75,21424.6,20517.45,26302.774,17818.685,15798.5,41,30,29,44,30,26
813,SK,1995,3562.208,90075.683,41298.11,720.011,11127.923,4121.064,3,67,31,5,70,26
814,AB,1995,1407.15,12832.02,0,748.8,6048.01,0,10,90,0,11,89,0
815,AB,1995,23243.6,17446.247,0,8214.101,7521.902,0,57,43,0,52,48,0
815,SK,1995,23460.113,8857.888,0,1047.364,712.037,0,73,27,0,60,40,0
816,SK,1995,54868.23,364810.669,28192.096,18322.62,40403.53,1311.636,12,81,6,31,67,2
817,SK,1995,0,93893.337,3703.663,0,3983.474,166.526,0,96,4,0,96,4
818,AB,1995,0,30283.15,0,0,18501.85,0,0,100,0,0,100,0
819,SK,1995,24062.714,6864.287,0,2649.094,751.905,0,78,22,0,78,22,0
820,SK,1995,739.92,185770.91,749.169,0,24317.3,69.7,0,99,0,0,100,0
821,AB,1995,1972.424,90735.607,685.883,636.812,17418.687,452.941,2,97,1,3,94,2
821,SK,1995,815.663,176362.34,0,864.798,26605.198,0,0,100,0,3,97,0
822,SK,1995,6645.031,158690.527,1629.441,941.998,21862.692,575.306,4,95,1,4,94,2
823,AB,1995,24744.722,122089.279,0,6322.733,28272.267,0,17,83,0,18,82,0
824,SK,1995,24767.88,72584.809,1387.309,6263.716,16466.285,0,25,74,1,28,72,0
825,SK,1995,701.907,492315.091,0,623.751,53547.035,0,0,100,0,1,99,0
826,SK,1995,19406.295,670207.249,97883.895,5444.492,73428.356,2452.831,2,85,12,7,90,3
827,SK,1995,31407.436,13430.793,2225.77,18190.163,6604.4,832.438,67,29,5,71,26,3
828,AB,1995,19340.397,579871.704,0,2619.141,72918.11,0,3,97,0,3,97,0
829,AB,1995,21503.75,10675.25,0,6075.65,2872.95,0,67,33,0,68,32,0
830,SK,1995,18510.528,293789.689,41119.78,2496.318,28555.072,2514.641,5,83,12,7,85,7
831,SK,1995,6604.565,147173.646,1345.788,528.249,12314.75,0,4,95,1,4,96,0
832,SK,1995,17388.145,313064.167,1102.692,3521.007,58425.779,513.213,5,94,0,6,94,1
833,AB,1995,106.5,19191.6,31.95,33,4555,9.9,1,99,0,1,99,0
833,SK,1995,0,39226.408,26206.592,0,16365.601,9843.4,0,60,40,0,62,38
834,SK,1995,0,65237.841,162203.157,0,5739.767,18762.233,0,29,71,0,23,77
835,SK,1995,0,6300.871,15402.129,0,1597.646,3905.356,0,29,71,0,29,71
836,AB,1995,0,9476,0,0,1303,0,0,100,0,0,100,0
837,AB,1995,0,22941,0,0,7263,0,0,100,0,0,100,0
837,SK,1995,0,14595.467,3390.53,0,8945.099,1186.898,0,81,19,0,88,12
838,AB,1995,865.3,3707.699,0,776.7,1928.299,0,19,81,0,29,71,0
838,SK,1995,0,59391.733,2746.481,0,14647.059,1395.082,0,96,4,0,91,9
839,MB,1995,8629.883,77044.763,9422.354,2282.037,25935.706,3219.257,9,81,10,7,83,10
840,MB,1995,45864.844,11885.178,14203.977,25334.137,13070.994,4967.87,64,17,20,58,30,11
841,MB,1995,19577.192,21214.307,0,1840.196,53252.804,0,48,52,0,3,97,0
843,MB,1995,15774.81,9324.189,0,16168.198,8022.804,0,63,37,0,67,33,0
844,MB,1995,9896.548,38971.481,5930.968,9024.36,30490.809,4355.83,18,71,11,21,70,10
846,MB,1995,0,16242,0,0,40108.999,0,0,100,0,0,100,0
847,MB,1995,0,28752.451,20325.25,0,12245.751,5030.25,0,59,41,0,71,29
848,MB,1995,923.579,8663.171,0,637.579,6498.422,0,10,90,0,9,91,0
849,MB,1995,11684.499,41325.223,645780.277,4067.666,18639.561,79225.771,2,6,92,4,18,78
850,MB,1995,122401.643,29532.357,0,71078.538,9148.463,0,81,19,0,89,11,0
851,MB,1995,0,42724.204,33753.796,0,8043.866,6633.134,0,56,44,0,55,45
852,MB,1995,42138.067,97328.592,115069.342,8450.125,8219.167,9526.708,17,38,45,32,31,36
853,MB,1995,0,18138.28,33409.719,0,823.732,1517.268,0,35,65,0,35,65
854,MB,1995,5833.5,73941.5,0,1881.875,20034.124,0,7,93,0,9,91,0
855,MB,1995,0,10858,0,0,5394,0,0,100,0,0,100,0
940,BC,1995,64,14,0,387,83,0,82,18,0,82,18,0
943,BC,1995,0,4,0,0,3,0,0,100,0,0,100,0
944,BC,1995,118.324,23.476,1.2,862.586,118.012,2.4,83,16,1,88,12,0
948,BC,1995,0,0,0,1,0,0,,,,100,0,0
950,BC,1995,45.479,401.99,0,202.874,1999.129,0,10,90,0,9,91,0
955,BC,1995,38.314,17.885,65.7,273.428,89.571,489,31,15,54,32,11,57
956,BC,1995,784.358,867.731,463.423,4529.89,3961.675,1591.441,37,41,22,45,39,16
957,BC,1995,125.819,70.026,0,361.981,256.019,0,64,36,0,59,41,0
958,BC,1995,12.75,8.25,0,34.321,9.678,0,61,39,0,78,22,0
959,BC,1995,3457.559,16902.324,455.379,5261.509,31208.414,875.061,17,81,2,14,84,2
960,BC,1995,17,0,0,45,0,0,100,0,0,100,0,0
962,BC,1995,0,15,0,0,97,0,0,100,0,0,100,0
969,BC,1995,0,37.49,0,0,246,0,0,100,0,0,100,0
971,BC,1995,78.85,5.15,0,407.55,27.449,0,94,6,0,94,6,0
972,BC,1995,2458.985,1415.874,2584.959,21410.783,10780.18,18978.039,38,22,40,42,21,37
974,BC,1995,199.296,75.183,78.52,2108.737,653.783,845.48,56,21,22,58,18,23
975,BC,1995,25,0,0,680,0,0,100,0,0,100,0,0
976,BC,1995,247.097,399.465,0,4299.99,7828.013,0,38,62,0,35,65,0
977,BC,1995,512.842,689.599,0,6211.633,7616.366,0,43,57,0,45,55,0
978,BC,1995,855.866,1621.445,0,4927.498,11696.5,0,35,65,0,30,70,0
979,BC,1995,2552.998,8174.001,0,19845.36,50722.639,0,24,76,0,28,72,0
980,BC,1995,24.75,6.6,1.65,192,51.2,12.8,75,20,5,75,20,5
981,BC,1995,0,72,28,1,388,150,0,72,28,0,72,28
982,BC,1995,2376.881,2075.454,2724.869,17079.408,17887.486,24299.1,33,29,38,29,30,41
987,BC,1995,4,4,0,105,122,0,50,50,0,46,54,0
988,BC,1995,236.305,135.695,0,1134.1,643.9,0,64,36,0,64,36,0
990,BC,1995,215.228,34.773,0,705.998,71.007,0,86,14,0,91,9,0
991,BC,1995,131.503,3125.418,517.029,350.14,6051.174,1730.686,3,83,14,4,74,21
992,BC,1995,9.334,25.666,0,29.067,79.933,0,27,73,0,27,73,0
995,BC,1995,25.592,118.407,0,126.779,537.223,0,18,82,0,19,81,0
1001,BC,1995,1012.145,721.888,0,3922.318,2961.683,0,58,42,0,57,43,0
1002,BC,1995,303.1,47.9,0,838.3,133.7,0,86,14,0,86,14,0
1003,BC,1995,14,0,0,50,0,0,100,0,0,100,0,0
1004,BC,1995,427.094,1268.523,314.1,3360.913,6475.484,2738.6,21,63,16,27,51,22
1005,BC,1995,2302.229,3011.5,0,12203.74,18997.259,0,43,57,0,39,61,0
1006,BC,1995,2827.857,3658.37,0,21528.311,35263.69,0,44,56,0,38,62,0
1007,BC,1995,3152.074,2967.996,3077.059,4588.656,4873.684,5121.661,34,32,33,31,33,35
1008,BC,1995,1366.002,610.471,376.528,4740.704,2094.623,1393.67,58,26,16,58,25,17
1009,BC,1995,1129.244,288.398,0,2624.754,639.243,0,80,20,0,80,20,0
1010,BC,1995,1621.076,634.959,0,1485.831,1023.169,0,72,28,0,59,41,0
1011,BC,1995,761.892,148.084,0,2819.863,556.136,0,84,16,0,84,16,0
1012,BC,1995,92.915,35.083,0,1130.65,198.352,0,73,27,0,85,15,0
1013,BC,1995,322.334,209.667,208,2109.945,1268.222,1240.834,44,28,28,46,27,27
1015,BC,1995,1466.64,1344.36,0,2545.104,2208.896,0,52,48,0,54,46,0
1016,AB,1995,1165,1284,0,3245,4239,0,48,52,0,43,57,0
1017,BC,1995,62.679,24.32,0,721.68,536.32,0,72,28,0,57,43,0
1018,AB,1995,379.7,11897.2,135.6,642.8,26535.9,436.6,3,96,1,2,96,2
9593,AB,1995,0,11498,45992,0,6023.2,24092.8,0,20,80,0,20,80
9607,AB,1995,0,0,585,0,0,236,0,0,100,0,0,100
9609,AB,1995,687.633,4857.598,2692.75,1211.25,7543.15,3739.6,8,59,33,10,60,30
9687,AB,1995,6596.928,130753.201,0,6799.444,105221.708,0,5,95,0,6,94,0
9787,AB,1995,0,84304.11,0,0,11938.59,0,0,100,0,0,100,0
244,AB,1996,0,0,1329,0,0,798,0,0,100,0,0,100
244,BC,1996,0,38.999,9,0,322,76,0,81,19,0,81,19
252,BC,1996,0,46,0,0,202,0,0,100,0,0,100,0
371,MB,1996,0,0,90,0,0,95,0,0,100,0,0,100
374,ON,1996,8,0,0,214,0,0,100,0,0,100,0,0
375,MB,1996,1784.236,15820.139,40306.044,2237.014,10114.942,18920.695,3,27,70,7,32,61
376,MB,1996,0,18,0,0,37,0,0,100,0,0,100,0
378,ON,1996,64,1379,0,461,6099,0,4,96,0,7,93,0
379,MB,1996,989.614,680.785,0,2019.082,1497.919,0,59,41,0,57,43,0
380,MB,1996,1828.62,119.32,2306.36,4319.356,1779.552,2708.093,43,3,54,49,20,31
381,ON,1996,0,3467,0,0,43081,0,0,100,0,0,100,0
383,ON,1996,232.858,2528.143,0,1790.571,11955.428,0,8,92,0,13,87,0
386,ON,1996,77,0,0,632,0,0,100,0,0,100,0,0
391,ON,1996,51,0,0,161,0,0,100,0,0,100,0,0
400,ON,1996,0,0,219,0,0,3848,0,0,100,0,0,100
401,ON,1996,94.547,531.195,899.259,1182.667,4123.917,15546.415,6,35,59,6,20,75
401,QC,1996,797,36,11694.23,7361.999,262,82336.13,6,0,93,8,0,92
402,ON,1996,0,47,0,0,953,0,0,100,0,0,100,0
407,ON,1996,222.322,0,127.679,1670.852,0,914.149,64,0,36,65,0,35
408,ON,1996,0,14363,0,0,42571,0,0,100,0,0,100,0
408,QC,1996,1123.578,425.339,6480.523,4471.122,3114.888,29279.164,14,5,81,12,8,79
409,ON,1996,40,568.001,0,737,5618,0,7,93,0,12,88,0
410,ON,1996,59.2,190.8,0,337.8,1123.2,0,24,76,0,23,77,0
411,ON,1996,4120.559,2020.441,0,31611.949,9478.049,0,67,33,0,77,23,0
412,ON,1996,0,171.4,685.6,0,2025,8100,0,20,80,0,20,80
413,ON,1996,4014.48,973.73,251.329,59524.781,8922.58,1823.863,77,19,5,85,13,3
415,QC,1996,385.22,0,0,1806,0,0,100,0,0,100,0,0
418,QC,1996,7822.08,779.7,577,20377.001,2551,2493.999,85,8,6,80,10,10
419,QC,1996,256,0,0,481,0,0,100,0,0,100,0,0
421,QC,1996,722.66,0,0,3684,0,0,100,0,0,100,0,0
422,QC,1996,47,0,0,354,0,0,100,0,0,100,0,0
423,QC,1996,703.66,457,0,6142,4417,0,61,39,0,58,42,0
424,QC,1996,1348,666.001,1299,4738.001,4742.099,771.9,41,20,39,46,46,8
425,QC,1996,6558.48,2308.701,5226.98,41294.799,24836.23,27363.771,47,16,37,44,27,29
426,QC,1996,2573,361,0,7456,736,0,88,12,0,91,9,0
431,QC,1996,6,0,0,45,0,0,100,0,0,100,0,0
438,QC,1996,310.42,0,0,812,0,0,100,0,0,100,0,0
439,QC,1996,188,0,0,412,0,0,100,0,0,100,0,0
440,QC,1996,232,0,0,791,0,0,100,0,0,100,0,0
441,QC,1996,18922.35,23148.523,3096.701,34417.121,54981.406,6387.466,42,51,7,36,57,7
455,NF,1996,7.11,0,0,312,0,0,100,0,0,100,0,0
458,NF,1996,69,157.371,0,84,1039.001,0,30,70,0,7,93,0
460,NF,1996,0,18,0,0,65,0,0,100,0,0,100,0
461,NF,1996,0,249.67,0,0,945.999,0,0,100,0,0,100,0
462,NF,1996,0,27,0,0,96.999,0,0,100,0,0,100,0
463,NF,1996,0,298.999,0,0,803.999,0,0,100,0,0,100,0
466,NF,1996,28,325.96,0,62,1052,0,8,92,0,6,94,0
468,NF,1996,0,59.8,0,0,176,0,0,100,0,0,100,0
471,NF,1996,120,321.041,0,133,408,0,27,73,0,25,75,0
475,NF,1996,0,380.68,0,0,2451.999,0,0,100,0,0,100,0
477,NF,1996,13.67,0,0,169,0,0,100,0,0,100,0,0
478,QC,1996,760,899.9,0,3574,4287.8,0,46,54,0,45,55,0
479,QC,1996,4175.088,22642.354,4022.12,14877.694,90001.004,11757.3,14,73,13,13,77,10
481,QC,1996,0,3657,0,0,12566,0,0,100,0,0,100,0
482,QC,1996,9829.46,11040.842,0,85639,75082.502,0,47,53,0,53,47,0
483,QC,1996,7555.899,20007.598,400.499,50187.599,79346.4,1896.001,27,72,1,38,60,1
484,NB,1996,0,173,0,0,420,0,0,100,0,0,100,0
484,QC,1996,350,3154.97,0,1647,8321,0,10,90,0,17,83,0
485,NB,1996,387.306,498.694,0,1379.324,1093.676,0,44,56,0,56,44,0
486,NB,1996,739.5,6299.5,0,596.39,4893.61,0,11,89,0,11,89,0
487,NB,1996,314.845,491.155,0,1159.441,2933.56,0,39,61,0,28,72,0
487,QC,1996,18.167,1049.831,0,84.882,4642.121,0,2,98,0,2,98,0
488,NB,1996,32,331,0,84,849,0,9,91,0,9,91,0
489,NB,1996,159,620,0,445,1613,0,20,80,0,22,78,0
490,NB,1996,244,725,0,1004.472,835.528,0,25,75,0,55,45,0
493,NB,1996,1722.595,16583.566,988.839,1777.973,15394.316,799.71,9,86,5,10,86,4
494,NB,1996,0,13675.997,0,0,13724,0,0,100,0,0,100,0
495,NB,1996,206.5,474.5,0,1139.49,2250.51,0,30,70,0,34,66,0
496,NB,1996,2522.149,437.621,230.229,18062.089,3154.767,1508.143,79,14,7,79,14,7
497,NB,1996,92.25,1304.75,0,1059.5,2164.5,0,7,93,0,33,67,0
498,NB,1996,326,0,0,1829,0,0,100,0,0,100,0,0
499,NB,1996,594.879,335.12,13,1354.279,2851.919,85.8,63,36,1,32,66,2
500,NB,1996,5480.641,116.462,205.9,10828.329,277.534,890.7,94,2,4,90,2,7
501,NB,1996,831.23,2179.769,0,1401.429,3073.571,0,28,72,0,31,69,0
502,NB,1996,333.202,606.794,0,1386.766,3110.231,0,35,65,0,31,69,0
503,NB,1996,1929.032,1885.967,20,8790.057,14024.946,130,50,49,1,38,61,1
504,NB,1996,1174,454,0,7478,353,0,72,28,0,95,5,0
504,NS,1996,4636.347,1566.143,0,21647.381,8417.622,0,75,25,0,72,28,0
505,NB,1996,230,779,0,1049,5119.001,0,23,77,0,17,83,0
506,NB,1996,29,501,0,786.96,1611.04,0,5,95,0,33,67,0
507,NB,1996,212.999,1400.002,0,1823,6932.5,0,13,87,0,21,79,0
507,NS,1996,4343.798,1996.258,0,7973.621,4455.757,0,69,31,0,64,36,0
508,NB,1996,528.998,0,0,780.999,0,0,100,0,0,100,0,0
509,NS,1996,274.001,1589,0,592.999,4065.002,0,15,85,0,13,87,0
510,NS,1996,93.65,77,0,227.083,187.916,0,55,45,0,55,45,0
511,NS,1996,0,89,0,0,134.998,0,0,100,0,0,100,0
512,NS,1996,0,2359.519,0,0,4195.001,0,0,100,0,0,100,0
513,NS,1996,127.607,405.977,0,441.183,1226.819,0,24,76,0,26,74,0
514,NS,1996,6.69,0,0,28,0,0,100,0,0,100,0,0
516,NS,1996,481.999,947.911,0,1834.624,2286.377,0,34,66,0,45,55,0
517,NS,1996,707.617,4503.213,0,3066.629,23118.37,0,14,86,0,12,88,0
518,NS,1996,10538.634,4621.078,0,14247.964,11650.59,0,70,30,0,55,45,0
519,NS,1996,0,272,0,0,838,0,0,100,0,0,100,0
520,NS,1996,17,579,0,76.417,2105.583,0,3,97,0,4,96,0
521,NS,1996,0,106,0,0,707,0,0,100,0,0,100,0
522,NS,1996,130.905,406.013,0,894.033,3445.968,0,24,76,0,21,79,0
523,NS,1996,254.901,634.629,0,704.022,4159.98,0,29,71,0,14,86,0
524,NS,1996,17,24,0,166,112,0,41,59,0,60,40,0
525,NS,1996,469.071,2183.581,0,1877.367,6714.631,0,18,82,0,22,78,0
527,NS,1996,83.314,897.685,0,230.155,2147.845,0,8,92,0,10,90,0
528,NS,1996,1773.729,1463.05,0,1510.525,1540.476,0,55,45,0,50,50,0
529,NS,1996,0,540,0,0,635,0,0,100,0,0,100,0
530,NS,1996,33.333,1379.666,0,100.667,1621.334,0,2,98,0,6,94,0
531,NS,1996,583.709,1776.569,0,779.811,4163.187,0,25,75,0,16,84,0
534,PE,1996,16398.769,5164.229,0,15406.924,3882.076,0,76,24,0,80,20,0
535,PE,1996,20933,0,0,13422,0,0,100,0,0,100,0,0
536,PE,1996,41666.749,2261.25,0,39992.501,2573.5,0,95,5,0,94,6,0
537,PE,1996,22556.444,528.554,0,23649,602,0,98,2,0,98,2,0
538,PE,1996,6666,0,0,3418,0,0,100,0,0,100,0,0
539,QC,1996,27,420.21,83.98,250.616,819.384,228,5,79,16,19,63,18
540,QC,1996,135802.297,76479.746,55980.387,255632.64,97989.167,89627.808,51,29,21,58,22,20
541,ON,1996,0,12425.85,1965.15,1525.004,5519.144,1675.85,0,86,14,17,63,19
541,QC,1996,124095.548,36858.978,239453.897,77414.505,20947.376,126768.112,31,9,60,34,9,56
542,ON,1996,0,571.158,9758.16,3517.559,2530.211,43744.231,0,6,94,7,5,88
543,ON,1996,4082.999,25000.443,8899.679,10499.244,34870.483,17962.984,11,66,23,17,55,28
543,QC,1996,0,209,680,0,877,3305.4,0,24,76,0,21,79
544,ON,1996,1528.158,46669.254,11916.794,6237.323,40587.043,9715.637,3,78,20,11,72,17
545,ON,1996,2120.201,10520.427,8824.677,8983.628,12550.282,15574.087,10,49,41,24,34,42
546,ON,1996,0,24560.707,5113.256,0,44751.637,10581.364,0,83,17,0,81,19
546,QC,1996,0,228,0,0,441,0,0,100,0,0,100,0
547,ON,1996,3712.341,16299.161,11196.084,19785.572,34430.094,38995.625,12,52,36,21,37,42
548,QC,1996,257.96,0,0,486,0,0,100,0,0,100,0,0
549,ON,1996,0,335.82,3747.3,0,1654.717,17871.283,0,8,92,0,8,92
550,ON,1996,730.167,2897.707,834.208,7562.658,39381.582,11025.374,16,65,19,13,68,19
551,ON,1996,23156.639,54870.802,33619.963,56873.046,62285.501,82414.456,21,49,30,28,31,41
552,ON,1996,20708.896,3797.033,0,80393.73,27651.846,11.714,85,15,0,74,26,0
553,ON,1996,57249.537,93564.03,15967.561,69394.607,87284.672,20632.218,34,56,10,39,49,12
554,ON,1996,13401.033,2711.148,0,45217.449,6579.551,0,83,17,0,87,13,0
555,ON,1996,7681.999,4545.734,13279.695,18204.455,25090.977,35849.403,30,18,52,23,32,45
556,ON,1996,17535.902,79278.406,1617.176,48118.171,119804.701,2548.125,18,81,2,28,70,1
557,ON,1996,9984.825,270899.017,0,4614.948,99674.053,0,4,96,0,4,96,0
558,ON,1996,13235.248,196998.409,758.543,19089.766,115992.157,422.077,6,93,0,14,86,0
559,ON,1996,0,310.4,0,0,0,0,0,100,0,,,
560,ON,1996,25244.035,60600.025,0,15098.737,28847.261,0,29,71,0,34,66,0
561,ON,1996,785.275,19782.384,2296.111,489.062,12378.09,1437.222,3,87,10,3,87,10
562,ON,1996,0,25002.111,12852.888,0,18294.112,8720.888,0,66,34,0,68,32
563,ON,1996,0,165,0,0,285,0,0,100,0,0,100,0
564,ON,1996,10192.852,64963.901,19570.767,15714.461,29099.05,16196.783,11,69,21,26,48,27
565,ON,1996,90216.244,208567.958,84342.798,16499.228,46751.802,16853.97,24,54,22,21,58,21
566,ON,1996,249.75,11710.3,7140.35,107.5,4604.301,4705.2,1,61,37,1,49,50
567,ON,1996,6915.833,158617.652,19935.51,2393.611,48346.271,6035.113,4,86,11,4,85,11
568,ON,1996,76727.254,8829.043,285.7,16550.504,2006.796,72.7,89,10,0,89,11,0
569,ON,1996,3392.251,22574.793,70346.955,1318.833,13772.278,59233.889,4,23,73,2,19,80
570,ON,1996,11023.578,221811.011,54081.812,1189.632,31432.686,7400.682,4,77,19,3,79,18
571,ON,1996,9479.334,2024,2698.668,2125.778,299.667,399.555,67,14,19,75,11,14
572,ON,1996,3342.009,16318.951,3549.9,480.55,2128.95,696.5,14,70,15,15,64,21
581,BC,1996,80,2480.08,0,192.4,6279,0,3,97,0,3,97,0
583,AB,1996,0,56.578,83.421,0,78.106,113.895,0,40,60,0,41,59
583,BC,1996,0,3531.765,1158.573,0,7724.444,1752.555,0,75,25,0,82,18
584,AB,1996,0,0,1125,0,0,1540,0,0,100,0,0,100
585,BC,1996,774.389,24872.752,0.437,2044.778,61109.473,1.75,3,97,0,3,97,0
586,AB,1996,8362.13,68001.852,28849.919,4078.118,20774.34,14724.543,8,65,27,10,52,37
587,AB,1996,22648.781,1425.15,0,7080.439,412.05,0,94,6,0,95,5,0
588,AB,1996,4900.514,11026.782,93559.191,2567.287,5690.169,40930.446,4,10,85,5,12,83
589,AB,1996,663.064,2154.957,0,331.529,1077.471,0,24,76,0,24,76,0
590,AB,1996,0,23078.091,43959.289,0,11990.551,40278.448,0,34,66,0,23,77
591,AB,1996,293.2,2509.335,121526.837,225.4,1339,85394.998,0,2,98,0,2,98
591,BC,1996,15942.791,74189.595,17392.641,32980.061,142491.817,26362.279,15,69,16,16,71,13
592,AB,1996,821.947,18613.844,96717.668,1178.823,22350.637,78614.542,1,16,83,1,22,77
593,AB,1996,0,6648.441,87745.559,0,3119.235,38113.765,0,7,93,0,8,92
594,AB,1996,0,0,52567.998,0,0,41633.998,0,0,100,0,0,100
595,AB,1996,0,3647.294,79858.706,0,1173.647,27487.353,0,4,96,0,4,96
596,AB,1996,7324.271,40617.349,48883.67,4649.477,21663.895,23928.77,8,42,50,9,43,48
597,AB,1996,1318.5,15865.2,25072,1596,20044.4,24626.001,3,38,59,3,43,53
598,AB,1996,0,1556.1,85278.901,0,1001,55566.999,0,2,98,0,2,98
599,AB,1996,0,5424,63431,0,4716,37714,0,8,92,0,11,89
600,AB,1996,1773.85,230.177,1709.333,2748.482,409.118,3052,48,6,46,44,7,49
609,AB,1996,0,0,303,0,0,432,0,0,100,0,0,100
610,AB,1996,987.572,9891.138,22226.922,637.058,16036.869,48119.07,3,30,67,1,25,74
610,BC,1996,0,0,0,0,0.999,0,,,,0,100,0
611,AB,1996,160,812.85,2692.15,179.75,1186.5,4436.75,4,22,73,3,20,76
612,AB,1996,0,5543.739,1296.922,0,10546.116,2981.885,0,81,19,0,78,22
615,AB,1996,2994.638,10939.164,0,6433.903,20845.898,0,21,79,0,24,76,0
616,AB,1996,10989.296,3220.465,0,11206.5,5129.5,0,77,23,0,69,31,0
617,AB,1996,1062.858,3018.143,1156,2892,7590,2059,20,58,22,23,61,16
618,AB,1996,702.258,7944.561,531.81,1657.45,7336.905,1226.25,8,87,6,16,72,12
618,BC,1996,361.663,3442.812,733.784,1258.624,16568.654,4816.721,8,76,16,6,73,21
619,AB,1996,0,418,0,0,822,0,0,100,0,0,100,0
622,AB,1996,2244.292,7610.668,0,6148.536,21276.465,0,23,77,0,22,78,0
623,AB,1996,2379.7,14112.264,3293.767,10457.769,49360.875,12823.358,12,71,17,14,68,18
625,AB,1996,32,64.001,0,75.333,150.667,0,33,67,0,33,67,0
626,AB,1996,0,1250.001,0,0,3943.999,0,0,100,0,0,100,0
629,AB,1996,150.8,1541.042,326.798,785,10469.387,2571.111,7,76,16,6,76,19
630,AB,1996,72.25,2543.645,50.444,264.125,22429.208,178.667,3,95,2,1,98,1
631,AB,1996,0,950.5,95.5,0,5464.2,553.8,0,91,9,0,91,9
647,SK,1996,2336.521,479.479,0,994.7,204.3,0,83,17,0,83,17,0
650,AB,1996,116.773,2289.533,388.445,1000,10214.422,1079.579,4,82,14,8,83,9
652,SK,1996,51.147,396.853,0,74.425,577.575,0,11,89,0,11,89,0
657,SK,1996,410.286,4566.214,0,481.423,5694.579,0,8,92,0,8,92,0
658,SK,1996,1691.974,859.976,0,445.56,226.44,0,66,34,0,66,34,0
660,SK,1996,1097.888,14971.863,0,918.333,12239.667,0,7,93,0,7,93,0
661,SK,1996,68.812,5311.19,0,49.888,4406.112,0,1,99,0,1,99,0
662,SK,1996,74,296,0,19.4,77.6,0,20,80,0,20,80,0
667,MB,1996,0,310,0,0,326,0,0,100,0,0,100,0
669,MB,1996,0,15932.85,0,0,14246,0,0,100,0,0,100,0
669,SK,1996,0,0,953,0,0,334,0,0,100,0,0,100
672,SK,1996,6803.457,5334.791,388.301,4481.428,2771.689,197.882,54,43,3,60,37,3
677,MB,1996,0,0,3387,0,0,5916,0,0,100,0,0,100
678,AB,1996,4062.722,96767.025,4913.156,8115.773,154194.548,6696,4,92,5,5,91,4
679,AB,1996,0,11778.771,0,0,31978,0,0,100,0,0,100,0
680,AB,1996,4047.6,70138.659,0,7248.01,107707.001,0,5,95,0,6,94,0
680,SK,1996,1881.45,26047.502,0,4295.132,35618.87,0,7,93,0,11,89,0
681,AB,1996,2948.553,76478.987,18916.41,2378.235,55816.715,14735.44,3,78,19,3,77,20
682,SK,1996,5559.503,7071.876,4531.472,6557.529,11240.659,940.812,32,41,26,35,60,5
683,AB,1996,45926.77,21757,0,34383,7109,0,68,32,0,83,17,0
684,AB,1996,444.01,65657.328,24450.482,1374.734,166228.921,61038.145,0,73,27,1,73,27
685,SK,1996,1088.516,28940.037,15523.999,1049.957,32152.962,9671.082,2,64,34,2,75,23
686,AB,1996,0,11504.391,0,0,20799,0,0,100,0,0,100,0
686,SK,1996,94.506,3357.493,0,114.987,4084.014,0,3,97,0,3,97,0
687,AB,1996,3039.278,10281.923,0,4349.208,13556.24,0,23,77,0,24,76,0
687,SK,1996,11139.915,110447.083,0,8407.202,64191.799,0,9,91,0,12,88,0
688,AB,1996,0,66093.699,0,0,53149.201,0,0,100,0,0,100,0
689,SK,1996,3484.737,49040.764,0,3963.92,19974.081,0,7,93,0,17,83,0
690,SK,1996,4108.173,47866.23,0,3142.931,31078.069,0,8,92,0,9,91,0
691,SK,1996,17248.52,1711.78,0,6805.842,100.156,0,91,9,0,99,1,0
692,AB,1996,41.199,26397.111,9608.531,175.042,82971.423,39453.357,0,73,27,0,68,32
693,SK,1996,15110.714,118731.282,0,7999.725,21963.278,0,11,89,0,27,73,0
694,SK,1996,40591.814,40231.494,19642.692,12235.976,11387.558,5566.465,40,40,20,42,39,19
695,SK,1996,33236.383,17330.618,0,17544.608,12329.392,0,66,34,0,59,41,0
696,SK,1996,73410.413,101436.537,0,31331.244,29126.755,0,42,58,0,52,48,0
697,SK,1996,0,8176.313,44025.687,0,2482.413,13381.586,0,16,84,0,16,84
698,SK,1996,31197.823,21732.673,0,8527.133,8152.866,0,59,41,0,51,49,0
699,SK,1996,0,39009,0,0,21355,0,0,100,0,0,100,0
700,SK,1996,0,10396.007,31936.045,0,6950.184,9971.818,0,25,75,0,41,59
701,SK,1996,62805.838,14897.558,0,31744.238,3762.765,0,81,19,0,89,11,0
702,SK,1996,8537.405,196453.165,18672.427,3538.87,25848.668,271.465,4,88,8,12,87,1
703,AB,1996,0,47939.27,686.509,0,130230.339,2012.98,0,99,1,0,98,2
704,SK,1996,1127.523,64411.387,22797.386,670.959,22000.849,7244.185,1,73,26,2,74,24
705,SK,1996,0,62580.955,217987.045,0,26250.595,14575.407,0,22,78,0,64,36
706,SK,1996,3719.767,114869.232,0,454.222,20505.776,0,3,97,0,2,98,0
707,SK,1996,17581.251,173444.201,1739.651,14935.239,48710.413,747.351,9,90,1,23,76,1
708,AB,1996,1587.6,51659.242,0,4379.4,134055.95,0,3,97,0,3,97,0
709,MB,1996,4399.262,145753.039,13619.548,3925.944,77819.5,4376.556,3,89,8,5,90,5
709,SK,1996,30135.221,187133.088,12148.685,11337.784,53548.98,2888.237,13,82,5,17,79,4
710,SK,1996,1542.925,17590.376,0,1197.015,19132.984,0,8,92,0,6,94,0
711,SK,1996,296.981,22610.97,0,1295.786,20354.212,0,1,99,0,6,94,0
714,MB,1996,0,1824,0,0,1471,0,0,100,0,0,100,0
714,SK,1996,0,57078.536,5088.917,0,35815.625,3087.377,0,92,8,0,92,8
715,MB,1996,846.064,16611.569,11391.466,1272.204,11459.566,10067.232,3,58,39,6,50,44
715,SK,1996,0,9917.953,2861.047,0,4253.712,980.287,0,78,22,0,81,19
716,MB,1996,4380.649,38723.05,18883.05,3669,25602.5,15159.5,7,62,30,8,58,34
717,MB,1996,45745.666,43882.355,12782.478,25667.523,27767.744,4185.732,45,43,12,45,48,7
718,MB,1996,0,3814.7,0,0,8637,0,0,100,0,0,100,0
720,MB,1996,0,0,2343.6,0,0,5374,0,0,100,0,0,100
723,MB,1996,69,26836.248,3959.7,328,106805.999,3502,0,87,13,0,97,3
724,MB,1996,2707.403,25723.861,127053.383,7460.458,24163.564,81411.982,2,17,82,7,21,72
726,MB,1996,51414.422,0,1620.528,69781.152,0,922.845,97,0,3,99,0,1
727,AB,1996,25344.992,170180.301,131267.536,21121.765,116181.527,63509.073,8,52,40,11,58,32
728,AB,1996,4055.277,194962.665,3789.706,2052.778,48032.228,464.744,2,96,2,4,95,1
729,AB,1996,37554.169,115023.084,0,20385.508,38374.337,0,25,75,0,35,65,0
729,SK,1996,26298.764,430204.235,0,7622.058,113021.938,0,6,94,0,6,94,0
730,AB,1996,47600.55,436729.348,12681.666,25989.502,172699.762,5185.278,10,88,3,13,85,3
731,AB,1996,21243.406,441700.685,0,15834.894,169887.506,0,5,95,0,9,91,0
732,AB,1996,0,12838.5,0,0,21617.1,0,0,100,0,0,100,0
733,SK,1996,32248.466,166806.007,10294.525,4544.74,57781.783,1102.475,15,80,5,7,91,2
734,SK,1996,41259.091,14165.907,0,16128.513,2315.486,0,74,26,0,87,13,0
735,SK,1996,4498.762,175351.239,0,6039.571,29955.434,0,3,97,0,17,83,0
736,SK,1996,42256.078,234910.478,8271.447,9189.315,42609.634,724.054,15,82,3,17,81,1
737,AB,1996,19030.4,99212.75,13360.55,16505.3,91261,11299.85,14,75,10,14,77,9
738,AB,1996,8960.36,132768.15,0,5333.75,25147.91,0,6,94,0,17,83,0
739,AB,1996,108762.467,9625.5,0,83911.178,8530.2,0,92,8,0,91,9,0
739,SK,1996,48591.948,4504.051,0,21091.549,1948.451,0,92,8,0,92,8,0
740,AB,1996,14164.7,144482.099,0,13293.4,84596.5,0,9,91,0,14,86,0
741,SK,1996,4503.158,163510.113,1470.736,266.459,11720.765,42.776,3,96,1,2,97,0
742,SK,1996,32456.642,11865.357,0,11827.535,405.465,0,73,27,0,97,3,0
743,AB,1996,2356.2,86052.324,0,459,35565.717,0,3,97,0,1,99,0
743,SK,1996,4878.937,7770.254,2878.816,841.359,2656.872,990.52,31,50,19,19,59,22
744,AB,1996,0,182488.05,15193.6,0,84161.46,2672.64,0,92,8,0,97,3
745,SK,1996,30005.391,769384.092,3321.532,7108.49,92015.514,582.992,4,96,0,7,92,1
746,AB,1996,0,147911.2,0,0,91957.15,0,0,100,0,0,100,0
747,SK,1996,31240.411,45617.59,0,16138.206,6796.794,0,41,59,0,70,30,0
748,SK,1996,6865.399,717260.872,867.729,1831.832,102520.049,118.976,1,99,0,2,98,0
749,SK,1996,18980.57,395188.428,0,2543.17,66382.36,0,5,95,0,4,96,0
750,AB,1996,0,60196.6,15664.6,0,107956.99,25402.61,0,79,21,0,81,19
751,MB,1996,12771.07,39725.288,0,11874.192,18702.749,88.006,24,76,0,39,61,0
751,SK,1996,15853.019,15088.828,0,7684.122,6984.877,0,51,49,0,52,48,0
752,MB,1996,0,124927.731,1699.269,0,36955.855,542.14,0,99,1,0,99,1
752,SK,1996,16332.242,484498.752,0,4495.388,84816.612,0,3,97,0,5,95,0
753,MB,1996,3732.409,472048.447,6810.145,1954.655,136887.491,2459.855,1,98,1,1,97,2
754,SK,1996,3783.292,179264.434,63254.269,2245.556,18123.222,6634.218,2,73,26,8,67,25
755,SK,1996,2741.008,208741.991,0,240.568,27680.432,0,1,99,0,1,99,0
756,SK,1996,7007.071,384044.929,0,697.251,71354.75,0,2,98,0,1,99,0
757,MB,1996,63302.265,25938.736,1572.65,42896.572,8044.431,0,70,29,2,84,16,0
758,MB,1996,46425.89,127778.224,9925.285,22279.792,33955.482,8298.862,25,69,5,35,53,13
759,MB,1996,4884.618,34636.382,0,6923.438,13641.562,0,12,88,0,34,66,0
760,MB,1996,0,92203.001,0,3098.514,17176.485,0,0,100,0,15,85,0
760,SK,1996,6275.926,408484.075,0,6602.632,79269.368,0,2,98,0,8,92,0
761,SK,1996,0,19338.001,2545,0,7454,928,0,88,12,0,89,11
762,SK,1996,33669.382,89584.621,0,7819.061,19807.478,0,27,73,0,28,72,0
763,MB,1996,100154.383,62009.598,5938.022,59822.32,26140.019,6585.663,60,37,4,65,28,7
763,SK,1996,47402.221,15988.778,0,7384.145,4357.856,0,75,25,0,63,37,0
764,MB,1996,0,75768.996,0,1536.559,24200.446,0,0,100,0,6,94,0
765,MB,1996,3958.965,363261.034,0,6938.068,71153.71,1062.471,1,99,0,9,90,1
766,MB,1996,1108.227,191741.769,0,661.754,42636.246,0,1,99,0,2,98,0
767,SK,1996,4067.149,457836.177,48816.677,418.153,31800.288,3411.558,1,90,10,1,89,10
768,SK,1996,0,45417,0,0,6488,0,0,100,0,0,100,0
769,AB,1996,0,111225,0,0,53894.75,0,0,100,0,0,100,0
770,SK,1996,75460.342,240784.262,9036.392,18376.225,30172.867,1293.905,23,74,3,37,61,3
771,AB,1996,15473.866,91374.556,267.4,7099.672,34408.225,66.6,14,85,0,17,83,0
771,SK,1996,0,52063.134,1715.867,555.481,8537.362,373.158,0,97,3,6,90,4
772,SK,1996,16266.933,30293.065,0,8830.361,1726.641,0,35,65,0,84,16,0
773,SK,1996,12857.753,281433.552,32989.697,2008.815,22987.209,3341.972,4,86,10,7,81,12
774,SK,1996,0,69495.999,0,0,5212.999,0,0,100,0,0,100,0
775,SK,1996,3473.582,75478.419,0,140.987,7875.013,0,4,96,0,2,98,0
776,SK,1996,45326.467,9675.533,0,20586.25,2377.749,0,82,18,0,90,10,0
777,AB,1996,14180,3216.15,0,8831.5,2053.95,0,82,18,0,81,19,0
778,SK,1996,22370.584,9424.414,0,2767.916,1166.084,0,70,30,0,70,30,0
779,AB,1996,0,35474.4,0,0,11754.9,0,0,100,0,0,100,0
780,SK,1996,9254.352,55629.2,280595.445,797.727,1929.926,9345.343,3,16,81,7,16,77
781,AB,1996,13502.16,60525.912,156303.308,3835.44,9089.105,10814.275,6,26,68,16,38,46
782,SK,1996,19174.75,588562.254,0,5016.3,46014.7,0,3,97,0,10,90,0
783,SK,1996,0,300384.002,0,0,23008.001,0,0,100,0,0,100,0
784,SK,1996,13459.971,81209.512,2280.51,3030.904,10453.104,199.996,14,84,2,22,76,1
785,SK,1996,0,86871.643,6597.355,0,7335.751,224.249,0,93,7,0,97,3
786,AB,1996,0,105616.05,19.5,0,25445.55,15.9,0,100,0,0,100,0
787,AB,1996,0,52810.4,0,0,5678,0,0,100,0,0,100,0
788,AB,1996,0,52767.6,17510.4,0,10606,1167,0,75,25,0,90,10
789,SK,1996,17201.757,140013.676,2786.572,9120.691,11259.311,0,11,88,2,45,55,0
790,AB,1996,15152.2,45142.8,0,3651.2,6108.599,0,25,75,0,37,63,0
791,AB,1996,0,202937,0,0,20760,0,0,100,0,0,100,0
792,SK,1996,39970.284,64305.399,649702.317,11643.285,14056.818,13901.896,5,9,86,29,35,35
793,AB,1996,51673.013,373455.964,24528.623,11745.977,93355.172,4698.447,11,83,5,11,85,4
794,SK,1996,0,511940.003,0,0,32639,0,0,100,0,0,100,0
795,SK,1996,0,275107.001,0,1097.88,25350.118,0,0,100,0,4,96,0
796,SK,1996,17069.806,60803.197,0,5311.455,6680.529,0,22,78,0,44,56,0
797,AB,1996,1983.8,16758,71,778.4,7312.955,32,11,89,0,10,90,0
798,AB,1996,36570.2,353945.2,32857.15,15428.9,120334.19,12509.21,9,84,8,10,81,8
799,AB,1996,0,65561,0,0,63256,0,0,100,0,0,100,0
800,AB,1996,0,82830.45,80083.15,0,52010.52,38084.54,0,51,49,0,58,42
801,AB,1996,0,38349.95,3079.05,0,44548.65,3940.35,0,93,7,0,92,8
802,AB,1996,0,71290.6,0,721.59,39825.5,0,0,100,0,2,98,0
803,SK,1996,7443.396,111170.78,57465.824,1197.256,7006.21,3117.539,4,63,33,11,62,28
804,AB,1996,14100.64,42844.26,0,9359.9,13683.9,0,25,75,0,41,59,0
805,AB,1996,4976.905,7478.991,4239.103,735.19,1021.705,579.105,30,45,25,31,44,25
805,SK,1996,5224.134,45780.126,25995.74,514.272,4350.9,2026.828,7,59,34,7,63,29
806,AB,1996,2368.6,75003.83,600.25,1359.5,57216.35,296.45,3,96,1,2,97,1
807,SK,1996,0,70286.221,9332.774,0,3942.399,389.604,0,88,12,0,91,9
808,SK,1996,3527.419,116568.036,452064.549,170.167,6042.118,17464.714,1,20,79,1,26,74
809,AB,1996,5305.755,114843.045,0,1660.5,23157.85,0,4,96,0,7,93,0
809,SK,1996,4284.995,110638.907,28007.094,550.099,8665.021,785.879,3,77,20,6,87,8
810,SK,1996,0,105293.003,0,0,8114.001,0,0,100,0,0,100,0
811,AB,1996,4665.6,4964.087,35946.712,613.2,470.915,1926.685,10,11,79,20,16,64
811,SK,1996,0,392.181,1045.818,0,22.908,61.091,0,27,73,0,27,73
812,AB,1996,29266.574,21712.785,20244.6,26348.326,17381.015,16002.2,41,30,28,44,29,27
813,SK,1996,3529.156,89778.614,41176.228,750.704,11414.067,4237.233,3,67,31,5,70,26
814,AB,1996,1376.55,12574.97,0,779.4,6299.57,0,10,90,0,11,89,0
815,AB,1996,23697.9,17262.639,0,7748.9,7630.567,0,58,42,0,50,50,0
815,SK,1996,23473.471,8885.528,0,1078.082,700.323,0,73,27,0,61,39,0
816,SK,1996,54126.075,362641.211,27997.713,19068.068,42428.914,1504.802,12,82,6,30,67,2
817,SK,1996,0,93744.114,3703.885,0,4098.844,166.158,0,96,4,0,96,4
818,AB,1996,0,29956.4,0,0,18811.2,0,0,100,0,0,100,0
819,SK,1996,24090.087,6870.915,0,2628.35,746.649,0,78,22,0,78,22,0
820,SK,1996,739.92,185204.912,749.169,0,24852.299,67.7,0,99,0,0,100,0
821,AB,1996,1957.612,90340.112,673.989,628.822,17821.765,464.483,2,97,1,3,94,2
821,SK,1996,794.446,176293.554,0,889.046,26712.954,0,0,100,0,3,97,0
822,SK,1996,6613.033,158496.992,1610.971,971.999,22091.419,593.579,4,95,1,4,93,3
823,AB,1996,24776.811,122230.187,0,6279.033,28080.466,0,17,83,0,18,82,0
824,SK,1996,24335.823,71877.869,1387.309,6692.311,17133.689,0,25,74,1,28,72,0
825,SK,1996,701.907,488239.095,0,604.514,57511.281,0,0,100,0,1,99,0
826,SK,1996,19103.852,665087.923,97592.671,5749.389,78453.026,2746.253,2,85,12,7,90,3
827,SK,1996,30887.021,13243.208,2254.769,18746.548,6804.451,801,67,29,5,71,26,3
828,AB,1996,19371.596,579525.703,0,2582.646,73036.95,0,3,97,0,3,97,0
829,AB,1996,21742.25,10798.15,0,5794.2,2735,0,67,33,0,68,32,0
830,SK,1996,18406.725,292154.141,41029.139,2600.265,30207.626,2607.145,5,83,12,7,85,7
831,SK,1996,6579.86,146569.351,1345.788,552.202,12903.798,0,4,95,1,4,96,0
832,SK,1996,17229.358,310289.452,1078.191,3681.161,61231.887,537.788,5,94,0,6,94,1
833,AB,1996,108.5,19129.2,32.55,34,4631.6,10.2,1,99,0,1,99,0
833,SK,1996,0,39148.21,26040.788,0,16491.896,10016.103,0,60,40,0,62,38
834,SK,1996,0,64962.241,161349.759,0,6035.458,19667.542,0,29,71,0,23,77
835,SK,1996,0,6289.839,15375.162,0,1611.871,3940.129,0,29,71,0,29,71
836,AB,1996,0,9510,0,0,1270,0,0,100,0,0,100,0
837,AB,1996,0,22627,0,0,7577,0,0,100,0,0,100,0
837,SK,1996,0,14547.181,3392.819,0,8981.783,1184.215,0,81,19,0,88,12
838,AB,1996,841.3,3634.7,0,799.8,1999.201,0,19,81,0,29,71,0
838,SK,1996,0,59365.618,2733.159,0,14664.953,1407.626,0,96,4,0,91,9
839,MB,1996,8564.754,76697.381,9381.864,2347.167,26264.517,3257.317,9,81,10,7,82,10
840,MB,1996,45858.385,12089.718,14572.897,25344.528,12888.084,4593.387,63,17,20,59,30,11
841,MB,1996,19582.687,21369.812,0,1856.579,53715.423,0,48,52,0,3,97,0
843,MB,1996,15562.922,9145.078,0,16414.558,8244.441,0,63,37,0,67,33,0
844,MB,1996,9856.13,39058.1,5956.77,9066.928,30419.541,4329.534,18,71,11,21,69,10
846,MB,1996,0,16622.999,0,0,39928.003,0,0,100,0,0,100,0
847,MB,1996,0,28762.85,20294.85,0,12287.001,5073,0,59,41,0,71,29
848,MB,1996,928.526,8723.224,0,632.421,6453.579,0,10,90,0,9,91,0
849,MB,1996,11589.833,41055.946,645369.222,4145.474,18781.842,78421.684,2,6,92,4,19,77
850,MB,1996,122424.999,29421.002,0,71171.498,9277.501,0,81,19,0,88,12,0
851,MB,1996,0,42490.446,33610.551,0,8271.763,6736.238,0,56,44,0,55,45
852,MB,1996,42017.538,97168.345,114864.112,8470.089,8280.915,9609.993,17,38,45,32,31,36
853,MB,1996,0,18054.183,33254.817,0,898.68,1655.321,0,35,65,0,35,65
854,MB,1996,5825.875,73922.121,0,1886.125,20011.874,0,7,93,0,9,91,0
855,MB,1996,0,10802,0,0,5474,0,0,100,0,0,100,0
940,BC,1996,57,13,0,378,80,0,81,19,0,83,17,0
943,BC,1996,0,4,0,0,2,0,0,100,0,0,100,0
944,BC,1996,120.181,27.22,1.6,854.54,114.762,1.7,81,18,1,88,12,0
948,BC,1996,0,0,0,1,0,0,,,,100,0,0
950,BC,1996,42.726,412.737,0,204.873,1983.127,0,9,91,0,9,91,0
955,BC,1996,40.714,19.286,66.9,270.328,88.971,481.7,32,15,53,32,11,57
956,BC,1996,849.659,988.727,493.126,4453.323,3817.438,1532.236,36,42,21,45,39,16
957,BC,1996,158.624,114.22,0,338.573,219.432,0,58,42,0,61,39,0
958,BC,1996,12.751,9.249,0,33.321,8.678,0,58,42,0,79,21,0
959,BC,1996,3541.141,16848.011,472.918,5119.898,31051.514,836.353,17,81,2,14,84,2
960,BC,1996,18,0,0,44,0,0,100,0,0,100,0,0
962,BC,1996,0,15,0,0,98,0,0,100,0,0,100,0
969,BC,1996,0,37.49,0,0,244,0,0,100,0,0,100,0
971,BC,1996,89.3,6.7,0,403.75,27.249,0,93,7,0,94,6,0
972,BC,1996,2555.888,1486.463,2662.452,21470.661,10773.904,18971.435,38,22,40,42,21,37
974,BC,1996,199.143,75.816,83.04,2109.216,651.583,846.2,56,21,23,58,18,23
975,BC,1996,24,0,0,686,0,0,100,0,0,100,0,0
976,BC,1996,243.677,389.881,0,4299.085,7849.913,0,38,62,0,35,65,0
977,BC,1996,538.405,719.037,0,6211.831,7596.172,0,43,57,0,45,55,0
978,BC,1996,988.414,1754.898,0,4854.716,11636.289,0,36,64,0,29,71,0
979,BC,1996,2314.744,7575.256,0,20095.997,51351.001,0,23,77,0,28,72,0
980,BC,1996,24,6.4,1.6,192.75,51.4,12.85,75,20,5,75,20,5
981,BC,1996,0,83,32,1,378,145,0,72,28,0,72,28
982,BC,1996,2593.183,2211.832,2935.19,16867.207,17721.046,24060.748,34,29,38,29,30,41
987,BC,1996,3,3,0,105,123,0,50,50,0,46,54,0
988,BC,1996,254.6,144.4,0,1126.81,643.19,0,64,36,0,64,36,0
990,BC,1996,235.022,32.975,0,684.442,73.556,0,88,12,0,90,10,0
991,BC,1996,137.66,3238.045,530.246,338.574,5913.947,1689.479,4,83,14,4,74,21
992,BC,1996,11.467,31.533,0,26.4,72.6,0,27,73,0,27,73,0
995,BC,1996,30.786,144.214,0,122.835,516.163,0,18,82,0,19,81,0
1001,BC,1996,1058.649,734.382,0,3929.739,2979.263,0,59,41,0,57,43,0
1002,BC,1996,319,51,0,830.1,134.9,0,86,14,0,86,14,0
1003,BC,1996,16,0,0,49,0,0,100,0,0,100,0,0
1004,BC,1996,438.981,1329.779,299.95,3407.506,6462.636,2768.85,21,64,14,27,51,22
1005,BC,1996,2390.638,3169.092,0,12149.168,18910.829,0,43,57,0,39,61,0
1006,BC,1996,3105.981,3461.25,0,21673.884,35550.117,0,47,53,0,38,62,0
1007,BC,1996,3093.764,2884.431,2965.935,4682.803,4954.11,5223.084,35,32,33,32,33,35
1008,BC,1996,1451.742,692.376,384.881,4748.214,2057.323,1381.462,57,27,15,58,25,17
1009,BC,1996,1098.489,286.151,0,2689.376,657.621,0,79,21,0,80,20,0
1010,BC,1996,1585.105,579.923,0,1540.309,1083.693,0,73,27,0,59,41,0
1011,BC,1996,759.817,155.162,0,2849.265,560.734,0,83,17,0,84,16,0
1012,BC,1996,95.664,35.334,0,1142.23,199.772,0,73,27,0,85,15,0
1013,BC,1996,308.833,191.555,187.612,2116.778,1280.222,1253,45,28,27,46,28,27
1015,BC,1996,1602.618,1412.384,0,2524.452,2251.547,0,53,47,0,53,47,0
1016,AB,1996,1076.5,1175.5,0,3311.5,4324.5,0,48,52,0,43,57,0
1017,BC,1996,71.76,26.24,0,701.441,530.56,0,73,27,0,57,43,0
1018,AB,1996,397.35,11658.35,137.5,609.35,26655.6,433.25,3,96,1,2,96,2
9593,AB,1996,0,11446,45784,0,6056.8,24227.2,0,20,80,0,20,80
9607,AB,1996,0,0,584,0,0,244,0,0,100,0,0,100
9609,AB,1996,764.983,4942.097,2755.9,1133.9,7440.25,3676.85,9,58,33,9,61,30
9687,AB,1996,6235.816,128735.613,0,7120,107093.85,0,5,95,0,6,94,0
9787,AB,1996,0,84156.81,0,0,12058.94,0,0,100,0,0,100,0
244,AB,1997,0,0,1379,0,0,850,0,0,100,0,0,100
244,BC,1997,0,31,9,0,322.001,75,0,78,23,0,81,19
252,BC,1997,0,42,0,0,200,0,0,100,0,0,100,0
371,MB,1997,0,0,86,0,0,101,0,0,100,0,0,100
374,ON,1997,9,0,0,214,0,0,100,0,0,100,0,0
375,MB,1997,1709.123,15697.052,39940.243,2347.373,10277.222,19268.055,3,27,70,7,32,60
376,MB,1997,0,18,0,0,36,0,0,100,0,0,100,0
378,ON,1997,65,1246,0,461,6238,0,5,95,0,7,93,0
379,MB,1997,1024.242,715.16,0,1995.517,1477.483,0,59,41,0,57,43,0
380,MB,1997,1796.828,131.579,2163.893,4383.654,1774.478,2861.868,44,3,53,49,20,32
381,ON,1997,0,3189,0,0,43299,0,0,100,0,0,100,0
383,ON,1997,242.286,2526.713,0,1772,11890,0,9,91,0,13,87,0
386,ON,1997,74,0,0,636,0,0,100,0,0,100,0,0
391,ON,1997,45,0,0,168,0,0,100,0,0,100,0,0
400,ON,1997,0,0,287,0,0,3692,0,0,100,0,0,100
401,ON,1997,102.786,584.146,1008.07,1177.551,4020.032,15467.418,6,34,59,6,19,75
401,QC,1997,875,39,12343.23,7290,262,81954.13,7,0,93,8,0,92
402,ON,1997,0,61,0,0,917,0,0,100,0,0,100,0
407,ON,1997,225.76,0,131.24,1678.971,0,915.03,63,0,37,65,0,35
408,ON,1997,0,14960,0,0,42058,0,0,100,0,0,100,0
408,QC,1997,1204.578,494.228,7099.634,4397.822,3063.222,28754.831,14,6,81,12,8,79
409,ON,1997,45,560,0,733,5626.001,0,7,93,0,12,88,0
410,ON,1997,62.5,175.5,0,324.7,1086.3,0,26,74,0,23,77,0
411,ON,1997,4174.289,2051.709,0,31334.967,9369.03,0,67,33,0,77,23,0
412,ON,1997,0,174.6,698.4,0,2021.2,8084.8,0,20,80,0,20,80
413,ON,1997,4140.951,1000.244,257.579,59042.009,8875.844,1815.624,77,19,5,85,13,3
415,QC,1997,413.22,0,0,1826,0,0,100,0,0,100,0,0
418,QC,1997,8189.078,754.7,629.999,20006,2554,2428.999,86,8,7,80,10,10
419,QC,1997,240,0,0,501,0,0,100,0,0,100,0,0
421,QC,1997,727.66,0,0,3693,0,0,100,0,0,100,0,0
422,QC,1997,47,0,0,355,0,0,100,0,0,100,0,0
423,QC,1997,752.66,494,0,6112,4399,0,60,40,0,58,42,0
424,QC,1997,1428.998,746.999,1300,4665.999,4654.099,770.9,41,21,37,46,46,8
425,QC,1997,6755.679,2429.5,5472.979,41138.999,24780.03,27127.77,46,17,37,44,27,29
426,QC,1997,2766,358,0,7233,744,0,89,11,0,91,9,0
431,QC,1997,6,0,0,44,0,0,100,0,0,100,0,0
438,QC,1997,329.42,0,0,784,0,0,100,0,0,100,0,0
439,QC,1997,168,0,0,440,0,0,100,0,0,100,0,0
440,QC,1997,251,0,0,799,0,0,100,0,0,100,0,0
441,QC,1997,20537.35,25007.732,3349.488,33407.319,53213.194,6134.675,42,51,7,36,57,7
455,NF,1997,35.11,0,0,280,0,0,100,0,0,100,0,0
458,NF,1997,58,150.37,0,93,1043,0,28,72,0,8,92,0
460,NF,1997,0,16,0,0,66,0,0,100,0,0,100,0
461,NF,1997,0,267.671,0,0,933.999,0,0,100,0,0,100,0
462,NF,1997,0,22.999,0,0,98,0,0,100,0,0,100,0
463,NF,1997,0,217.998,0,0,887,0,0,100,0,0,100,0
466,NF,1997,29,293.961,0,61,1079,0,9,91,0,5,95,0
468,NF,1997,0,48.8,0,0,185,0,0,100,0,0,100,0
471,NF,1997,111,276.04,0,142,450,0,29,71,0,24,76,0
475,NF,1997,0,458.68,0,0,2358,0,0,100,0,0,100,0
477,NF,1997,11.67,0,0,170,0,0,100,0,0,100,0,0
478,QC,1997,807,970.7,0,3483,4204.399,0,45,55,0,45,55,0
479,QC,1997,4419.146,24371.295,4311.12,14628.63,88242.067,11461.3,13,74,13,13,77,10
481,QC,1997,0,4107,0,0,12140,0,0,100,0,0,100,0
482,QC,1997,10726.46,11942.04,0,84601,74002.201,0,47,53,0,53,47,0
483,QC,1997,8070.376,21444.526,441.102,49698.551,77937.05,1858.401,27,72,1,38,60,1
484,NB,1997,0,164,0,0,426,0,0,100,0,0,100,0
484,QC,1997,355,3192.97,0,1651,8251,0,10,90,0,17,83,0
485,NB,1997,379.854,486.146,0,1396.769,1107.231,0,44,56,0,56,44,0
486,NB,1997,761.2,6288.8,0,585.39,4960.61,0,11,89,0,11,89,0
487,NB,1997,345.015,548.987,0,1133.626,2886.375,0,39,61,0,28,72,0
487,QC,1997,21.407,1179.595,0,82.389,4519.612,0,2,98,0,2,98,0
488,NB,1997,34,342,0,86.667,856.333,0,9,91,0,9,91,0
489,NB,1997,167,680,0,448,1599,0,20,80,0,22,78,0
490,NB,1997,255,723,0,1004.353,851.647,0,26,74,0,54,46,0
493,NB,1997,1691.302,17016.117,1026.581,1837.369,15402.794,780.839,9,86,5,10,85,4
494,NB,1997,0,13982,0,0,13971,0,0,100,0,0,100,0
495,NB,1997,206.25,483.75,0,1176.74,2261.26,0,30,70,0,34,66,0
496,NB,1997,2494.835,431.71,222.457,18087.356,3168.472,1524.171,79,14,7,79,14,7
497,NB,1997,94.75,1129.25,0,1064.103,2351.897,0,8,92,0,31,69,0
498,NB,1997,323,0,0,1833,0,0,100,0,0,100,0,0
499,NB,1997,554.4,309.6,13,1395.32,2868.88,85.8,63,35,1,32,66,2
500,NB,1997,5262.362,120.739,205.9,10971.254,272.707,885.6,94,2,4,90,2,7
501,NB,1997,809.68,2066.319,0,1431.013,3202.987,0,28,72,0,31,69,0
502,NB,1997,359.415,635.584,0,1368.551,3110.447,0,36,64,0,31,69,0
503,NB,1997,1818.372,1823.628,20,8922.509,14085.488,130,50,50,1,39,61,1
504,NB,1997,1150,459,0,7489.001,340,0,71,29,0,96,4,0
504,NS,1997,4658.075,1584.428,0,21627.067,8393.938,0,75,25,0,72,28,0
505,NB,1997,237,777,0,1041,5112,0,23,77,0,17,83,0
506,NB,1997,29,481,0,789.96,1620.04,0,6,94,0,33,67,0
507,NB,1997,205.998,1343.001,0,1829.999,6988.499,0,13,87,0,21,79,0
507,NS,1997,4297.253,1988.931,0,8024.086,4481.036,0,68,32,0,64,36,0
508,NB,1997,456,0,0,846,0,0,100,0,0,100,0,0
509,NS,1997,280.001,1657,0,595.999,4065.999,0,14,86,0,13,87,0
510,NS,1997,121.734,77.918,0,203.333,190.666,0,61,39,0,52,48,0
511,NS,1997,0,93.003,0,0,130.999,0,0,100,0,0,100,0
512,NS,1997,0,2411.519,0,0,4257,0,0,100,0,0,100,0
513,NS,1997,131.354,408.224,0,432.5,1236.503,0,24,76,0,26,74,0
514,NS,1997,6.69,0,0,27,0,0,100,0,0,100,0,0
516,NS,1997,465.149,942.761,0,1813.124,2282.877,0,33,67,0,44,56,0
517,NS,1997,704.202,4545.625,0,3103.867,23216.134,0,13,87,0,12,88,0
518,NS,1997,10426.416,4703.281,0,14435.987,11695.566,0,69,31,0,55,45,0
519,NS,1997,0,280,0,0,845,0,0,100,0,0,100,0
520,NS,1997,15.667,547.334,0,78,2164.001,0,3,97,0,3,97,0
521,NS,1997,0,90,0,0,725,0,0,100,0,0,100,0
522,NS,1997,130.289,406.633,0,903.754,3466.247,0,24,76,0,21,79,0
523,NS,1997,245.655,699.875,0,710.221,4124.779,0,26,74,0,15,85,0
524,NS,1997,14,25,0,181,111,0,36,64,0,62,38,0
525,NS,1997,483.343,2125.323,0,1862.942,6771.059,0,19,81,0,22,78,0
527,NS,1997,83.911,902.091,0,229.421,2145.577,0,9,91,0,10,90,0
528,NS,1997,1764.058,1460.719,0,1539.141,1556.855,0,55,45,0,50,50,0
529,NS,1997,0,560.002,0,0,616.998,0,0,100,0,0,100,0
530,NS,1997,34.667,1392.333,0,100,1630.999,0,2,98,0,6,94,0
531,NS,1997,579.941,1811.34,0,785.872,4124.128,0,24,76,0,16,84,0
534,PE,1997,16593.177,5161.823,0,15491.727,3958.272,0,76,24,0,80,20,0
535,PE,1997,20800,0,0,13640,0,0,100,0,0,100,0,0
536,PE,1997,42057.29,2304.709,0,39893.082,2532.917,0,95,5,0,94,6,0
537,PE,1997,22292.223,526.778,0,24094.445,606.556,0,98,2,0,98,2,0
538,PE,1997,6716,0,0,3397,0,0,100,0,0,100,0,0
539,QC,1997,29,414.21,81.98,231.819,806.181,230,6,79,16,18,64,18
540,QC,1997,144792.127,80838.412,59526.875,246970.673,93672.839,85997.1,51,28,21,58,22,20
541,ON,1997,0,12647.35,2025.65,1525.788,5298.312,1615.9,0,86,14,18,63,19
541,QC,1997,127448.266,37726.597,245765.552,74033.725,20056.426,120196.845,31,9,60,35,9,56
542,ON,1997,0,586.273,10108.046,3508.56,2515.094,43350.345,0,5,95,7,5,88
543,ON,1997,4319,26044.533,9573.524,10246.185,33799.224,17281.868,11,65,24,17,55,28
543,QC,1997,0,207,734,0,879,3255.4,0,22,78,0,21,79
544,ON,1997,1676.408,47785.898,12202.895,6090.63,39442.54,9425.83,3,77,20,11,72,17
545,ON,1997,2278.477,10810.771,9127.059,8797.347,12228.493,15221.161,10,49,41,24,34,42
546,ON,1997,0,25726.531,5411.432,0,43595.644,10284.358,0,83,17,0,81,19
546,QC,1997,0,233,0,0,434,0,0,100,0,0,100,0
547,ON,1997,3866.16,16828.563,11729.861,19584.169,33857.925,38443.194,12,52,36,21,37,42
548,QC,1997,278.96,0,0,467,0,0,100,0,0,100,0,0
549,ON,1997,0,374.537,3899.581,0,1607.739,17614.262,0,9,91,0,8,92
550,ON,1997,782.926,3005.544,948.619,7483.901,39262.076,10771.849,17,63,20,13,68,19
551,ON,1997,23795.743,55856.542,34963.115,55783.779,61252.357,81044.864,21,49,31,28,31,41
552,ON,1997,21194.647,3793.264,0,79836.628,27507.711,7.429,85,15,0,74,26,0
553,ON,1997,57296.573,93763.703,16105.645,68808.633,86480.58,20412.146,34,56,10,39,49,12
554,ON,1997,13611.084,2814.096,0,44824.436,6457.565,0,83,17,0,87,13,0
555,ON,1997,7664.609,4654.839,13646.301,18154.539,24887.87,35271.142,30,18,53,23,32,45
556,ON,1997,18009.111,81654.752,1661.613,47477.824,117413.804,2505.375,18,81,2,28,70,1
557,ON,1997,10007.883,270824.958,0,4587.009,99591.989,0,4,96,0,4,96,0
558,ON,1997,13518.289,199087.782,768.131,18791.746,113829.766,412.49,6,93,0,14,86,0
559,ON,1997,0,310.4,0,0,0,0,0,100,0,,,
560,ON,1997,24914.773,60429.284,0,15136.221,28819.778,0,29,71,0,34,66,0
561,ON,1997,769.025,20031.357,2330.889,478.125,11862.403,1375.222,3,87,10,3,86,10
562,ON,1997,0,24883.444,12523.556,0,17671.888,8545.111,0,67,33,0,67,33
563,ON,1997,0,152,0,0,259,0,0,100,0,0,100,0
564,ON,1997,10296.599,64638.237,19765.682,15387.044,28824.278,15931.542,11,68,21,26,48,26
565,ON,1997,90368.133,208641.142,84659.725,16288.805,46481.857,16455.338,24,54,22,21,59,21
566,ON,1997,236.25,11648.549,7322.2,112.75,4539.55,4439.3,1,61,38,1,50,49
567,ON,1997,6942.222,159067.163,19917.613,2332.5,47626.842,6014.659,4,86,11,4,85,11
568,ON,1997,76723.103,8852.694,287.2,16456.892,1968.609,69.5,89,10,0,89,11,0
569,ON,1997,3410.123,22965.811,72499.064,1285.234,13289.474,56783.292,3,23,73,2,19,80
570,ON,1997,11048.133,221952.849,54194.417,1160.796,31063.374,7253.829,4,77,19,3,79,18
571,ON,1997,9566.778,2030.666,2707.556,2024.334,290,386.667,67,14,19,75,11,14
572,ON,1997,3330.559,16197.052,3513.25,511.859,2188.79,728.35,14,70,15,15,64,21
581,BC,1997,76.8,2391.08,0,196.4,6383,0,3,97,0,3,97,0
583,AB,1997,0,55.578,81.421,0,79.106,116.895,0,41,59,0,40,60
583,BC,1997,0,3357.434,1113.907,0,7913.222,1803.778,0,75,25,0,81,19
584,AB,1997,0,0,1089,0,0,1575,0,0,100,0,0,100
585,BC,1997,752,24265.141,0.437,2060.722,61771.589,1.688,3,97,0,3,97,0
586,AB,1997,8249.719,66845.692,28521.489,4163.765,21918.164,15175.07,8,65,28,10,53,37
587,AB,1997,22042.379,1365,0,7726.09,468.45,0,94,6,0,94,6,0
588,AB,1997,4566.851,10431.346,90971.292,2888.722,6270.756,43457.622,4,10,86,5,12,83
589,AB,1997,671.299,2181.721,0,325.412,1057.588,0,24,76,0,24,76,0
590,AB,1997,0,22503.605,42958.776,0,12503.811,41219.189,0,34,66,0,23,77
591,AB,1997,277.9,2421.335,116359.833,234.1,1441,90754,0,2,98,0,2,98
591,BC,1997,15581.217,71751.856,16959.369,33367.923,145063.668,26801.523,15,69,16,16,71,13
592,AB,1997,838.888,18340.125,94014.45,1164.353,22695.521,81230.126,1,16,83,1,22,77
593,AB,1997,0,6512.911,85247.087,0,3247.118,40531.882,0,7,93,0,7,93
594,AB,1997,0,0,50309.996,0,0,43877,0,0,100,0,0,100
595,AB,1997,0,3578.353,77137.648,0,1248.941,30221.059,0,4,96,0,4,96
596,AB,1997,7349.017,40188.546,48220.03,4647.604,22144.161,24631.376,8,42,50,9,43,48
597,AB,1997,1291.1,15527.8,24915.999,1620.5,20343.999,24797,3,37,60,3,44,53
598,AB,1997,0,1508.5,82050.501,0,1037.4,58498.598,0,2,98,0,2,98
599,AB,1997,0,5497,62551.999,0,4564,38320.999,0,8,92,0,11,89
600,AB,1997,1716.909,214.882,1618.667,2779.391,425.177,3131.333,48,6,46,44,7,49
609,AB,1997,0,0,288,0,0,450,0,0,100,0,0,100
610,AB,1997,954.069,9469.646,21466.914,668.037,16398.822,48744.141,3,30,67,1,25,74
610,BC,1997,0,0,0,0,0.999,0,,,,0,100,0
611,AB,1997,160.75,823.5,2739.75,178.5,1173.45,4380.05,4,22,74,3,20,76
612,AB,1997,0,5414.825,1293.835,0,10669.903,2986.096,0,81,19,0,78,22
615,AB,1997,2954.76,10761.443,0,6469.332,20986.469,0,22,78,0,24,76,0
616,AB,1997,10903.902,2958.857,0,11334.608,5392.393,0,79,21,0,68,32,0
617,AB,1997,1065.714,3132.286,1128,2898.858,7491.643,2085.5,20,59,21,23,60,17
618,AB,1997,798.422,7870.164,557.56,1554.361,7418.423,1203,9,85,6,15,73,12
618,BC,1997,368.151,3640.597,764.511,1251.121,16429.172,4792.705,8,76,16,6,73,21
619,AB,1997,0,416,0,0,821,0,0,100,0,0,100,0
622,AB,1997,2181.682,7372.279,0,6210.372,21516.63,0,23,77,0,22,78,0
623,AB,1997,2312.177,13412.24,3011.323,10477.457,49904.694,13066.849,12,72,16,14,68,18
625,AB,1997,29.667,59.334,0,80,160,0,33,67,0,33,67,0
626,AB,1997,0,1110,0,0,4087,0,0,100,0,0,100,0
629,AB,1997,177.3,1682.698,360.743,749.9,10262.067,2513.333,8,76,16,6,76,19
630,AB,1997,79.5,2583.172,50.667,261.875,22585.57,181.556,3,95,2,1,98,1
631,AB,1997,0,1003.4,101.6,0,5365.8,543.2,0,91,9,0,91,9
647,SK,1997,2125.129,438.871,0,1205.613,244.387,0,83,17,0,83,17,0
650,AB,1997,115.606,2289.803,378.339,1014.667,10269.439,1085.895,4,82,14,8,83,9
652,SK,1997,49.262,382.738,0,76.405,593.595,0,11,89,0,11,89,0
657,SK,1997,399.362,4348.136,0,495.814,5941.187,0,8,92,0,8,92,0
658,SK,1997,1665.952,846.998,0,469.264,238.736,0,66,34,0,66,34,0
660,SK,1997,1045.198,14294.554,0,970.049,12912.951,0,7,93,0,7,93,0
661,SK,1997,63.65,4920.349,0,55.909,4901.09,0,1,99,0,1,99,0
662,SK,1997,72.8,291.2,0,20.8,83.2,0,20,80,0,20,80,0
667,MB,1997,0,306,0,0,345,0,0,100,0,0,100,0
669,MB,1997,0,15944.85,0,0,14287.001,0,0,100,0,0,100,0
669,SK,1997,0,0,942,0,0,350,0,0,100,0,0,100
672,SK,1997,6725.867,5246.644,382.037,4567.424,2874.534,206.041,54,42,3,60,38,3
677,MB,1997,0,0,3500,0,0,5822,0,0,100,0,0,100
678,AB,1997,4062.613,94320.316,4748.862,8103.782,156725.844,6861.706,4,91,5,5,91,4
679,AB,1997,0,11602.77,0,0,32114.001,0,0,100,0,0,100,0
680,AB,1997,3957.018,67857.656,0,7313.35,109828,0,6,94,0,6,94,0
680,SK,1997,1823.633,25427.319,0,4387.962,36409.039,0,7,93,0,11,89,0
681,AB,1997,2879.141,75914.399,19236.41,2448.235,56373.716,14597.44,3,77,20,3,77,20
682,SK,1997,5325.933,6640.027,4301.89,6791.88,11681.601,1172.52,33,41,26,35,59,6
683,AB,1997,44896.77,21214.001,0,35188,7610,0,68,32,0,82,18,0
684,AB,1997,431.726,64604.311,23397.184,1439.274,167245.323,62097.303,0,73,26,1,72,27
685,SK,1997,1057.99,28216.559,15073.002,1079.278,32919.784,10124.942,2,64,34,2,75,23
686,AB,1997,0,11373.392,0,0,20931.001,0,0,100,0,0,100,0
686,SK,1997,89.571,3181.429,0,120.416,4273.585,0,3,97,0,3,97,0
687,AB,1997,2956.889,10069.41,0,4401.281,13732.85,0,23,77,0,24,76,0
687,SK,1997,10699.43,107392.57,0,8862.513,67396.487,0,9,91,0,12,88,0
688,AB,1997,0,64777.503,0,0,54076.599,0,0,100,0,0,100,0
689,SK,1997,3409.907,48458.595,0,4116.465,20826.529,0,7,93,0,17,83,0
690,SK,1997,3996.768,46559.63,0,3276.423,32460.578,0,8,92,0,9,91,0
691,SK,1997,17007.521,1711.78,0,7029.842,100.156,0,91,9,0,99,1,0
692,AB,1997,38.625,25292.056,9228.725,176.69,84190.742,39775.587,0,73,27,0,68,32
693,SK,1997,14290.485,117487.52,0,8799.928,23326.073,0,11,89,0,27,73,0
694,SK,1997,40161.475,40286.092,19753.432,12632.108,11318.589,5450.305,40,40,20,43,38,19
695,SK,1997,32373.382,17049.618,0,18427.866,12597.134,0,66,34,0,59,41,0
696,SK,1997,72463.465,100099.485,0,32854.79,30903.211,0,42,58,0,52,48,0
697,SK,1997,0,8063.838,43417.162,0,2590.5,13966.499,0,16,84,0,16,84
698,SK,1997,31185.724,21710.773,0,8545.846,8169.153,0,59,41,0,51,49,0
699,SK,1997,0,38086,0,0,22283.001,0,0,100,0,0,100,0
700,SK,1997,0,10287.4,31709.651,0,7054.882,10198.12,0,24,76,0,41,59
701,SK,1997,62591.137,14902.263,0,32910.979,3950.021,0,81,19,0,89,11,0
702,SK,1997,8515.523,196034.325,18638.151,3612.325,26414.936,305.741,4,88,8,12,87,1
703,AB,1997,0,47189.368,681.559,0,131383.09,2039.68,0,99,1,0,98,2
704,SK,1997,1100.373,63186.013,22542.915,698.109,23310.754,7517.138,1,73,26,2,74,24
705,SK,1997,0,62277.701,218301.296,0,26442.776,14259.223,0,22,78,0,65,35
706,SK,1997,3708.803,114271.194,0,466.753,21058.242,0,3,97,0,2,98,0
707,SK,1997,16595.156,171530.483,1749.465,15920.133,50671.979,737.896,9,90,1,24,75,1
708,AB,1997,1524.6,50086.043,0,4371.3,134950.351,0,3,97,0,3,97,0
709,MB,1997,4327.69,144640.673,13507.487,3995.75,79045.638,4477.616,3,89,8,5,90,5
709,SK,1997,29327.681,184630.883,12150.444,12189.716,56174.849,2894.435,13,82,5,17,79,4
710,SK,1997,1506.357,17230.945,0,1244.125,19589.874,0,8,92,0,6,94,0
711,SK,1997,284.899,21866.051,0,1358.022,21280.979,0,1,99,0,6,94,0
714,MB,1997,0,1765,0,0,1529,0,0,100,0,0,100,0
714,SK,1997,0,56255.957,4997.492,0,36598.113,3177.887,0,92,8,0,92,8
715,MB,1997,820.535,16454.659,11210.907,1304.07,11686.373,10289.559,3,58,39,6,50,44
715,SK,1997,0,9721.787,2799.217,0,4474.701,1048.3,0,78,22,0,81,19
716,MB,1997,4324.649,38444.55,18831.55,3732.999,25914.5,15249.5,7,62,31,8,58,34
717,MB,1997,44778.582,42953.986,12518.931,26722.507,28807.215,4449.279,45,43,12,45,48,7
718,MB,1997,0,3127.7,0,0,9379,0,0,100,0,0,100,0
720,MB,1997,0,0,2336.6,0,0,5384,0,0,100,0,0,100
723,MB,1997,88,27731.249,3793.7,312,106099.999,3665,0,88,12,0,96,3
724,MB,1997,2670.081,25493.998,127153.573,7485.308,24324.405,80995.286,2,16,82,7,22,72
726,MB,1997,50049.419,0,1605.531,71233.101,0,939.898,97,0,3,99,0,1
727,AB,1997,24824.64,167994.242,130170.309,21491.117,117898.007,63910.469,8,52,40,11,58,31
728,AB,1997,3961.389,192873.388,3752.823,2141.389,50121.333,501.626,2,96,2,4,95,1
729,AB,1997,37003.245,113696.842,0,20799.318,39517.429,0,25,75,0,34,66,0
729,SK,1997,25963.541,424975.463,0,7935.889,117818.108,0,6,94,0,6,94,0
730,AB,1997,47040.821,429458.254,12367.5,26286.858,178475.653,5479.722,10,88,3,13,85,3
731,AB,1997,21213.977,438224.072,0,15733.424,173036.016,0,5,95,0,8,92,0
732,AB,1997,0,12737.7,0,0,21408.3,0,0,100,0,0,100,0
733,SK,1997,31914.729,164587.943,10240.329,4896.634,60260.69,1156.671,15,80,5,7,91,2
734,SK,1997,40434.82,14054.174,0,16862.113,2416.89,0,74,26,0,87,13,0
735,SK,1997,4410.246,173289.757,0,6145.15,32133.85,0,2,98,0,16,84,0
736,SK,1997,41903.362,233920.352,8249.282,9674.683,43950.201,753.115,15,82,3,18,81,1
737,AB,1997,18561.6,96681,12879.85,16843.1,93410.55,11753.5,14,75,10,14,77,10
738,AB,1997,8753.81,131985.41,0,5467.2,25702.16,0,6,94,0,18,82,0
739,AB,1997,108136.29,9662.4,0,83628.982,8448.3,0,92,8,0,91,9,0
739,SK,1997,47622.887,4418.111,0,21917.166,2023.834,0,92,8,0,92,8,0
740,AB,1997,14052.5,143241.3,0,13287,85369.8,0,9,91,0,13,87,0
741,SK,1997,4488.655,163056.607,1464.741,282.447,12294.776,48.774,3,96,1,2,97,0
742,SK,1997,32260.8,11871.198,0,12104.605,403.395,0,73,27,0,97,3,0
743,AB,1997,2326.5,86143.513,0,479.7,35099.158,0,3,97,0,1,99,0
743,SK,1997,4793.124,7720.471,2863.407,909.882,2674.941,1005.925,31,50,19,20,58,22
744,AB,1997,0,180133.9,15052,0,85894.08,2776.32,0,92,8,0,97,3
745,SK,1997,29873.938,765877.4,3290.674,7309.943,95521.219,613.85,4,96,0,7,92,1
746,AB,1997,0,144080.8,0,0,95068.4,0,0,100,0,0,100,0
747,SK,1997,30521.796,45259.206,0,16882.859,7219.141,0,40,60,0,70,30,0
748,SK,1997,6811.373,712176.138,872.488,1881.851,107636.606,114.699,1,99,0,2,98,0
749,SK,1997,18691.377,389753.625,0,2828.073,71599.45,0,5,95,0,4,96,0
750,AB,1997,0,59167.96,14787.24,0,107712.12,25909.88,0,80,20,0,81,19
751,MB,1997,12886.507,39093.845,0,11762.482,19352.317,89.72,25,75,0,38,62,0
751,SK,1997,15746.493,14827.36,0,7804.153,7259.849,0,52,48,0,52,48,0
752,MB,1997,0,122880.899,1674.102,0,39014.688,567.308,0,99,1,0,99,1
752,SK,1997,16175.712,477510.285,0,4633.066,92035.933,0,3,97,0,5,95,0
753,MB,1997,3671.78,467950.376,6693.84,2019.364,141649.478,2576.16,1,98,1,1,97,2
754,SK,1997,3659.801,177823.159,62934.043,2357.673,19519.206,6928.123,1,73,26,8,68,24
755,SK,1997,2715.623,206099.376,0,264.437,30237.564,0,1,99,0,1,99,0
756,SK,1997,6967.343,377885.653,0,736.304,77373.695,0,2,98,0,1,99,0
757,MB,1997,63703.179,25799.822,1572.65,42503.936,8163.066,0,70,28,2,84,16,0
758,MB,1997,45474.268,126485.073,9567.058,23259.758,35248.887,8664.432,25,70,5,35,52,13
759,MB,1997,4866.079,34504.921,0,6907.978,13773.024,0,12,88,0,33,67,0
760,MB,1997,0,91004,0,3113.666,18410.335,0,0,100,0,14,86,0
760,SK,1997,6166.398,402394.602,0,6721.206,85457.79,0,2,98,0,7,93,0
761,SK,1997,0,18930.002,2462,0,7830.001,1008,0,88,12,0,89,11
762,SK,1997,33214.952,88043.047,0,8284.21,21366.329,0,27,73,0,28,72,0
763,MB,1997,97883.898,60982.015,5711.089,62139.451,27227.228,6842.315,59,37,3,65,28,7
763,SK,1997,46372.436,15418.565,0,8454.179,4951.821,0,75,25,0,63,37,0
764,MB,1997,0,75103,0,1536.559,24928.438,0,0,100,0,6,94,0
765,MB,1997,3913.046,359237.953,0,7050.495,75357.085,1062.471,1,99,0,8,90,1
766,MB,1997,1099.191,189995.806,0,667.497,44375.502,0,1,99,0,1,99,0
767,SK,1997,4064.907,456061.552,48494.531,427.812,33841.464,3719.733,1,90,10,1,89,10
768,SK,1997,0,44916.997,0,0,6894.999,0,0,100,0,0,100,0
769,AB,1997,0,108725.35,0,0,56259.8,0,0,100,0,0,100,0
770,SK,1997,74368.272,239191.574,8959.155,19539.773,31809.312,1369.918,23,74,3,37,60,3
771,AB,1997,15399.616,89528.019,257.6,7146.489,36097.807,75.8,15,85,0,16,83,0
771,SK,1997,0,51607.681,1700.316,548.502,8920.695,385.803,0,97,3,6,91,4
772,SK,1997,15801.175,30330.824,0,9334.882,1690.118,0,34,66,0,85,15,0
773,SK,1997,12840.188,280552.634,32790.182,2019.302,24124.321,3534.374,4,86,10,7,81,12
774,SK,1997,0,69590,0,0,5185.997,0,0,100,0,0,100,0
775,SK,1997,3469.446,75343.556,0,147.196,8038.804,0,4,96,0,2,98,0
776,SK,1997,44970.92,9698.081,0,21077.732,2360.269,0,82,18,0,90,10,0
777,AB,1997,13922.65,3151.95,0,9095.05,2118,0,82,18,0,81,19,0
778,SK,1997,22344.553,9413.448,0,2806.613,1182.386,0,70,30,0,70,30,0
779,AB,1997,0,34404.3,0,0,12789,0,0,100,0,0,100,0
780,SK,1997,9208.544,55455.285,279864.174,841.202,2091.252,10000.541,3,16,81,7,16,77
781,AB,1997,13288.8,59659.788,154903.612,4051.6,9889.037,12092.062,6,26,68,16,38,46
782,SK,1997,19148.352,585332.652,0,5035.103,49104.896,0,3,97,0,9,91,0
783,SK,1997,0,298232,0,0,25063.997,0,0,100,0,0,100,0
784,SK,1997,13327.649,80595.906,2276.443,3166.655,11062.28,204.063,14,84,2,22,77,1
785,SK,1997,0,86213.183,6563.816,0,8010.212,257.788,0,93,7,0,97,3
786,AB,1997,0,104215.4,20.3,0,26807.25,15.1,0,100,0,0,100,0
787,AB,1997,0,52029.4,0,0,6450.9,0,0,100,0,0,100,0
788,AB,1997,0,52056.4,17373.6,0,11204,1281,0,75,25,0,90,10
789,SK,1997,17160.3,139120.126,2786.572,9156.774,12131.227,0,11,87,2,43,57,0
790,AB,1997,14848.4,44712.498,0,3904.6,6490.001,0,25,75,0,38,62,0
791,AB,1997,0,201750,0,0,21829,0,0,100,0,0,100,0
792,SK,1997,39440.424,64132.308,648056.263,12199.414,14024.847,15508.738,5,9,86,29,34,37
793,AB,1997,50914.08,368518.904,24188.718,12579.667,98165.706,4952.247,11,83,5,11,85,4
794,SK,1997,0,509060.001,0,0,35384.999,0,0,100,0,0,100,0
795,SK,1997,0,273726.999,0,1093.68,26624.322,0,0,100,0,4,96,0
796,SK,1997,16826.853,60040.147,0,5570.953,7429.028,0,22,78,0,43,57,0
797,AB,1997,1979.6,16875.5,69.5,789.6,7221.455,33.5,10,89,0,10,90,0
798,AB,1997,35774.5,348072.05,32328.75,15817.6,124039.34,12831.71,9,84,8,10,81,8
799,AB,1997,0,65559,0,0,63151,0,0,100,0,0,100,0
800,AB,1997,0,81990.1,78974.5,0,52851.97,39100.24,0,51,49,0,57,43
801,AB,1997,0,38646.45,3107.55,0,44129.05,3898.95,0,93,7,0,92,8
802,AB,1997,0,73048.2,0,718.89,38052.6,0,0,100,0,2,98,0
803,SK,1997,7380.861,110492.286,57168.854,1259.793,7621.201,3370.006,4,63,33,10,62,28
804,AB,1997,14047.23,41761.12,0,9423.32,14747.08,0,25,75,0,39,61,0
805,AB,1997,4924.16,7377.348,4181.493,871.661,1116.503,632.835,30,45,25,33,43,24
805,SK,1997,5131.978,45386.165,25731.854,602.831,4717.936,2283.233,7,60,34,8,62,30
806,AB,1997,2299.3,73171.95,589.05,1433,58993.15,306.25,3,96,1,2,97,1
807,SK,1997,0,70024.971,9306.029,0,4203.616,416.385,0,88,12,0,91,9
808,SK,1997,3500.71,116322.391,450634.9,196.447,6275.184,18840.369,1,20,79,1,25,74
809,AB,1997,5194.155,113490.895,0,1771.2,24507.45,0,4,96,0,7,93,0
809,SK,1997,4272.569,110747.916,27963.511,562.112,8528.061,824.826,3,77,20,6,86,8
810,SK,1997,0,104441,0,0,8948.998,0,0,100,0,0,100,0
811,AB,1997,4626.6,4926.607,35721.692,651,508.794,2161.707,10,11,79,20,15,65
811,SK,1997,0,389.455,1038.545,0,25.636,68.364,0,27,73,0,27,73
812,AB,1997,28122.225,19971.365,20053.35,27392.85,18977.73,16124.4,41,29,29,44,30,26
813,SK,1997,3506.367,89868.697,41216.935,771.92,11313.478,4190.605,3,67,31,5,70,26
814,AB,1997,1384.65,12438.93,0,771.3,6429.44,0,10,90,0,11,89,0
815,AB,1997,23728,16921.835,0,7707.6,7895.154,0,58,42,0,49,51,0
815,SK,1997,23516.933,8902.07,0,1286.553,759.85,0,73,27,0,63,37,0
816,SK,1997,53274.059,359565.004,27760.933,19920.605,45635.493,1740.687,12,82,6,30,68,3
817,SK,1997,0,93044.378,3676.621,0,4824.654,193.347,0,96,4,0,96,4
818,AB,1997,0,29727.45,0,0,19020.55,0,0,100,0,0,100,0
819,SK,1997,23798.818,6788.182,0,2924.247,830.753,0,78,22,0,78,22,0
820,SK,1997,739.92,183582.913,749.169,0,26444.302,65.7,0,99,0,0,100,0
821,AB,1997,1956.606,89739.675,667.344,653.828,18429.343,470.43,2,97,1,3,94,2
821,SK,1997,773.867,175640.136,0,912.815,27412.185,0,0,100,0,3,97,0
822,SK,1997,6564.033,156878.321,1584.644,1019,23819.293,619.71,4,95,1,4,94,2
823,AB,1997,24430.044,121030.453,0,6614.111,29225.89,0,17,83,0,18,82,0
824,SK,1997,24035.345,71198.347,1387.309,6987.835,17773.165,0,25,74,1,28,72,0
825,SK,1997,594.016,484381.981,0,726.623,61266.165,0,0,100,0,1,99,0
826,SK,1997,18767.825,660537.53,97391.102,6087.247,83101.911,2985.506,2,85,13,7,90,3
827,SK,1997,30785.231,13154.001,2257.769,18884.221,6903.778,796.999,67,28,5,71,26,3
828,AB,1997,19243.311,576558.185,0,2712.056,75854.344,0,3,97,0,3,97,0
829,AB,1997,21357.25,10626.35,0,6136.4,2891.2,0,67,33,0,68,32,0
830,SK,1997,18108.303,289097.728,40814.975,2896.671,33278.57,2822.793,5,83,12,7,85,7
831,SK,1997,6525.886,145387.325,1345.788,605.424,14069.576,0,4,95,1,4,96,0
832,SK,1997,16853.051,303943.201,1027.748,4057.764,67603.176,588.068,5,94,0,6,94,1
833,AB,1997,107.5,18827,32.25,37.5,4943.4,11.25,1,99,0,1,99,0
833,SK,1997,0,38335.763,25519.234,0,17351.216,10543.788,0,60,40,0,62,38
834,SK,1997,0,64540.472,159755.529,0,6478.228,21315.773,0,29,71,0,23,77
835,SK,1997,0,6297.097,15392.903,0,1607.807,3930.194,0,29,71,0,29,71
836,AB,1997,0,9401,0,0,1382,0,0,100,0,0,100,0
837,AB,1997,0,22318,0,0,7886,0,0,100,0,0,100,0
837,SK,1997,0,14378.933,3347.067,0,9140.033,1229.967,0,81,19,0,88,12
838,AB,1997,842,3584,0,798.4,2049.6,0,19,81,0,28,72,0
838,SK,1997,0,58212.864,2709.281,0,15813.871,1432.306,0,96,4,0,92,8
839,MB,1997,8444.613,75627.36,9251.026,2466.675,27315.6,3385.727,9,81,10,7,82,10
840,MB,1997,44679.182,11932.45,14499.366,26527.874,13066.506,4661.62,63,17,20,60,30,11
841,MB,1997,19553.829,20634.671,0,1907.315,55067.685,0,49,51,0,3,97,0
843,MB,1997,15241.144,9135.855,0,16773.757,8297.243,0,63,37,0,67,33,0
844,MB,1997,9816.679,38405.959,5838.362,9108.302,31086.253,4447.446,18,71,11,20,70,10
846,MB,1997,0,15331.003,0,0,41421.997,0,0,100,0,0,100,0
847,MB,1997,0,28761.1,20337.6,0,12340.349,5041.65,0,59,41,0,71,29
848,MB,1997,935.685,8770.065,0,625.158,6423.843,0,10,90,0,9,91,0
849,MB,1997,11486.334,40819.778,641356.886,4232.45,18891.757,81216.796,2,6,92,4,18,78
850,MB,1997,122188.783,29409.219,0,71521.033,9307.967,0,81,19,0,88,12,0
851,MB,1997,0,42257.009,33472.99,0,8499.733,6833.269,0,56,44,0,55,45
852,MB,1997,41686.504,96683.309,114470.189,8700.37,8667.168,9882.462,16,38,45,32,32,36
853,MB,1997,0,18040.812,33230.188,0,902.199,1661.801,0,35,65,0,35,65
854,MB,1997,5707.375,72656.622,0,2001.125,21233.876,0,7,93,0,9,91,0
855,MB,1997,0,10695,0,0,5602,0,0,100,0,0,100,0
940,BC,1997,48,11,0,370,77,0,81,19,0,83,17,0
943,BC,1997,0,4,0,0,3,0,0,100,0,0,100,0
944,BC,1997,125.21,27.293,1.5,837.713,114.586,1.7,81,18,1,88,12,0
948,BC,1997,0,0,0,1,0,0,,,,100,0,0
950,BC,1997,50.728,428.739,0,196.874,1960.129,0,11,89,0,9,91,0
955,BC,1997,40.286,17.714,63.9,268.928,88.571,478.5,33,15,52,32,11,57
956,BC,1997,870.774,939.508,472.231,4423.04,3842.204,1520.756,38,41,21,45,39,16
957,BC,1997,131.551,74.295,0,376.447,266.553,0,64,36,0,59,41,0
958,BC,1997,11.927,9.071,0,33.321,8.678,0,57,43,0,79,21,0
959,BC,1997,3535.25,17175.071,455.871,5069.285,30514.039,832.297,17,81,2,14,84,2
960,BC,1997,19,0,0,44,0,0,100,0,0,100,0,0
962,BC,1997,0,13,0,0,100,0,0,100,0,0,100,0
969,BC,1997,0,35.49,0,0,243,0,0,100,0,0,100,0
971,BC,1997,79.8,5.2,0,418.95,28.049,0,94,6,0,94,6,0
972,BC,1997,2428.46,1411.402,2548.942,21755.399,10912.069,19155.532,38,22,40,42,21,37
974,BC,1997,205.222,80.816,83.96,2100.98,643.5,850.52,55,22,23,58,18,24
975,BC,1997,21,0,0,694,0,0,100,0,0,100,0,0
976,BC,1997,232.939,394.622,0,4305.823,7859.172,0,37,63,0,35,65,0
977,BC,1997,570.211,721.229,0,6206.775,7603.224,0,44,56,0,45,55,0
978,BC,1997,926.346,1672.965,0,4984.341,11789.657,0,36,64,0,30,70,0
979,BC,1997,2629.187,8193.811,0,19793.589,50766.41,0,24,76,0,28,72,0
980,BC,1997,27,7.2,1.8,189.75,50.6,12.65,75,20,5,75,20,5
981,BC,1997,0,68,25,1,394,150,0,73,27,0,72,28
982,BC,1997,2390.33,1923.95,2736.92,17069.881,17974.61,24232.504,34,27,39,29,30,41
987,BC,1997,4,5,0,105,121,0,44,56,0,46,54,0
988,BC,1997,224.14,129.86,0,1168.55,664.45,0,63,37,0,64,36,0
990,BC,1997,237.102,29.898,0,679,75.999,0,89,11,0,90,10,0
991,BC,1997,130.763,2993.483,493.704,339.08,6131.444,1696.476,4,83,14,4,75,21
992,BC,1997,10.4,28.6,0,26.933,74.067,0,27,73,0,27,73,0
995,BC,1997,38.886,169.114,0,116.1,496.902,0,19,81,0,19,81,0
1001,BC,1997,1069.277,739.754,0,3973.125,3005.874,0,59,41,0,57,43,0
1002,BC,1997,320.8,53.2,0,836,139,0,86,14,0,86,14,0
1003,BC,1997,18,0,0,49,0,0,100,0,0,100,0,0
1004,BC,1997,424.87,1234.947,320.9,3478.947,6605.203,2762.85,21,62,16,27,51,22
1005,BC,1997,2433.084,3317.647,0,12139.79,18834.21,0,42,58,0,39,61,0
1006,BC,1997,3040.997,3331.242,0,22161.997,35766.999,0,48,52,0,38,62,0
1007,BC,1997,3044.713,2842.181,2897.234,4764.68,4990.778,5282.535,35,32,33,32,33,35
1008,BC,1997,1433.173,637.578,357.253,4863.165,2158.236,1404.594,59,26,15,58,26,17
1009,BC,1997,1128,292.639,0,2693.778,665.223,0,79,21,0,80,20,0
1010,BC,1997,1728.076,614.956,0,1415.693,1052.308,0,74,26,0,57,43,0
1011,BC,1997,751.532,151.446,0,2886.203,576.796,0,83,17,0,83,17,0
1012,BC,1997,90.448,27.55,0,1163.417,208.584,0,77,23,0,85,15,0
1013,BC,1997,292.608,180.666,176.722,2124.501,1284.222,1255.277,45,28,27,46,28,27
1015,BC,1997,1652.89,1490.107,0,2590.546,2287.456,0,53,47,0,53,47,0
1016,AB,1997,1184.5,1344.5,0,3182.5,4132.5,0,47,53,0,44,56,0
1017,BC,1997,73.64,31.36,0,687.761,522.24,0,70,30,0,57,43,0
1018,AB,1997,385.05,12111.2,171.85,607.45,26082.9,397.45,3,96,1,2,96,1
9593,AB,1997,0,11273.6,45094.4,0,6210.8,24843.2,0,20,80,0,20,80
9607,AB,1997,0,0,581,0,0,255,0,0,100,0,0,100
9609,AB,1997,709.733,4584.397,2643.85,1190,7780.85,3791.15,9,58,33,9,61,30
9687,AB,1997,6199.706,125994.525,0,7115.556,109686.492,0,5,95,0,6,94,0
9787,AB,1997,0,83412.39,0,0,12773.34,0,0,100,0,0,100,0
244,AB,1998,0,0,1404,0,0,928,0,0,100,0,0,100
244,BC,1998,0,29.999,9,0,315.999,73,0,77,23,0,81,19
252,BC,1998,0,39,0,0,197,0,0,100,0,0,100,0
371,MB,1998,0,0,95,0,0,95,0,0,100,0,0,100
374,ON,1998,9,0,0,213,0,0,100,0,0,100,0,0
375,MB,1998,1646.488,15581.129,39617.803,2445.259,10431.656,19569.735,3,27,70,8,32,60
376,MB,1998,0,19,0,0,36,0,0,100,0,0,100,0
378,ON,1998,67,1112,0,461,6378,0,6,94,0,7,93,0
379,MB,1998,1063.669,749.731,0,1969.418,1457.582,0,59,41,0,57,43,0
380,MB,1998,1802.187,137.353,2087.76,4409.585,1774.363,2947.053,45,3,52,48,19,32
381,ON,1998,0,2910,0,0,43518,0,0,100,0,0,100,0
383,ON,1998,251.714,2524.285,0,1753.714,11826.285,0,9,91,0,13,87,0
386,ON,1998,71,0,0,640,0,0,100,0,0,100,0,0
391,ON,1998,38,0,0,174,0,0,100,0,0,100,0,0
400,ON,1998,0,0,353,0,0,3536,0,0,100,0,0,100
401,ON,1998,111.388,634.884,1117.728,1172.312,3918.236,15389.451,6,34,60,6,19,75
401,QC,1998,950,41,12982.23,7219,262,81586.13,7,0,93,8,0,92
402,ON,1998,0,76,0,0,882,0,0,100,0,0,100,0
407,ON,1998,223.642,0,133.359,1686.091,0,915.91,63,0,37,65,0,35
408,ON,1998,0,15553,0,0,41550,0,0,100,0,0,100,0
408,QC,1998,1284.433,563.116,7713.19,4324.967,3013.111,28236.497,13,6,81,12,8,79
409,ON,1998,49,553,0,729,5635,0,8,92,0,11,89,0
410,ON,1998,64.8,160.2,0,312.5,1048.5,0,29,71,0,23,77,0
411,ON,1998,4227.591,2083.406,0,31056.988,9261.012,0,67,33,0,77,23,0
412,ON,1998,0,177.6,710.4,0,2017.6,8070.4,0,20,80,0,20,80
413,ON,1998,4274.039,1026.177,263.546,58560.08,8827.54,1807.387,77,18,5,85,13,3
415,QC,1998,443.22,0,0,1848,0,0,100,0,0,100,0,0
418,QC,1998,8566.079,731.7,684,19636,2557,2364.999,86,7,7,80,10,10
419,QC,1998,225,0,0,520,0,0,100,0,0,100,0,0
421,QC,1998,736.66,0,0,3699,0,0,100,0,0,100,0,0
422,QC,1998,47,0,0,357,0,0,100,0,0,100,0,0
423,QC,1998,803.66,530,0,6082,4382,0,60,40,0,58,42,0
424,QC,1998,1510.999,828,1302,4594,4566.099,768.9,41,23,36,46,46,8
425,QC,1998,6956.881,2554.3,5723.98,40969.8,24718.23,26888.771,46,17,38,44,27,29
426,QC,1998,2960,355,0,7004,750,0,89,11,0,90,10,0
431,QC,1998,6,0,0,43,0,0,100,0,0,100,0,0
438,QC,1998,349.42,0,0,755,0,0,100,0,0,100,0,0
439,QC,1998,148,0,0,468,0,0,100,0,0,100,0,0
440,QC,1998,268,0,0,807,0,0,100,0,0,100,0,0
441,QC,1998,22135.95,26867.839,3604.384,32411.52,51441.879,5878.991,42,51,7,36,57,7
455,NF,1998,43.11,0,0,268,0,0,100,0,0,100,0,0
458,NF,1998,48,141.37,0,103,1049,0,25,75,0,9,91,0
460,NF,1998,0,14.001,0,0,66,0,0,100,0,0,100,0
461,NF,1998,0,278.673,0,0,929.001,0,0,100,0,0,100,0
462,NF,1998,0,20,0,0,99,0,0,100,0,0,100,0
463,NF,1998,0,164,0,0,946,0,0,100,0,0,100,0
466,NF,1998,28,269.96,0,61,1097.999,0,9,91,0,5,95,0
468,NF,1998,0,40.8,0,0,193,0,0,100,0,0,100,0
471,NF,1998,99,238.04,0,152,486,0,29,71,0,24,76,0
475,NF,1998,0,448.68,0,0,2355,0,0,100,0,0,100,0
477,NF,1998,10.67,0,0,170,0,0,100,0,0,100,0,0
478,QC,1998,853,1041.8,0,3392,4124.4,0,45,55,0,45,55,0
479,QC,1998,4663.558,26096.883,4608.12,14380.918,86484.783,11160.3,13,74,13,13,77,10
481,QC,1998,0,4558,0,0,11713,0,0,100,0,0,100,0
482,QC,1998,11624.46,12835.239,0,83566,72927.899,0,48,52,0,53,47,0
483,QC,1998,8580.025,22880.273,481.699,49214.727,76526.176,1818.1,27,72,2,39,60,1
484,NB,1998,0,155,0,0,429.999,0,0,100,0,0,100,0
484,QC,1998,359,3231.97,0,1654,8182,0,10,90,0,17,83,0
485,NB,1998,372.403,467.596,0,1413.91,1122.09,0,44,56,0,56,44,0
486,NB,1998,784,6278,0,574.19,5033.81,0,11,89,0,10,90,0
487,NB,1998,340.199,561.8,0,1144.886,2884.112,0,38,62,0,28,72,0
487,QC,1998,23.645,1306.357,0,79.901,4398.102,0,2,98,0,2,98,0
488,NB,1998,35.334,347.666,0,88.667,866.333,0,9,91,0,9,91,0
489,NB,1998,175,741,0,451,1583,0,19,81,0,22,78,0
490,NB,1998,267,721,0,1004.875,867.125,0,27,73,0,54,46,0
493,NB,1998,1661.596,17460.982,1066.419,1893.983,15403.565,759.452,8,86,5,10,85,4
494,NB,1998,0,14288.999,0,0,14213,0,0,100,0,0,100,0
495,NB,1998,205.25,492.75,0,1214.74,2275.26,0,29,71,0,35,65,0
496,NB,1998,2465.184,426.645,215.172,18112.607,3181.679,1539.714,79,14,7,79,14,7
497,NB,1998,97.25,973.75,0,1065.187,2520.813,0,9,91,0,30,70,0
498,NB,1998,321,0,0,1837,0,0,100,0,0,100,0,0
499,NB,1998,515.28,286.72,13,1430.359,2882.49,85.15,63,35,2,33,66,2
500,NB,1998,5052.629,123.171,204.2,11110.529,269.734,882.3,94,2,4,91,2,7
501,NB,1998,770.654,1920.346,0,1476.771,3360.229,0,29,71,0,31,69,0
502,NB,1998,383.325,664.672,0,1351.229,3110.768,0,37,63,0,30,70,0
503,NB,1998,1721.102,1760.898,20,9047.4,14144.599,130,49,50,1,39,61,1
504,NB,1998,1125,462,0,7498.001,327,0,71,29,0,96,4,0
504,NS,1998,4672.986,1602.529,0,21617.623,8372.378,0,74,26,0,72,28,0
505,NB,1998,244,774.001,0,1033,5104,0,24,76,0,17,83,0
506,NB,1998,27,459,0,794.96,1628.04,0,6,94,0,33,67,0
507,NB,1998,196.999,1286,0,1836,7046.499,0,13,87,0,21,79,0
507,NS,1998,4237.807,1975.622,0,8086.599,4512.277,0,68,32,0,64,36,0
508,NB,1998,398.999,0,0,898.001,0,0,100,0,0,100,0,0
509,NS,1998,286.999,1727,0,598.001,4068,0,14,86,0,13,87,0
510,NS,1998,128.816,78.832,0,197.5,192.5,0,62,38,0,51,49,0
511,NS,1998,0,97,0,0,128,0,0,100,0,0,100,0
512,NS,1998,0,2460.515,0,0,4322,0,0,100,0,0,100,0
513,NS,1998,134.47,409.107,0,424.932,1249.067,0,25,75,0,25,75,0
514,NS,1998,6.69,0,0,27,0,0,100,0,0,100,0,0
516,NS,1998,441.119,949.787,0,1801.379,2262.615,0,32,68,0,44,56,0
517,NS,1998,699.889,4568.942,0,3143.934,23325.07,0,13,87,0,12,88,0
518,NS,1998,10309.252,4783.443,0,14633.15,11746.399,0,68,32,0,55,45,0
519,NS,1998,0,288,0,0,852,0,0,100,0,0,100,0
520,NS,1998,14.416,509.582,0,79.667,2226.333,0,3,97,0,3,97,0
521,NS,1998,0,72,0,0,744,0,0,100,0,0,100,0
522,NS,1998,129.463,406.456,0,913.143,3490.858,0,24,76,0,21,79,0
523,NS,1998,235.866,763.665,0,717.978,4092.024,0,24,76,0,15,85,0
524,NS,1998,12,27,0,197,111,0,31,69,0,64,36,0
525,NS,1998,496.857,2182.808,0,1850.043,6714.958,0,19,81,0,22,78,0
527,NS,1998,81.779,900.222,0,232.177,2152.825,0,8,92,0,10,90,0
528,NS,1998,1752.174,1457.606,0,1569.223,1575.775,0,55,45,0,50,50,0
529,NS,1998,0,578.003,0,0,600,0,0,100,0,0,100,0
530,NS,1998,35.334,1400.668,0,99.333,1643.667,0,2,98,0,6,94,0
531,NS,1998,574.606,1833.672,0,794.324,4096.672,0,24,76,0,16,84,0
534,PE,1998,16785.769,5160.228,0,15579.958,4035.043,0,76,24,0,79,21,0
535,PE,1998,20666,0,0,13858,0,0,100,0,0,100,0,0
536,PE,1998,42455.745,2348.25,0,39793.499,2493.5,0,95,5,0,94,6,0
537,PE,1998,22026.223,524.778,0,24539.777,611.222,0,98,2,0,98,2,0
538,PE,1998,6764,0,0,3376,0,0,100,0,0,100,0,0
539,QC,1998,30,409.21,78.98,212.357,792.642,233,6,79,15,17,64,19
540,QC,1998,153808.516,85219.113,63093.795,238270.349,89335.261,82347.999,51,28,21,58,22,20
541,ON,1998,0,12867.851,2086.15,1527.352,5079.147,1556.5,0,86,14,19,62,19
541,QC,1998,130727.033,38594.561,252082.82,70724.993,19164.946,113621.062,31,9,60,35,9,56
542,ON,1998,0,601.126,10458.197,3500.56,2499.712,42958.727,0,5,95,7,5,88
543,ON,1998,4556.001,27085.179,10245.894,9996.13,32731.857,16602.786,11,65,24,17,55,28
543,QC,1998,0,205,788,0,880,3203.4,0,21,79,0,22,78
544,ON,1998,1823.658,48897.843,12487.696,5943.938,38304.209,9137.849,3,77,20,11,72,17
545,ON,1998,2435.998,11099.26,9428.046,8612.87,11909.233,14871.897,11,48,41,24,34,42
546,ON,1998,0,26889.785,5709.172,0,42442.604,9988.396,0,82,18,0,81,19
546,QC,1998,0,238,0,0,426,0,0,100,0,0,100,0
547,ON,1998,4015.809,17353.672,12258.103,19382.94,33289.046,37895.303,12,52,36,21,37,42
548,QC,1998,300.96,0,0,448,0,0,100,0,0,100,0,0
549,ON,1998,0,415.907,4055.216,0,1561.413,17360.588,0,9,91,0,8,92
550,ON,1998,835.809,3111.344,1062.928,7404.971,39141.776,10517.26,17,62,21,13,69,18
551,ON,1998,24433.529,56835.844,36300.03,54699.953,60228.506,79682.546,21,48,31,28,31,41
552,ON,1998,21679.89,3786.412,0,79281.681,27363.897,3.429,85,15,0,74,26,0
553,ON,1998,57344.811,93974.486,16241.838,68218.462,85667.823,20191.22,34,56,10,39,49,12
554,ON,1998,13823.135,2917.046,0,44430.423,6335.577,0,83,17,0,88,12,0
555,ON,1998,7646.997,4764.246,14009.417,18106.844,24685.498,34696.547,29,18,53,23,32,45
556,ON,1998,18477.363,84020.066,1706.051,46842.918,115032.454,2462.625,18,81,2,29,70,1
557,ON,1998,10033.897,270777.942,0,4557.966,99482.033,0,4,96,0,4,96,0
558,ON,1998,13800.35,201183.128,777.717,18493.537,111662.56,402.903,6,93,0,14,86,0
559,ON,1998,0,310.4,0,0,0,0,0,100,0,,,
560,ON,1998,24592.013,60268.045,0,15170.647,28786.353,0,29,71,0,35,65,0
561,ON,1998,752.462,20279.766,2365.667,467.5,11347.278,1313.222,3,87,10,4,86,10
562,ON,1998,0,24763.891,12197.11,0,17049.668,8367.333,0,67,33,0,67,33
563,ON,1998,0,140,0,0,233,0,0,100,0,0,100,0
564,ON,1998,10400.675,64327.149,19968.698,15061.6,28535.927,15657.907,11,68,21,25,48,26
565,ON,1998,90518.047,208699.169,84971.787,16081.138,46223.518,16061.345,24,54,22,21,59,20
566,ON,1998,222.5,11591.002,7502.5,118.25,4473.949,4176.6,1,60,39,1,51,48
567,ON,1998,6967.777,159506.064,19897.159,2272.222,46918.529,5996.25,4,86,11,4,85,11
568,ON,1998,76760.933,8879.368,288.7,16315.715,1926.185,66.1,89,10,0,89,11,0
569,ON,1998,3427.166,23356.411,74647.422,1251.873,12805.589,54336.541,3,23,74,2,19,79
570,ON,1998,11071.35,222093.251,54302.8,1133.653,30697.795,7111.553,4,77,19,3,79,18
571,ON,1998,9657.444,2037.667,2716.888,1919.888,280.333,373.777,67,14,19,75,11,15
572,ON,1998,3319,16075.237,3475.624,543.459,2245.14,759.4,15,70,15,15,63,21
581,BC,1998,78.4,2450.08,0,195.6,6337,0,3,97,0,3,97,0
583,AB,1998,0,54.578,80.421,0,79.106,117.895,0,40,60,0,40,60
583,BC,1998,0,3481.877,1168.462,0,7801.556,1756.444,0,75,25,0,82,18
584,AB,1998,0,0,1084,0,0,1579,0,0,100,0,0,100
585,BC,1998,772.611,22700.596,0.375,2033.944,63394.366,1.688,3,97,0,3,97,0
586,AB,1998,8118.777,65718.562,28216.562,4267.942,23034.458,15603.599,8,64,28,10,54,36
587,AB,1998,21431.332,1305,0,8313.6,524.85,0,94,6,0,94,6,0
588,AB,1998,4234.936,9841.356,88369.2,3207.837,6845.277,45997.185,4,10,86,6,12,82
589,AB,1998,680.475,2211.544,0,318.588,1035.412,0,24,76,0,24,76,0
590,AB,1998,0,21937.805,41350.574,0,13007.909,42770.092,0,35,65,0,23,77
591,AB,1998,262,2332.835,112016.334,243.4,1543.5,95284.501,0,2,98,0,2,98
591,BC,1998,15065.234,69575.786,16548.255,33906.283,147381.107,27220.104,15,69,16,16,71,13
592,AB,1998,887.594,18129.53,91375.336,1117.764,22978.624,83783.61,1,16,83,1,21,78
593,AB,1998,0,6366.735,82733.264,0,3386.118,42968.882,0,7,93,0,7,93
594,AB,1998,0,0,48049.998,0,0,46121,0,0,100,0,0,100
595,AB,1998,0,3510.117,74437.882,0,1323.294,32931.706,0,5,95,0,4,96
596,AB,1998,7355.117,39664.483,47088.59,4664.514,22718.918,25886.868,8,42,50,9,43,49
597,AB,1998,1262.1,15180.8,23151,1646.5,20651.2,26577.999,3,38,58,3,42,54
598,AB,1998,0,1458.1,78668.9,0,1075.9,61584.098,0,2,98,0,2,98
599,AB,1998,0,5551,61519,0,4431,39080,0,8,92,0,10,90
600,AB,1998,1694.96,208,1542,2775.606,431.294,3198,49,6,45,43,7,50
609,AB,1998,0,0,273,0,0,466,0,0,100,0,0,100
610,AB,1998,924.566,9190.757,21000.306,695.184,16618.143,49078.675,3,30,67,1,25,74
610,BC,1998,0,0,0,0,0.999,0,,,,0,100,0
611,AB,1998,163,836.25,2779.75,175.75,1158.9,4331.35,4,22,74,3,20,76
612,AB,1998,0,5170.854,1266.806,0,10909.75,3014.25,0,80,20,0,78,22
615,AB,1998,2980.842,10638.658,0,6437.76,21072.291,0,22,78,0,23,77,0
616,AB,1998,10845.546,2858.215,0,11438.892,5493.107,0,79,21,0,68,32,0
617,AB,1998,1080,3165,1108,2893.714,7475.286,2104,20,59,21,23,60,17
618,AB,1998,894.249,7893.51,586.06,1451.234,7401.749,1178.25,10,84,6,14,74,12
618,BC,1998,366.038,3798.856,789.363,1253.823,16333.175,4776,7,77,16,6,73,21
619,AB,1998,0,427,0,0,805,0,0,100,0,0,100,0
622,AB,1998,2120.45,7145.512,0,6270.687,21741.314,0,23,77,0,22,78,0
623,AB,1998,2372.557,13355.005,2847.18,10368.402,49801.213,13190.389,13,72,15,14,68,18
625,AB,1998,27.666,55.334,0,84,168,0,33,67,0,33,67,0
626,AB,1998,0,1095,0,0,4106,0,0,100,0,0,100,0
629,AB,1998,197.6,1842.753,375.187,720.3,10036.344,2475.056,8,76,16,5,76,19
630,AB,1998,73.125,2525.328,50.89,273.5,22840.5,184,3,95,2,1,98,1
631,AB,1998,0,1105,113,0,5217.7,527.3,0,91,9,0,91,9
647,SK,1998,1856.495,375.505,0,1472.768,307.232,0,83,17,0,83,17,0
650,AB,1998,116.274,2336.772,373.708,1027.667,10281.965,1087.368,4,83,13,8,83,9
652,SK,1998,48.223,374.778,0,77.684,603.317,0,11,89,0,11,89,0
657,SK,1998,399.479,4203.023,0,499.026,6114.973,0,9,91,0,8,92,0
658,SK,1998,1641.906,835.044,0,492.652,250.348,0,66,34,0,66,34,0
660,SK,1998,992.544,13689.207,0,1021.455,13509.546,0,7,93,0,7,93,0
661,SK,1998,58.489,4539.511,0,61.357,5385.643,0,1,99,0,1,99,0
662,SK,1998,71.8,287.2,0,22,88,0,20,80,0,20,80,0
667,MB,1998,0,291,0,0,373,0,0,100,0,0,100,0
669,MB,1998,0,15997.849,0,0,14287.001,0,0,100,0,0,100,0
669,SK,1998,0,0,932,0,0,365,0,0,100,0,0,100
672,SK,1998,6652.661,5163.081,375.804,4647.265,2973.729,214.004,55,42,3,59,38,3
677,MB,1998,0,0,3610,0,0,5731,0,0,100,0,0,100
678,AB,1998,4135.035,91858.966,4572.215,8018.576,159266.432,7040.118,4,91,5,5,91,4
679,AB,1998,0,11570.77,0,0,32106,0,0,100,0,0,100,0
680,AB,1998,3908.46,66280.662,0,7338.67,111247.999,0,6,94,0,6,94,0
680,SK,1998,1812.16,24911.79,0,4449.395,37079.603,0,7,93,0,11,89,0
681,AB,1998,2811.494,75368.047,19560.41,2516.47,56912.48,14454.44,3,77,20,3,77,20
682,SK,1998,5123.361,6317.983,4072.507,6994.047,12012.807,1404.149,33,41,26,34,59,7
683,AB,1998,43868.77,20676,0,35991,8106,0,68,32,0,82,18,0
684,AB,1998,420.553,63483.375,22313.892,1502.966,168325.484,63185.65,0,74,26,1,72,27
685,SK,1998,1030.676,27428.877,14647.002,1105.387,33751.031,10554.582,2,64,34,2,74,23
686,AB,1998,0,11369.392,0,0,20934,0,0,100,0,0,100,0
686,SK,1998,79.578,2824.423,0,130.903,4645.099,0,3,97,0,3,97,0
687,AB,1998,2914.834,9968.366,0,4413.763,13797.895,0,23,77,0,24,76,0
687,SK,1998,10424.777,104490.221,0,9153,70450.004,0,9,91,0,11,89,0
688,AB,1998,0,63333.601,0,0,55131.8,0,0,100,0,0,100,0
689,SK,1998,3341.109,47655.397,0,4263.191,21906.809,0,7,93,0,16,84,0
690,SK,1998,3887.091,45490.309,0,3408.806,33611.196,0,8,92,0,9,91,0
691,SK,1998,16770.204,1710.096,0,7250.073,100.927,0,91,9,0,99,1,0
692,AB,1998,35.684,24116.946,8669.565,178.488,85482.22,40277.56,0,73,26,0,68,32
693,SK,1998,13494.219,116304.776,0,9575.642,24627.362,0,10,90,0,28,72,0
694,SK,1998,39762.701,40337.996,19860.305,12996.177,11250.582,5337.239,40,40,20,44,38,18
695,SK,1998,31551.382,16827.618,0,19270.124,12808.876,0,65,35,0,60,40,0
696,SK,1998,71541.235,98888.713,0,34356.811,32549.191,0,42,58,0,51,49,0
697,SK,1998,0,7952.489,42814.508,0,2697.282,14544.719,0,16,84,0,16,84
698,SK,1998,31209.8,21734.699,0,8521.216,8134.787,0,59,41,0,51,49,0
699,SK,1998,0,37263.999,0,0,23112,0,0,100,0,0,100,0
700,SK,1998,0,10177.112,31484.939,0,7162.711,10423.29,0,24,76,0,41,59
701,SK,1998,62333.074,14881.322,0,34116.247,4161.753,0,81,19,0,89,11,0
702,SK,1998,8496.343,195686.051,18604.606,3683.519,26917.193,339.286,4,88,8,12,87,1
703,AB,1998,0,45999.319,683.209,0,132979.989,2059.93,0,99,1,0,98,2
704,SK,1998,1071.816,62000.757,22298.725,726.666,24581.787,7779.547,1,73,26,2,74,24
705,SK,1998,0,62061.667,218525.33,0,26549.38,14032.619,0,22,78,0,65,35
706,SK,1998,3699.928,113671.076,0,477.195,21611.802,0,3,97,0,2,98,0
707,SK,1998,15633.703,169660.358,1759.041,16879.962,52588.473,728.56,8,91,1,24,75,1
708,AB,1998,1476,48714.042,0,4348.8,135646.549,0,3,97,0,3,97,0
709,MB,1998,4257.75,143602.767,13400.331,4063.922,80197.306,4575.773,3,89,8,5,90,5
709,SK,1998,28543.238,182009.868,12101.886,13020.077,58918.55,2951.373,13,82,5,17,79,4
710,SK,1998,1493.42,16815.881,0,1268.258,20105.739,0,8,92,0,6,94,0
711,SK,1998,273.099,21136.855,0,1419.919,22194.08,0,1,99,0,6,94,0
714,MB,1998,0,1620,0,0,1672,0,0,100,0,0,100,0
714,SK,1998,0,54722.555,4907.897,0,38092.263,3264.739,0,92,8,0,92,8
715,MB,1998,800.459,16319.567,11049.074,1331.281,11890.687,10494.033,3,58,39,6,50,44
715,SK,1998,0,9525.333,2737.667,0,4693.528,1115.471,0,78,22,0,81,19
716,MB,1998,4164.649,37728.05,18344.05,3902,26662,15775,7,63,30,8,58,34
717,MB,1998,43702.374,42015.852,12259.273,27888.209,29857.855,4708.935,45,43,13,45,48,8
718,MB,1998,0,2873.7,0,0,9686,0,0,100,0,0,100,0
720,MB,1998,0,0,2245.6,0,0,5479,0,0,100,0,0,100
723,MB,1998,90,27406.247,3634.7,314,106611.001,3819,0,88,12,0,96,3
724,MB,1998,2642.804,25256.623,127200.225,7500.425,24492.652,80628.919,2,16,82,7,22,72
726,MB,1998,48708.748,0,1593.205,72658.131,0,953.867,97,0,3,99,0,1
727,AB,1998,24309.992,165798.502,129062.783,21854.588,119622.581,64320.399,8,52,40,11,58,31
728,AB,1998,3867.222,190784.112,3715.764,2229.722,52209.141,538.685,2,96,2,4,95,1
729,AB,1998,36131.885,111993.061,0,21534.955,41039.636,0,24,76,0,34,66,0
729,SK,1998,25610.897,419798.1,0,8266.639,122564.358,0,6,94,0,6,94,0
730,AB,1998,46444.247,422568.814,12294.167,26620.956,183866.892,5533.611,10,88,3,12,85,3
731,AB,1998,20911.089,433752.083,0,15906.112,177179.069,0,5,95,0,8,92,0
732,AB,1998,0,12596.4,0,0,21240,0,0,100,0,0,100,0
733,SK,1998,31590.808,162650.907,10183.28,5238.826,62412.105,1213.72,15,80,5,8,91,2
734,SK,1998,39655.636,13949.359,0,17552.406,2510.591,0,74,26,0,87,13,0
735,SK,1998,4330.256,170947.745,0,6242.529,34593.471,0,2,98,0,15,85,0
736,SK,1998,41695.72,233008.43,8211.847,10014.973,45215.065,795.966,15,82,3,18,81,1
737,AB,1998,18092.8,94158.2,12400.25,17181,95553.35,12206.6,15,76,10,14,76,10
738,AB,1998,8234.46,131158.72,0,5914.3,26301,0,6,94,0,18,82,0
739,AB,1998,108035.281,9165.6,0,82823.47,8899.2,0,92,8,0,90,10,0
739,SK,1998,46649.627,4359.373,0,22745.863,2072.137,0,91,9,0,92,8,0
740,AB,1998,13905.6,142986.8,0,13314.5,85129.4,0,9,91,0,14,86,0
741,SK,1998,4475.422,162604.84,1458.743,297.927,12877.305,54.772,3,96,1,2,97,0
742,SK,1998,32070.59,11877.41,0,12375.045,400.955,0,73,27,0,97,3,0
743,AB,1998,2298.6,86144.432,0,499.5,34719.07,0,3,97,0,1,99,0
743,SK,1998,4704.629,7601.005,2818.371,979.263,2763.523,1050.964,31,50,19,20,58,22
744,AB,1998,0,178558.28,15088.32,0,86846.48,2701.92,0,92,8,0,97,3
745,SK,1998,29742.402,762525.589,3261.015,7511.379,98872.112,643.51,4,96,0,7,92,1
746,AB,1998,0,139911.25,0,0,98517.85,0,0,100,0,0,100,0
747,SK,1998,29794.273,44898.729,0,17633.96,7645.039,0,40,60,0,70,30,0
748,SK,1998,6756.85,706594.845,877.307,1932.363,113259.366,110.422,1,99,0,2,98,0
749,SK,1998,18401.567,383889.431,0,3112.67,77244.854,0,5,95,0,4,96,0
750,AB,1998,0,57846.47,13918.93,0,107757.86,26406.34,0,81,19,0,80,20
751,MB,1998,12819.787,38471.563,0,11832.913,19991.886,91.52,25,75,0,37,63,0
751,SK,1998,15655.657,14668.193,0,7907.165,7432.836,0,52,48,0,52,48,0
752,MB,1998,0,120981.708,1651.293,0,40927.828,591.172,0,99,1,0,99,1
752,SK,1998,16034.652,470424.345,0,4755.314,99351.689,0,3,97,0,5,95,0
753,MB,1998,3615.706,463332.338,6586.959,2079.503,146931.453,2683.044,1,98,1,1,97,2
754,SK,1998,3532.748,176299.143,62612.111,2472.912,20998.063,7221.025,1,73,26,8,68,24
755,SK,1998,2680.234,203481.766,0,298.311,32770.69,0,1,99,0,1,99,0
756,SK,1998,6928.626,371748.374,0,774.348,83368.651,0,2,98,0,1,99,0
757,MB,1998,64195.509,25670.492,1572.65,42017.44,8273.558,0,70,28,2,84,16,0
758,MB,1998,44508.685,125030.208,9237.508,24258.569,36705.728,9001.985,25,70,5,35,52,13
759,MB,1998,4854.708,34424.291,0,6886.348,13853.652,0,12,88,0,33,67,0
760,MB,1998,0,89808,0,3128.818,19641.182,0,0,100,0,14,86,0
760,SK,1998,6058.643,396336.359,0,6837.323,91615.675,0,2,98,0,7,93,0
761,SK,1998,0,18557,2382,0,8171.999,1085,0,89,11,0,88,12
762,SK,1998,32765.222,86492.776,0,8745.664,22933.883,0,27,73,0,28,72,0
763,MB,1998,95686.46,60008.236,5503.306,64383.062,28259.219,7077.72,59,37,3,65,28,7
763,SK,1998,44769.436,15418.565,0,10096.799,4975.203,0,74,26,0,67,33,0
764,MB,1998,0,74507.003,0,1536.559,25588.44,0,0,100,0,6,94,0
765,MB,1998,3869.08,355289.918,0,7160.44,79488.225,1064.186,1,99,0,8,91,1
766,MB,1998,1091.025,188263.978,0,672.84,46100.157,0,1,99,0,1,99,0
767,SK,1998,4062.639,454289.936,48174.42,437.469,35883.97,4029.552,1,90,10,1,89,10
768,SK,1998,0,44414.999,0,0,7302,0,0,100,0,0,100,0
769,AB,1998,0,106255.95,0,0,58597.1,0,0,100,0,0,100,0
770,SK,1998,73274.372,237590.985,8881.643,20703.964,33449.95,1446.081,23,74,3,37,60,3
771,AB,1998,15329.772,87698.427,247.8,7190.8,37770.545,85,15,85,0,16,84,0
771,SK,1998,0,51152.18,1684.823,542.298,9304.253,398.449,0,97,3,5,91,4
772,SK,1998,15334.101,30367.897,0,9842.72,1654.282,0,34,66,0,86,14,0
773,SK,1998,12821.6,279666.952,32590.446,2033.435,25259.784,3726.779,4,86,10,7,81,12
774,SK,1998,0,69688,0,0,5160.001,0,0,100,0,0,100,0
775,SK,1998,3465.481,75209.521,0,153.233,8203.766,0,4,96,0,2,98,0
776,SK,1998,44609.145,9719.854,0,21576.406,2343.594,0,82,18,0,90,10,0
777,AB,1998,13668.4,3089.4,0,9354.6,2181.6,0,82,18,0,81,19,0
778,SK,1998,22318.519,9402.48,0,2846.016,1198.986,0,70,30,0,70,30,0
779,AB,1998,0,33345,0,0,13812.3,0,0,100,0,0,100,0
780,SK,1998,9163.736,55282.513,279133.755,885.121,2252.991,10654.89,3,16,81,6,16,77
781,AB,1998,13077.12,58795.425,153508.716,4266.08,10686.91,13368.25,6,26,68,15,38,47
782,SK,1998,19121.468,582094.528,0,5054.384,52200.621,0,3,97,0,9,91,0
783,SK,1998,0,296081,0,0,27121,0,0,100,0,0,100,0
784,SK,1998,13194.193,79976.024,2272.783,3302.973,11674.306,207.723,14,84,2,22,77,1
785,SK,1998,0,85555.723,6530.276,0,8683.918,291.083,0,93,7,0,97,3
786,AB,1998,0,102827.4,21.1,0,28155.25,14.3,0,100,0,0,100,0
787,AB,1998,0,51247.7,0,0,7223.9,0,0,100,0,0,100,0
788,AB,1998,0,51349.6,17237.4,0,11796,1395,0,75,25,0,89,11
789,SK,1998,17117.697,138222.733,2786.572,9192.491,13006.51,0,11,87,2,41,59,0
790,AB,1998,14546.7,44282.2,0,4155.2,6868.301,0,25,75,0,38,62,0
791,AB,1998,0,200567,0,0,22891,0,0,100,0,0,100,0
792,SK,1998,38907.351,63958.845,646406.805,12756.544,13991.687,17115.767,5,9,86,29,32,39
793,AB,1998,50159.394,363596.098,23852.506,13409.509,102972.344,5203,11,83,5,11,85,4
794,SK,1998,0,506174.999,0,0,38138,0,0,100,0,0,100,0
795,SK,1998,0,272344.999,0,1089.48,27902.521,0,0,100,0,4,96,0
796,SK,1998,16582.18,59274.82,0,5830.285,8180.698,0,22,78,0,42,58,0
797,AB,1998,1976.1,16996,68,800.1,7124.005,35,10,89,0,10,90,0
798,AB,1998,34965.4,342438.6,31792.65,16220.6,127509.84,13162.71,9,84,8,10,81,8
799,AB,1998,0,65804,0,0,62802,0,0,100,0,0,100,0
800,AB,1998,0,80667.25,77680.3,0,54051.07,40302.34,0,51,49,0,57,43
801,AB,1998,0,39113.65,3151.35,0,43538.6,3842.4,0,93,7,0,92,8
802,AB,1998,0,74331,0,716.19,36751.55,0,0,100,0,2,98,0
803,SK,1998,7319.006,109813.557,56871.439,1322.329,8234.592,3621.08,4,63,33,10,62,27
804,AB,1998,13998.27,40685.48,0,9482.59,15802.46,0,26,74,0,38,62,0
805,AB,1998,4871.766,7276.757,4124.478,1007.132,1211.301,686.567,30,45,25,35,42,24
805,SK,1998,5040.611,44992.851,25469.538,690.69,5086.033,2539.273,7,60,34,8,61,31
806,AB,1998,2230.3,71365.97,577.85,1495.3,60736.75,316.05,3,96,1,2,97,1
807,SK,1998,0,69760.984,9279.017,0,4465.84,443.16,0,88,12,0,91,9
808,SK,1998,3474,116075.868,449208.131,222.726,6509.852,20214.421,1,20,79,1,24,75
809,AB,1998,5083.455,112143.245,0,1881,25849.6,0,4,96,0,7,93,0
809,SK,1998,4259.213,110851.781,27919,574.058,8393.171,863.772,3,78,20,6,85,9
810,SK,1998,0,103589.001,0,0,9781.999,0,0,100,0,0,100,0
811,AB,1998,4587.6,4888.878,35493.923,688.2,546.372,2397.727,10,11,79,19,15,66
811,SK,1998,0,386.727,1031.273,0,28.092,74.909,0,27,73,0,27,73
812,AB,1998,26995.276,18259.015,19872.6,28413.85,20538.9,16235.25,41,28,31,44,32,25
813,SK,1998,3484.222,89959.188,41257.591,793.281,11216.001,4145.717,3,67,31,5,69,26
814,AB,1998,1392.3,12305.29,0,763.2,6559.26,0,10,90,0,10,90,0
815,AB,1998,23759.7,16583.432,0,7664.4,8157.928,0,59,41,0,48,52,0
815,SK,1998,23560.23,8917.769,0,1435.152,802.848,0,73,27,0,64,36,0
816,SK,1998,52417.644,356491.883,27523.478,20779.576,48840.074,1977.129,12,82,6,29,68,3
817,SK,1998,0,92345.569,3649.432,0,5518.611,220.389,0,96,4,0,96,4
818,AB,1998,0,29509.5,0,0,19218.75,0,0,100,0,0,100,0
819,SK,1998,23510.094,6705.905,0,3220.371,914.63,0,78,22,0,78,22,0
820,SK,1998,739.92,181956.908,749.169,0,28040.299,63.7,0,99,0,0,100,0
821,AB,1998,1954.2,89136.085,660.349,656.033,19038.321,476.725,2,97,1,3,94,2
821,SK,1998,753.448,174986.552,0,936.425,28105.575,0,0,100,0,3,97,0
822,SK,1998,6516.033,155260.654,1558.314,1065,25517.962,646.04,4,95,1,4,94,2
823,AB,1998,24086.367,119845.631,0,6946.1,30356.9,0,17,83,0,19,81,0
824,SK,1998,23735.77,70518.919,1387.309,7284.732,18412.268,0,25,74,1,28,72,0
825,SK,1998,485.288,480531.714,0,848.733,65016.056,0,0,100,0,1,99,0
826,SK,1998,18432.156,655985.687,97189.606,6425.56,87703.297,3223.814,2,85,13,7,90,3
827,SK,1998,30685.802,13066.428,2259.771,19020.2,7002.801,792,67,28,5,71,26,3
828,AB,1998,19116.554,573595.246,0,2836.838,78629.865,0,3,97,0,3,97,0
829,AB,1998,20975.95,10455.85,0,6475.75,3046.25,0,67,33,0,68,32,0
830,SK,1998,17812.211,286047.519,40601.269,3194.127,36348.638,3039.264,5,83,12,8,85,7
831,SK,1998,6472.073,144210.138,1345.788,658.485,15230.514,0,4,95,1,4,96,0
832,SK,1998,16478.722,297613.662,977.616,4434.837,73959.722,638.437,5,94,0,6,94,1
833,AB,1998,107,18524.2,32.1,41.5,5255.6,12.45,1,99,0,1,99,0
833,SK,1998,0,37525.575,24999.427,0,18210.878,11072.118,0,60,40,0,62,38
834,SK,1998,0,64118.685,158162.314,0,6919.795,22960.204,0,29,71,0,23,77
835,SK,1998,0,6304.064,15409.935,0,1603.742,3920.258,0,29,71,0,29,71
836,AB,1998,0,9292,0,0,1492,0,0,100,0,0,100,0
837,AB,1998,0,22009,0,0,8195,0,0,100,0,0,100,0
837,SK,1998,0,14209.836,3301.166,0,9297.525,1275.475,0,81,19,0,88,12
838,AB,1998,843.2,3534.799,0,797,2098.001,0,19,81,0,28,72,0
838,SK,1998,0,57047.009,2702.508,0,16971.928,1437.873,0,95,5,0,92,8
839,MB,1998,8324.472,74555.573,9119.955,2586.183,28366.682,3514.136,9,81,10,8,82,10
840,MB,1998,43577.081,11781.082,14425.836,27634.706,13238.708,4729.587,62,17,21,61,29,10
841,MB,1998,19527.56,19865.938,0,1955.426,56454.574,0,50,50,0,3,97,0
843,MB,1998,14960.033,9156.966,0,17089.927,8320.072,0,62,38,0,67,33,0
844,MB,1998,9799.687,38360.05,5835.265,9126.834,31147.954,4450.215,18,71,11,20,70,10
846,MB,1998,0,15087,0,0,41866.001,0,0,100,0,0,100,0
847,MB,1998,0,28761.25,20378.45,0,12391.85,5013.15,0,59,41,0,71,29
848,MB,1998,942.422,8816.328,0,618.316,6394.684,0,10,90,0,9,91,0
849,MB,1998,11397.833,40604.168,637336,4304.177,18979.473,84021.35,2,6,92,4,18,78
850,MB,1998,121925.91,29387.09,0,71893.367,9347.632,0,81,19,0,88,12,0
851,MB,1998,0,41986.398,33315.604,0,8765.121,6949.881,0,56,44,0,56,44
852,MB,1998,41359.032,96201.319,114079.647,8928.89,9051.477,10152.63,16,38,45,32,32,36
853,MB,1998,0,18028.497,33207.504,0,905.014,1666.986,0,35,65,0,35,65
854,MB,1998,5587,71369.995,0,2117.875,22477.123,0,7,93,0,9,91,0
855,MB,1998,0,10607,0,0,5714,0,0,100,0,0,100,0
940,BC,1998,45,10,0,357,74,0,82,18,0,83,17,0
943,BC,1998,0,3,0,0,3,0,0,100,0,0,100,0
944,BC,1998,133.05,29.55,1.4,822.336,113.064,1.6,81,18,1,88,12,0
948,BC,1998,0,0,0,1,0,0,,,,100,0,0
950,BC,1998,55.728,446.745,0,192.122,1935.878,0,11,89,0,9,91,0
955,BC,1998,42.114,18.686,60.1,267.228,88.371,476.4,35,15,50,32,11,57
956,BC,1998,870.596,893.693,454.22,4415.796,3868.671,1508.53,39,40,20,45,40,15
957,BC,1998,125.285,68.56,0,394.103,281.9,0,65,35,0,58,42,0
958,BC,1998,12.106,7.893,0,34.144,8.856,0,61,39,0,79,21,0
959,BC,1998,3528.442,17487.701,439.059,5018.689,29987.875,828.024,16,82,2,14,84,2
960,BC,1998,19,0,0,44,0,0,100,0,0,100,0,0
962,BC,1998,0,13,0,0,102,0,0,100,0,0,100,0
969,BC,1998,0,52.49,0,0,224,0,0,100,0,0,100,0
971,BC,1998,77.9,5.1,0,427.5,28.499,0,94,6,0,94,6,0
972,BC,1998,2373.562,1371.678,2462.578,21968.093,11016.587,19311.319,38,22,40,42,21,37
974,BC,1998,207.636,86.483,82.88,2097.877,637.283,855.84,55,23,22,58,18,24
975,BC,1998,18,0,0,703,0,0,100,0,0,100,0,0
976,BC,1998,235.44,414.117,0,4301.325,7847.673,0,36,64,0,35,65,0
977,BC,1998,542.38,679.06,0,6260.953,7653.051,0,44,56,0,45,55,0
978,BC,1998,892.622,1652.687,0,5079.531,11885.47,0,35,65,0,30,70,0
979,BC,1998,2785.872,8179.128,0,19649.837,50815.164,0,25,75,0,28,72,0
980,BC,1998,26.25,7,1.75,189.75,50.6,12.65,75,20,5,75,20,5
981,BC,1998,0,54,21,2,409,153,0,72,28,0,73,27
982,BC,1998,2276.848,1812.463,2591.894,17187.696,18055.44,24347.863,34,27,39,29,30,41
987,BC,1998,4,5,0,103,121,0,44,56,0,46,54,0
988,BC,1998,203.795,117.205,0,1198.805,684.195,0,63,37,0,64,36,0
990,BC,1998,230.312,27.686,0,679.029,76.974,0,89,11,0,90,10,0
991,BC,1998,122.482,2735.529,457.94,338.913,6360.613,1703.474,4,82,14,4,76,20
992,BC,1998,10.4,28.6,0,26.4,72.6,0,27,73,0,27,73,0
995,BC,1998,39.622,176.38,0,116.617,494.384,0,18,82,0,19,81,0
1001,BC,1998,1109.186,759.847,0,3988.818,3020.182,0,59,41,0,57,43,0
1002,BC,1998,317.7,53.3,0,846.8,143.2,0,86,14,0,86,14,0
1003,BC,1998,20,0,0,48,0,0,100,0,0,100,0,0
1004,BC,1998,432.036,1176.685,347,3530.791,6711.36,2754.85,22,60,18,27,52,21
1005,BC,1998,2513.996,3505.731,0,12093.508,18716.491,0,42,58,0,39,61,0
1006,BC,1998,2914.071,3151.162,0,22710.647,36034.355,0,48,52,0,39,61,0
1007,BC,1998,2994.829,2800.288,2814.012,4849.28,5027.928,5355.786,35,33,33,32,33,35
1008,BC,1998,1425.461,530.557,328.982,4966.514,2311.475,1429.01,62,23,14,57,27,16
1009,BC,1998,1158.354,297.774,0,2699.112,673.889,0,80,20,0,80,20,0
1010,BC,1998,1872.448,650.582,0,1290.849,1021.151,0,74,26,0,56,44,0
1011,BC,1998,746.522,150.456,0,2919.717,590.28,0,83,17,0,83,17,0
1012,BC,1998,96.049,29.949,0,1174.503,209.497,0,76,24,0,85,15,0
1013,BC,1998,286.668,169.889,166.444,2123,1288.667,1257.334,46,27,27,45,28,27
1015,BC,1998,1642.884,1464.111,0,2709.999,2424.001,0,53,47,0,53,47,0
1016,AB,1998,1271,1471,0,3074.5,3982.5,0,46,54,0,44,56,0
1017,BC,1998,78.881,37.12,0,671.72,513.28,0,68,32,0,57,43,0
1018,AB,1998,377.3,12807.25,205.75,600.3,25269.65,362.15,3,96,2,2,96,1
9593,AB,1998,0,11076.6,44306.4,0,6389.4,25557.6,0,20,80,0,20,80
9607,AB,1998,0,0,578,0,0,267,0,0,100,0,0,100
9609,AB,1998,684.233,4279.997,2538.75,1215.5,8067.85,3896.65,9,57,34,9,61,30
9687,AB,1998,6629.706,123457.321,0,6645.556,112073.693,0,5,95,0,6,94,0
9787,AB,1998,0,82676.59,0,0,13484.04,0,0,100,0,0,100,0
244,AB,1999,0,0,1462,0,0,974,0,0,100,0,0,100
244,BC,1999,0,28.001,8,0,310.001,71,0,78,22,0,81,19
252,BC,1999,0,36,0,0,195,0,0,100,0,0,100,0
371,MB,1999,0,0,104,0,0,89,0,0,100,0,0,100
374,ON,1999,10,0,0,212,0,0,100,0,0,100,0,0
375,MB,1999,1592.517,15453.518,39241.383,2534.98,10598.708,19929.963,3,27,70,8,32,60
376,MB,1999,0,19,0,0,35,0,0,100,0,0,100,0
378,ON,1999,68,978,0,462,6519,0,7,93,0,7,93,0
379,MB,1999,1079.292,784.107,0,1965.317,1437.682,0,58,42,0,58,42,0
380,MB,1999,1789.716,149.09,1957.494,4454.356,1769.887,3088.758,46,4,50,48,19,33
381,ON,1999,0,2629,0,0,43737,0,0,100,0,0,100,0
383,ON,1999,261.857,2521.142,0,1737.143,11762.856,0,9,91,0,13,87,0
386,ON,1999,68,0,0,644,0,0,100,0,0,100,0,0
391,ON,1999,32,0,0,181,0,0,100,0,0,100,0,0
400,ON,1999,0,0,418,0,0,3382,0,0,100,0,0,100
401,ON,1999,120.106,687.147,1232.747,1167.072,3814.473,15310.456,6,34,60,6,19,75
401,QC,1999,1025,44,13595.229,7150,262,81229.13,7,0,93,8,0,92
402,ON,1999,0,90,0,0,846,0,0,100,0,0,100,0
407,ON,1999,225.3,0,134.699,1694.209,0,916.791,63,0,37,65,0,35
408,ON,1999,0,16141,0,0,41047,0,0,100,0,0,100,0
408,QC,1999,1365.434,629.562,8325.745,4250.967,2961.444,27723.164,13,6,81,12,8,79
409,ON,1999,54,544.999,0,725,5643.001,0,9,91,0,11,89,0
410,ON,1999,67.1,144.9,0,300.3,1010.7,0,32,68,0,23,77,0
411,ON,1999,4279.132,2113.869,0,30781.187,9153.813,0,67,33,0,77,23,0
412,ON,1999,0,180.6,722.4,0,2013.8,8055.2,0,20,80,0,20,80
413,ON,1999,4404.511,1050.973,269.511,58073.77,8780.986,1799.148,77,18,5,85,13,3
415,QC,1999,472.22,0,0,1869,0,0,100,0,0,100,0,0
418,QC,1999,8940.08,708.7,738.999,19257.999,2557,2299.999,86,7,7,80,11,10
419,QC,1999,210,0,0,539,0,0,100,0,0,100,0,0
421,QC,1999,744.66,0,0,3705,0,0,100,0,0,100,0,0
422,QC,1999,47,0,0,358,0,0,100,0,0,100,0,0
423,QC,1999,855.66,566,0,6051,4363,0,60,40,0,58,42,0
424,QC,1999,1594,909.999,1304,4521.001,4475.099,766.9,42,24,34,46,46,8
425,QC,1999,7169.779,2680.4,5975.98,40796.6,24656.43,26644.771,45,17,38,44,27,29
426,QC,1999,3154,352,0,6777,757,0,90,10,0,90,10,0
431,QC,1999,7,0,0,42,0,0,100,0,0,100,0,0
438,QC,1999,365.42,0,0,729,0,0,100,0,0,100,0,0
439,QC,1999,129,0,0,495,0,0,100,0,0,100,0,0
440,QC,1999,284,0,0,815,0,0,100,0,0,100,0,0
441,QC,1999,23720.55,28734.048,3864.173,31430.32,49669.142,5619.727,42,51,7,36,57,6
455,NF,1999,32.11,0,0,275,0,0,100,0,0,100,0,0
458,NF,1999,38,134.37,0,113,1054.001,0,22,78,0,10,90,0
460,NF,1999,0,11.001,0,0,67,0,0,100,0,0,100,0
461,NF,1999,0,281.669,0,0,931.001,0,0,100,0,0,100,0
462,NF,1999,0,18.001,0,0,100,0,0,100,0,0,100,0
463,NF,1999,0,120.001,0,0,993.001,0,0,100,0,0,100,0
466,NF,1999,26,243.96,0,62,1118.999,0,10,90,0,5,95,0
468,NF,1999,0,32.8,0,0,200,0,0,100,0,0,100,0
471,NF,1999,87,206.04,0,164,513,0,30,70,0,24,76,0
475,NF,1999,0,450.68,0,0,2335.001,0,0,100,0,0,100,0
477,NF,1999,10.67,0,0,169,0,0,100,0,0,100,0,0
478,QC,1999,897,1111.899,0,3302,4045.4,0,45,55,0,45,55,0
479,QC,1999,4910.668,27824.772,4903.12,14129.8,84725.9,10858.3,13,74,13,13,77,10
481,QC,1999,0,5009,0,0,11287,0,0,100,0,0,100,0
482,QC,1999,12543.46,13731.241,0,82514,71847.798,0,48,52,0,53,47,0
483,QC,1999,9097.497,24231.202,523.298,48722.3,75200.898,1778.799,27,72,2,39,60,1
484,NB,1999,0,149,0,0,434.001,0,0,100,0,0,100,0
484,QC,1999,362,3271.97,0,1658,8110,0,10,90,0,17,83,0
485,NB,1999,363.952,448.047,0,1432.224,1138.776,0,45,55,0,56,44,0
486,NB,1999,807.7,6261.3,0,562.19,5109.81,0,11,89,0,10,90,0
487,NB,1999,333.528,573.472,0,1156.78,2882.222,0,37,63,0,29,71,0
487,QC,1999,26.883,1435.12,0,77.663,4277.34,0,2,98,0,2,98,0
488,NB,1999,36.667,355.333,0,91.333,876.667,0,9,91,0,9,91,0
489,NB,1999,183,802,0,454,1565,0,19,81,0,22,78,0
490,NB,1999,277,719,0,1005.398,882.602,0,28,72,0,53,47,0
493,NB,1999,1635.371,17907.856,1108.774,1949.314,15404.72,735.968,8,87,5,11,85,4
494,NB,1999,0,14601.001,0,0,14457.001,0,0,100,0,0,100,0
495,NB,1999,205.75,499.25,0,1252.24,2291.76,0,29,71,0,35,65,0
496,NB,1999,2441.532,420.581,207.886,18136.858,3194.886,1555.257,80,14,7,79,14,7
497,NB,1999,100.5,833.5,0,1064.214,2675.785,0,11,89,0,28,72,0
498,NB,1999,319,0,0,1843,0,0,100,0,0,100,0,0
499,NB,1999,481.16,266.84,13,1462.04,2892.81,85.15,63,35,2,33,65,2
500,NB,1999,4827.778,124.525,201.7,11251.187,268.014,879.8,94,2,4,91,2,7
501,NB,1999,724.9,1759.1,0,1530.687,3535.314,0,29,71,0,30,70,0
502,NB,1999,406.367,694.631,0,1334.502,3111.498,0,37,63,0,30,70,0
503,NB,1999,1626.287,1700.712,19,9168.529,14205.473,132,49,51,1,39,60,1
504,NB,1999,1100,466,0,7509.001,314,0,70,30,0,96,4,0
504,NS,1999,4711.3,1631.195,0,21587.064,8348.938,0,74,26,0,72,28,0
505,NB,1999,251,770.001,0,1026,5100,0,25,75,0,17,83,0
506,NB,1999,27,441,0,797.96,1637.04,0,6,94,0,33,67,0
507,NB,1999,190.999,1227,0,1842,7107.499,0,13,87,0,21,79,0
507,NS,1999,4201.341,1968.215,0,8129.598,4539.024,0,68,32,0,64,36,0
508,NB,1999,354,0,0,941.001,0,0,100,0,0,100,0,0
509,NS,1999,294,1794,0,600,4068.001,0,14,86,0,13,87,0
510,NS,1999,131.9,79.75,0,198.75,195.25,0,62,38,0,50,50,0
511,NS,1999,0,98,0,0,124.999,0,0,100,0,0,100,0
512,NS,1999,0,2505.525,0,0,4390.003,0,0,100,0,0,100,0
513,NS,1999,144.971,408.608,0,408,1259.998,0,26,74,0,24,76,0
514,NS,1999,6.69,0,0,26,0,0,100,0,0,100,0,0
516,NS,1999,417.076,933.837,0,1786.748,2272.246,0,31,69,0,44,56,0
517,NS,1999,697.181,4614.653,0,3181.263,23416.738,0,13,87,0,12,88,0
518,NS,1999,10206.63,4868.072,0,14813.54,11789.006,0,68,32,0,56,44,0
519,NS,1999,0,298,0,0,858,0,0,100,0,0,100,0
520,NS,1999,13.25,476.75,0,81.167,2285.835,0,3,97,0,3,97,0
521,NS,1999,0,58,0,0,761,0,0,100,0,0,100,0
522,NS,1999,129.852,410.07,0,921.067,3506.934,0,24,76,0,21,79,0
523,NS,1999,226.722,837.809,0,723.733,4051.269,0,21,79,0,15,85,0
524,NS,1999,8,29,0,213,110,0,22,78,0,66,34,0
525,NS,1999,509.841,2076.815,0,1837.25,6818.756,0,20,80,0,21,79,0
527,NS,1999,89.682,936.32,0,224.794,2121.209,0,9,91,0,10,90,0
528,NS,1999,1741.48,1451.299,0,1599.451,1594.549,0,55,45,0,50,50,0
529,NS,1999,0,591.001,0,0,587,0,0,100,0,0,100,0
530,NS,1999,36.666,1414.327,0,98,1652.998,0,3,97,0,6,94,0
531,NS,1999,576.351,1877.934,0,793.931,4053.072,0,23,77,0,16,84,0
534,PE,1999,16978.243,5158.758,0,15669.452,4111.547,0,77,23,0,79,21,0
535,PE,1999,20532,0,0,14076,0,0,100,0,0,100,0,0
536,PE,1999,42848.166,2389.834,0,39692.333,2453.667,0,95,5,0,94,6,0
537,PE,1999,21766,523,0,24981.111,615.888,0,98,2,0,98,2,0
538,PE,1999,6814,0,0,3354,0,0,100,0,0,100,0,0
539,QC,1999,33,403.21,75.98,198.03,774.971,235,6,79,15,16,64,19
540,QC,1999,162873.968,89631.428,66681.028,229523.194,84974.863,78676.55,51,28,21,58,22,20
541,ON,1999,0,13088.349,2146.65,1528.918,4859.983,1497.1,0,86,14,19,62,19
541,QC,1999,133945.171,39463.978,258414.278,67480.969,18273.059,107029.973,31,9,60,35,9,56
542,ON,1999,0,616.24,10806.081,3491.561,2484.596,42568.843,0,5,95,7,5,88
543,ON,1999,4790,28122.787,10916.33,9743.076,31667.09,15925.082,11,64,25,17,55,28
543,QC,1999,0,204,843,0,881,3152.4,0,19,81,0,22,78
544,ON,1999,1970.908,50005.264,12771.029,5798.728,37165.682,8850.593,3,77,20,11,72,17
545,ON,1999,2590.665,11384.8,9727.836,8427.826,11591.113,14524.062,11,48,41,24,34,42
546,ON,1999,0,28051.982,6006.984,0,41291.268,9692.728,0,82,18,0,81,19
546,QC,1999,0,244,0,0,418,0,0,100,0,0,100,0
547,ON,1999,4165.256,17877.751,12785.576,19185.506,32722.671,37349.109,12,51,37,21,37,42
548,QC,1999,322.96,0,0,428,0,0,100,0,0,100,0,0
549,ON,1999,0,454.298,4205.822,0,1514.761,17108.239,0,10,90,0,8,92
550,ON,1999,887.421,3213.755,1175.902,7326.042,39024.926,10263.889,17,61,22,13,69,18
551,ON,1999,25087.179,57787.483,37625.738,53596.233,59230.756,78326.009,21,48,31,28,31,41
552,ON,1999,22163.108,3780.707,0,78724.995,27222.961,0,85,15,0,74,26,0
553,ON,1999,57401.814,94194.511,16377.734,67623.531,84845.138,19971.262,34,56,10,39,49,12
554,ON,1999,14036.481,3020.699,0,44035.115,6212.884,0,82,18,0,88,12,0
555,ON,1999,7628.053,4873.486,14368.8,18060.372,24483.823,34123.262,28,18,53,24,32,45
556,ON,1999,18942.964,86374.025,1750.488,46212.366,112666.198,2420.437,18,81,2,29,70,2
557,ON,1999,10059.503,270760.34,0,4528.337,99344.662,0,4,96,0,4,96,0
558,ON,1999,14080.67,203284.419,787.109,18198.864,109491.623,393.511,6,93,0,14,85,0
559,ON,1999,0,310.4,0,0,0,0,0,100,0,,,
560,ON,1999,24271.233,60109.831,0,15212.791,28738.208,0,29,71,0,35,65,0
561,ON,1999,736.213,20528.739,2400.445,456.875,10833.041,1251.333,3,87,10,4,86,10
562,ON,1999,0,24644,11871.999,0,16428.443,8187.556,0,67,33,0,67,33
563,ON,1999,0,126,0,0,208,0,0,100,0,0,100,0
564,ON,1999,10501.86,64030.546,20181.115,14737.179,28230.534,15375.868,11,68,21,25,48,26
565,ON,1999,90667.311,208749.828,85281.858,15876.359,45979.324,15672.317,24,54,22,20,59,20
566,ON,1999,208.75,11533.05,7681.2,123.75,4405.95,3914.3,1,59,40,1,52,46
567,ON,1999,6992.223,159933.143,19873.637,2212.778,46221.313,5980.909,4,86,11,4,85,11
568,ON,1999,76850.96,8911.736,290.3,16128.141,1879.16,62.7,89,10,0,89,10,0
569,ON,1999,3445.587,23748.172,76793.236,1217.261,12321.587,51892.153,3,23,74,2,19,79
570,ON,1999,11093.406,222228.189,54405.806,1107.317,30333.783,6974.9,4,77,19,3,79,18
571,ON,1999,9751.334,2045.001,2726.666,1813.222,270.333,360.445,67,14,19,74,11,15
572,ON,1999,3308.45,15958.184,3440.226,573.459,2299.715,789.824,15,70,15,16,63,22
581,BC,1999,77.2,2413.08,0,198,6386,0,3,97,0,3,97,0
583,AB,1999,0,52.578,79.421,0,81.632,121.368,0,40,60,0,40,60
583,BC,1999,0,3418.876,1164.463,0,7879.336,1767.666,0,75,25,0,82,18
584,AB,1999,0,0,1053,0,0,1608,0,0,100,0,0,100
585,BC,1999,762.833,22027.434,0.312,2035.556,64123.756,1.688,3,97,0,3,97,0
586,AB,1999,7730.072,64203.211,27898.619,4629.882,24538.489,16043.628,8,64,28,10,54,35
587,AB,1999,20833.331,1245,0,8853.85,581.1,0,94,6,0,94,6,0
588,AB,1999,3905.238,9257.49,85823.661,3525.206,7414.294,48480,4,9,87,6,12,82
589,AB,1999,689.416,2240.603,0,311.765,1013.236,0,24,76,0,24,76,0
590,AB,1999,0,21373.135,39814.244,0,13511.606,44248.394,0,35,65,0,23,77
591,AB,1999,246.9,2244.335,107792.835,251.8,1646,99693,0,2,98,0,2,98
591,BC,1999,14756.015,66086.37,16130.788,34239.546,151011.254,27644.023,15,68,17,16,71,13
592,AB,1999,874.888,17814.014,88738.556,1132.941,23366.751,86336.308,1,17,83,1,21,78
593,AB,1999,0,6226.529,80258.471,0,3519.912,45364.089,0,7,93,0,7,93
594,AB,1999,0,0,45817.001,0,0,48338,0,0,100,0,0,100
595,AB,1999,0,3442.823,71764.176,0,1397.176,35619.823,0,5,95,0,4,96
596,AB,1999,7352.928,39174.89,46296.073,4689.138,23259.838,26732.922,8,42,50,9,43,49
597,AB,1999,1236.5,15371.201,23138.998,1669.1,20422,26604,3,39,58,3,42,55
598,AB,1999,0,1411.9,75417.099,0,1110.9,64539.099,0,2,98,0,2,98
599,AB,1999,0,5611,60596.999,0,4292,39731,0,8,92,0,10,90
600,AB,1999,1662.866,197.293,1470,2780.433,442,3258.667,50,6,44,43,7,50
609,AB,1999,0,0,259,0,0,482,0,0,100,0,0,100
610,AB,1999,893.22,8768.286,19869.123,724.006,16981.088,50076.908,3,30,67,1,25,74
610,BC,1999,0,0,0,0,0.999,0,,,,0,100,0
611,AB,1999,165.25,850.2,2829.55,173,1143.3,4273.7,4,22,74,3,20,76
612,AB,1999,0,4871.998,1206.662,0,11203.336,3075.663,0,80,20,0,78,22
615,AB,1999,2849.132,10446.218,0,6564.036,21226.714,0,21,79,0,24,76,0
616,AB,1999,10775.796,2761.964,0,11552.642,5591.357,0,80,20,0,67,33,0
617,AB,1999,1095.428,3298.571,1089,2888.572,7356.429,2121,20,60,20,23,59,17
618,AB,1999,952.515,7820.553,616.06,1385.644,7479.477,1151.5,10,83,7,14,75,11
618,BC,1999,390.839,4062.894,935.526,1227.769,16127.322,4636.911,7,75,17,6,73,21
619,AB,1999,0,428,0,0,798,0,0,100,0,0,100,0
622,AB,1999,2055.008,6933.954,0,6335.108,21951.892,0,23,77,0,22,78,0
623,AB,1999,2423.542,13252.002,2673.193,10269.16,49750.069,13324.771,13,72,15,14,68,18
625,AB,1999,23.667,47.334,0,90,180,0,33,67,0,33,67,0
626,AB,1999,0,1025,0,0,4179.999,0,0,100,0,0,100,0
629,AB,1999,206.1,1954.896,386.743,702.5,9860.091,2441.111,8,77,15,5,76,19
630,AB,1999,78.5,2583.84,54,273.25,22977.973,183.777,3,95,2,1,98,1
631,AB,1999,0,1196.8,121.2,0,5081.4,514.6,0,91,9,0,91,9
647,SK,1999,1595.263,321.737,0,1733.782,359.218,0,83,17,0,83,17,0
650,AB,1999,117.274,2382.875,367.602,1040.333,10290.772,1089.895,4,83,13,8,83,9
652,SK,1999,46.195,358.805,0,79.977,622.024,0,11,89,0,11,89,0
657,SK,1999,385.463,4005.037,0,516.509,6341.489,0,9,91,0,8,92,0
658,SK,1999,1619.176,823.774,0,513.724,261.276,0,66,34,0,66,34,0
660,SK,1999,926.593,12960.159,0,1086.293,14232.707,0,7,93,0,7,93,0
661,SK,1999,53.903,4164.098,0,66.804,5864.198,0,1,99,0,1,99,0
662,SK,1999,71,284,0,22.8,91.2,0,20,80,0,20,80,0
667,MB,1999,0,287,0,0,392,0,0,100,0,0,100,0
669,MB,1999,0,15999.85,0,0,14338.001,0,0,100,0,0,100,0
669,SK,1999,0,0,920,0,0,382,0,0,100,0,0,100
672,SK,1999,6553.304,5080.376,367.869,4755.091,3070.369,223.539,55,42,3,59,38,3
677,MB,1999,0,0,3716,0,0,5644,0,0,100,0,0,100
678,AB,1999,4114.15,89531.378,4408.804,8027.682,161672.609,7204.941,4,91,4,5,91,4
679,AB,1999,0,11549.769,0,0,32086,0,0,100,0,0,100,0
680,AB,1999,3860.929,64213.66,0,7362.96,113155,0,6,94,0,6,94,0
680,SK,1999,1789.938,24417.015,0,4526.683,37723.319,0,7,93,0,11,89,0
681,AB,1999,2745.612,74840.928,19888.41,2583.53,57433.423,14308.44,3,77,20,3,77,19
682,SK,1999,4951.498,6064.664,3843.689,7165.38,12275.41,1635.209,33,41,26,34,58,8
683,AB,1999,42843.77,20142.001,0,36793,8597.001,0,68,32,0,81,19,0
684,AB,1999,409.906,62306.112,20780.105,1565.818,169460.797,64722.285,0,75,25,1,72,27
685,SK,1999,1004.568,26888.983,14216.001,1130.29,34333.529,10988.182,2,64,34,2,74,24
686,AB,1999,0,11090.39,0,0,21215.999,0,0,100,0,0,100,0
686,SK,1999,73.162,2596.838,0,137.812,4887.187,0,3,97,0,3,97,0
687,AB,1999,2860.278,9845.622,0,4438.615,13886.229,0,23,77,0,24,76,0
687,SK,1999,10172.848,101233.151,0,9420.734,73858.265,0,9,91,0,11,89,0
688,AB,1999,0,62010.501,0,0,56067.3,0,0,100,0,0,100,0
689,SK,1999,3247.268,46754.237,0,4434.174,23079.826,0,6,94,0,16,84,0
690,SK,1999,3827.423,44395.975,0,3491.099,34785.906,0,8,92,0,9,91,0
691,SK,1999,16585.818,1657.484,0,7416.921,153.08,0,91,9,0,98,2,0
692,AB,1999,30.614,22713.704,8032.416,182.634,87002.633,40854.174,0,74,26,0,68,32
693,SK,1999,12702.11,115137.887,0,10347.839,25913.159,0,10,90,0,29,71,0
694,SK,1999,39373.346,40387.034,19965.622,13349.576,11185.474,5224.95,39,40,20,45,38,18
695,SK,1999,30727.382,16408.618,0,20114.38,13215.619,0,65,35,0,60,40,0
696,SK,1999,70598.148,97678.806,0,35876.097,34196.91,0,42,58,0,51,49,0
697,SK,1999,0,7842.097,42216.906,0,2803.266,15118.73,0,16,84,0,16,84
698,SK,1999,31198.04,21760.455,0,8536.987,8103.013,0,59,41,0,51,49,0
699,SK,1999,0,36350.001,0,0,24031.001,0,0,100,0,0,100,0
700,SK,1999,0,10068.232,31243.821,0,7269.236,10664.764,0,24,76,0,41,59
701,SK,1999,62100.467,14888.93,0,35301.657,4345.343,0,81,19,0,89,11,0
702,SK,1999,8487.907,195178.534,18571.561,3743.788,27573.878,372.331,4,88,8,12,87,1
703,AB,1999,0,45412.869,684.259,0,133969.438,2080.63,0,99,1,0,98,2
704,SK,1999,1042.15,60807.832,22060.314,756.332,25861.017,8036.656,1,72,26,2,75,23
705,SK,1999,0,61827.193,218745.809,0,26677.429,13809.57,0,22,78,0,66,34
706,SK,1999,3691.575,113079.427,0,486.592,22159.409,0,3,97,0,2,98,0
707,SK,1999,14683.894,167382.12,1772.087,17829.255,54914.87,715.873,8,91,1,24,75,1
708,AB,1999,1426.5,47277.295,0,4328.1,136404.35,0,3,97,0,3,97,0
709,MB,1999,4188.371,142529.266,13293.214,4131.59,81383.523,4671.891,3,89,8,5,90,5
709,SK,1999,27974.501,179260.903,12053.596,13632.476,61794.477,3008.049,13,82,5,17,79,4
710,SK,1999,1469.393,16530.908,0,1302.92,20488.075,0,8,92,0,6,94,0
711,SK,1999,261.355,20506.596,0,1481.234,23008.765,0,1,99,0,6,94,0
714,MB,1999,0,1579,0,0,1713,0,0,100,0,0,100,0
714,SK,1999,0,53151.491,4821.958,0,39623.15,3348.849,0,92,8,0,92,8
715,MB,1999,784.502,16177.628,10876.969,1354.004,12100.613,10706.381,3,58,39,6,50,44
715,SK,1999,0,9382.196,2677.804,0,4859.485,1181.516,0,78,22,0,80,20
716,MB,1999,4114.649,37471.05,18317.05,3960.999,26951,15841,7,63,31,8,58,34
717,MB,1999,42788.528,41034.064,12002.905,28889.827,30951.868,4965.305,45,43,13,45,48,8
718,MB,1999,0,2686.7,0,0,9927,0,0,100,0,0,100,0
720,MB,1999,0,0,2119.6,0,0,5609,0,0,100,0,0,100
723,MB,1999,99,26894.25,3498.7,309,107312.001,3951,0,88,11,0,96,4
724,MB,1999,2561.96,24999.183,126466.506,7569.872,24681.656,81044.471,2,16,82,7,22,72
726,MB,1999,47573.356,0,1577.592,73880.67,0,971.331,97,0,3,99,0,1
727,AB,1999,23800.051,163647.096,127961.957,22214.529,121305.019,64726.166,8,52,41,11,58,31
728,AB,1999,3773.333,188695.937,3678.883,2318.333,54296.301,575.568,2,96,2,4,95,1
729,AB,1999,35313.385,110337.157,0,22217.027,42515.705,0,24,76,0,34,66,0
729,SK,1999,25256.056,414718.947,0,8599.65,127207.351,0,6,94,0,6,94,0
730,AB,1999,45876.05,415331.954,11999.444,26926.53,189610.522,5808.889,10,88,3,12,85,3
731,AB,1999,20647.17,430208.448,0,16041.229,180395.991,0,5,95,0,8,92,0
732,AB,1999,0,12492,0,0,21034.8,0,0,100,0,0,100,0
733,SK,1999,31256.05,160371.624,10124.327,5591.913,64898.073,1272.673,15,79,5,8,90,2
734,SK,1999,38840.128,13825.869,0,18277.565,2623.433,0,74,26,0,87,13,0
735,SK,1999,4258.922,168840.077,0,6331.039,36816.964,0,2,98,0,15,85,0
736,SK,1999,41580.191,232140.404,8174.413,10262.254,46437.941,839.804,15,82,3,18,81,1
737,AB,1999,17624.4,91641.05,11922,17518.3,97688.749,12658.6,15,76,10,14,76,10
738,AB,1999,8001.56,130345.61,0,6075.8,26884.56,0,6,94,0,18,82,0
739,AB,1999,107898.321,8630.1,0,82054.859,9389.7,0,93,7,0,90,10,0
739,SK,1999,45933.161,4332.838,0,23316.893,2088.106,0,91,9,0,92,8,0
740,AB,1999,13779.4,141909.298,0,13322.4,85638.3,0,9,91,0,13,87,0
741,SK,1999,4462.035,162194.041,1450.919,312.648,13410.759,62.593,3,96,1,2,97,0
742,SK,1999,31889.861,11884.139,0,12636.928,398.071,0,73,27,0,97,3,0
743,AB,1999,2307.6,86275.538,0,482.4,34211.645,0,3,97,0,1,99,0
743,SK,1999,4616.994,7480.673,2773.332,1048.697,2852.054,1096,31,50,19,21,57,22
744,AB,1999,0,176311.89,14976.96,0,88471.34,2775.36,0,92,8,0,97,3
745,SK,1999,29614.793,759038.265,3232.951,7708.887,102354.533,671.574,4,96,0,7,92,1
746,AB,1999,0,135965.9,0,0,101742.15,0,0,100,0,0,100,0
747,SK,1999,29063.361,44530.643,0,18389.914,8078.087,0,39,61,0,69,31,0
748,SK,1999,6702.631,701451.243,882.127,1981.576,118324.495,106.084,1,99,0,2,98,0
749,SK,1999,17922.831,378131.177,0,3587.19,82786.333,0,5,95,0,4,96,0
750,AB,1999,0,56722.58,13406.22,0,107608.69,26548.51,0,81,19,0,80,20
751,MB,1999,13018.613,37851.739,0,11637.766,20629.032,93.32,26,74,0,36,64,0
751,SK,1999,15562.304,14422.55,0,8014.018,7689.982,0,52,48,0,51,49,0
752,MB,1999,0,118946.876,1626.123,0,42974.66,616.34,0,99,1,0,99,1
752,SK,1999,15891.225,463511.77,0,4879.035,106497.962,0,3,97,0,4,96,0
753,MB,1999,3553.194,459214.952,6464.855,2146.332,151713.52,2805.145,1,98,1,1,97,2
754,SK,1999,3409.022,174778.56,62293.413,2585.263,22475.253,7511.489,1,73,26,8,69,23
755,SK,1999,2645.638,200899.363,0,331.455,35267.543,0,1,99,0,1,99,0
756,SK,1999,6891.592,365666.409,0,810.71,89311.295,0,2,98,0,1,99,0
757,MB,1999,64689.831,25534.17,1572.65,41531.399,8390.601,0,70,28,2,83,17,0
758,MB,1999,43749.504,123659.676,8870.222,25049.975,38075.233,9376.271,25,70,5,35,53,13
759,MB,1999,4851.371,34400.629,0,6856.685,13877.316,0,12,88,0,33,67,0
760,MB,1999,0,88610.999,0,3143.362,20871.638,0,0,100,0,13,87,0
760,SK,1999,5950.778,390277.218,0,6955.323,97775.678,0,2,98,0,7,93,0
761,SK,1999,0,18070,2303,0,8627.999,1162,0,89,11,0,88,12
762,SK,1999,32319.798,84925.199,0,9202.511,24518.028,0,28,72,0,27,73,0
763,MB,1999,93522.549,58980.136,5292.32,66590.623,29346.371,7317.005,59,37,3,64,28,7
763,SK,1999,43175.435,15418.565,0,11731.044,4998.955,0,74,26,0,70,30,0
764,MB,1999,0,73842.009,0,1535.315,26319.682,0,0,100,0,6,94,0
765,MB,1999,3826.091,351164.909,0,7267.914,83793.549,1064.186,1,99,0,8,91,1
766,MB,1999,1082.787,186516.212,0,677.312,47839.685,0,1,99,0,1,99,0
767,SK,1999,4060.468,452522.914,47853.616,447.058,37931.276,4338.663,1,90,9,1,89,10
768,SK,1999,0,43910.998,0,0,7709,0,0,100,0,0,100,0
769,AB,1999,0,103810.7,0,0,60908.65,0,0,100,0,0,100,0
770,SK,1999,72181.346,235982.822,8803.831,21867.114,35100.268,1522.619,23,74,3,37,60,3
771,AB,1999,15261.039,85886.82,238.2,7235.161,39425.184,94,15,85,0,15,84,0
771,SK,1999,0,50696.673,1669.329,535.318,9690.533,411.152,0,97,3,5,91,4
772,SK,1999,14863.089,30402.909,0,10352.704,1620.298,0,33,67,0,86,14,0
773,SK,1999,12803.778,278777.138,32390.085,2049.294,26397.673,3920.029,4,86,10,6,82,12
774,SK,1999,0,69782,0,0,5135.999,0,0,100,0,0,100,0
775,SK,1999,3461.592,75074.407,0,159.442,8370.559,0,4,96,0,2,98,0
776,SK,1999,44242.552,9741.449,0,22077.982,2327.018,0,82,18,0,90,10,0
777,AB,1999,13417.9,3027.45,0,9612.25,2244.3,0,82,18,0,81,19,0
778,SK,1999,22291.08,9390.921,0,2885.415,1215.586,0,70,30,0,70,30,0
779,AB,1999,0,32295.6,0,0,14825.7,0,0,100,0,0,100,0
780,SK,1999,9117.927,55109.399,278402.675,928.594,2413.901,11308.508,3,16,81,6,16,77
781,AB,1999,12867.12,57936.171,152117.67,4478.88,11482.772,14640.188,6,26,68,15,38,48
782,SK,1999,19094.429,578856.569,0,5074.734,55296.262,0,3,97,0,8,92,0
783,SK,1999,0,293930.004,0,0,29177.002,0,0,100,0,0,100,0
784,SK,1999,13060.735,79359.14,2269.121,3440.428,12288.192,211.385,14,84,2,22,77,1
785,SK,1999,0,84898.017,6496.982,0,9358.623,324.378,0,93,7,0,97,3
786,AB,1999,0,101455.1,21.9,0,29491.65,13.4,0,100,0,0,100,0
787,AB,1999,0,50470.9,0,0,7991.1,0,0,100,0,0,100,0
788,AB,1999,0,50648.2,17101.8,0,12385,1509,0,75,25,0,89,11
789,SK,1999,17071.487,137321.942,2786.572,9230.607,13887.392,0,11,87,2,40,60,0
790,AB,1999,14247.1,43854.699,0,4404.4,7244.099,0,25,75,0,38,62,0
791,AB,1999,0,199392,0,0,23946,0,0,100,0,0,100,0
792,SK,1999,38373.629,63784.349,644759.025,13296.25,13960.126,18724.628,5,9,86,29,30,41
793,AB,1999,49407.606,358687.351,23518.541,14235.103,107753.316,5450.059,11,83,5,11,85,4
794,SK,1999,0,503280,0,0,40898,0,0,100,0,0,100,0
795,SK,1999,0,270962.002,0,1085.88,29182.121,0,0,100,0,4,96,0
796,SK,1999,16335.622,58509.378,0,6094.445,8934.538,0,22,78,0,41,59,0
797,AB,1999,1972.6,17122.5,66.5,809.9,7024.455,36.5,10,89,0,10,89,0
798,AB,1999,34175.1,336385.15,31266.7,16605.3,131400.94,13482.86,9,84,8,10,81,8
799,AB,1999,0,66262,0,0,62238,0,0,100,0,0,100,0
800,AB,1999,0,79212.3,77005.45,0,55382.67,40885.64,0,51,49,0,58,42
801,AB,1999,0,39146.85,3198.15,0,43384.3,3782.7,0,92,8,0,92,8
802,AB,1999,0,75554.3,0,713.64,35510,0,0,100,0,2,98,0
803,SK,1999,7255.822,109132.722,56573.458,1384.181,8849.81,3874.012,4,63,33,10,63,27
804,AB,1999,13951.98,39619.12,0,9537.71,16849.14,0,26,74,0,36,64,0
805,AB,1999,4820.546,7176.693,4067.761,1116.429,1305.572,740,30,45,25,35,41,23
805,SK,1999,4948.353,44600.534,25207.112,779.263,5451.296,2793.442,7,60,34,9,60,31
806,AB,1999,2162.2,69593.62,566.65,1558.3,62453.35,326.2,3,96,1,2,97,1
807,SK,1999,0,69499.863,9252.139,0,4728.192,469.811,0,88,12,0,91,9
808,SK,1999,3447.721,115831.016,447783.257,249.004,6744.66,21584.332,1,20,79,1,24,76
809,AB,1999,4972.755,110806.395,0,1990.8,27183.85,0,4,96,0,7,93,0
809,SK,1999,4246.532,110955.973,27874.492,586.705,8259.577,902.719,3,78,19,6,85,9
810,SK,1999,0,102738,0,0,10616.001,0,0,100,0,0,100,0
811,AB,1999,4548.6,4851.647,35267.652,726,584.251,2634.749,10,11,79,18,15,67
811,SK,1999,0,384.273,1024.727,0,30.545,81.455,0,27,73,0,27,73
812,AB,1999,25884.475,16574.065,19703.95,29418.775,22072.345,16336.65,42,27,32,43,33,24
813,SK,1999,3461.218,90045.979,41296.8,815.499,11116.976,4099.523,3,67,31,5,69,26
814,AB,1999,1400.85,12170.75,0,754.65,6686.9,0,10,90,0,10,90,0
815,AB,1999,23794.3,16248.127,0,7618.501,8416.828,0,59,41,0,48,52,0
815,SK,1999,23602.143,8933.857,0,1428.784,800.216,0,73,27,0,64,36,0
816,SK,1999,51557.842,353415.003,27286.151,21639.922,52045.55,2213.315,12,82,6,29,69,3
817,SK,1999,0,91649.683,3622.315,0,6209.643,247.358,0,96,4,0,96,4
818,AB,1999,0,29302.25,0,0,19410.15,0,0,100,0,0,100,0
819,SK,1999,23219.598,6623.402,0,3516.496,998.504,0,78,22,0,78,22,0
820,SK,1999,739.92,180327.908,749.169,0,29639.295,61.7,0,99,0,0,100,0
821,AB,1999,1951.994,88537.246,653.354,658.239,19643.295,483.021,2,97,1,3,95,2
821,SK,1999,733.188,174335.814,0,959.876,28801.122,0,0,100,0,3,97,0
822,SK,1999,6468.03,153640.977,1531.986,1112.002,27215.63,672.369,4,95,1,4,94,2
823,AB,1999,23745.355,118671.642,0,7275.1,31476.899,0,17,83,0,19,81,0
824,SK,1999,23435.685,69843.005,1387.309,7580.781,19048.217,0,25,74,1,28,72,0
825,SK,1999,378.232,476683.767,0,970.007,68757.779,0,0,100,0,1,99,0
826,SK,1999,18097.344,651452.285,96989.809,6763.074,92305.172,3461.437,2,85,13,7,90,3
827,SK,1999,30588.319,12978.91,2261.773,19152.282,7101.719,787.999,67,28,5,71,26,3
828,AB,1999,18989.42,570647.585,0,2960.888,81387.657,0,3,97,0,4,96,0
829,AB,1999,20598.1,10287.3,0,6810.65,3199.35,0,67,33,0,68,32,0
830,SK,1999,17515.35,282997.785,40388.872,3488.431,39411.21,3253.383,5,83,12,8,85,7
831,SK,1999,6418.26,143032.953,1345.788,711.547,16391.452,0,4,95,1,4,96,0
832,SK,1999,16104.158,291298.52,927.321,4810.193,80297.311,688.495,5,94,0,6,94,1
833,AB,1999,106.5,18226.4,31.95,45,5566.4,13.5,1,99,0,1,99,0
833,SK,1999,0,36717.422,24480.576,0,19067.279,11598.721,0,60,40,0,62,38
834,SK,1999,0,63698.08,156573.921,0,7360.778,24601.221,0,29,71,0,23,77
835,SK,1999,0,6311.322,15427.677,0,1599.678,3910.323,0,29,71,0,29,71
836,AB,1999,0,9184,0,0,1602,0,0,100,0,0,100,0
837,AB,1999,0,21700,0,0,8503,0,0,100,0,0,100,0
837,SK,1999,0,14044.195,3255.808,0,9453.563,1320.438,0,81,19,0,88,12
838,AB,1999,843.7,3483.299,0,794.9,2147.099,0,19,81,0,27,73,0
838,SK,1999,0,55888.076,2696.934,0,18125.225,1444.052,0,95,5,0,93,7
839,MB,1999,8204.332,73483.783,8988.885,2705.691,29419.531,3642.776,9,81,10,8,82,10
840,MB,1999,42347.597,11618.463,14352.939,28868.12,13422.959,4796.92,62,17,21,61,29,10
841,MB,1999,19509.001,19387.498,0,1995.864,57550.136,0,50,50,0,3,97,0
843,MB,1999,14900.922,9156.078,0,17185.735,8365.266,0,62,38,0,67,33,0
844,MB,1999,9461.465,37367.33,5635.206,9466.341,32153.885,4649.777,18,71,11,20,69,10
846,MB,1999,0,14943.001,0,0,42214.001,0,0,100,0,0,100,0
847,MB,1999,0,28766.25,20416.45,0,12437.45,4986.55,0,58,42,0,71,29
848,MB,1999,946.632,8844.118,0,613.895,6382.105,0,10,90,0,9,91,0
849,MB,1999,11291.167,40366.389,633866.443,4394.4,19092.25,86277.351,2,6,92,4,17,79
850,MB,1999,121366.278,29364.722,0,72566.315,9387.685,0,81,19,0,89,11,0
851,MB,1999,0,41715.454,33160.547,0,9029.567,7065.434,0,56,44,0,56,44
852,MB,1999,41033.602,95720.002,113689.393,9154.05,9434.01,10420.938,16,38,45,32,33,36
853,MB,1999,0,18016.533,33185.467,0,907.829,1672.171,0,35,65,0,35,65
854,MB,1999,5465,70062.999,0,2236.5,23742.499,0,7,93,0,9,91,0
855,MB,1999,0,10504,0,0,5841,0,0,100,0,0,100,0
940,BC,1999,46,11,0,340,68,0,81,19,0,83,17,0
943,BC,1999,0,3,0,0,4,0,0,100,0,0,100,0
944,BC,1999,141.108,31.491,1.4,801.634,110.964,1.4,81,18,1,88,12,0
948,BC,1999,0,0,0,1,0,0,,,,100,0,0
950,BC,1999,57.728,467.739,0,190.121,1907.876,0,11,89,0,9,91,0
955,BC,1999,41.686,17.114,57.1,266.686,90.114,473.2,36,15,49,32,11,57
956,BC,1999,880.959,844.862,434.69,4396.598,3892.096,1496.306,41,39,20,45,40,15
957,BC,1999,109.142,58.697,0,420.172,297.832,0,65,35,0,59,41,0
958,BC,1999,10.286,7.713,0,34.965,8.034,0,57,43,0,81,19,0
959,BC,1999,3517.418,17797.768,421.311,4971.567,29464.314,824.45,16,82,2,14,84,2
960,BC,1999,19,0,0,44,0,0,100,0,0,100,0,0
962,BC,1999,0,14,0,0,101,0,0,100,0,0,100,0
969,BC,1999,0,51.49,0,0,222,0,0,100,0,0,100,0
971,BC,1999,76.95,5.05,0,435.1,29.899,0,94,6,0,94,6,0
972,BC,1999,2345.151,1341.826,2383.83,22151.469,11110.692,19460.836,39,22,39,42,21,37
974,BC,1999,219.08,98.2,85.72,2085.82,623.3,856.88,54,24,21,58,17,24
975,BC,1999,15,0,0,711,0,0,100,0,0,100,0,0
976,BC,1999,240.555,445.007,0,4292.261,7828.742,0,35,65,0,35,65,0
977,BC,1999,491.571,632.868,0,6336.925,7707.071,0,44,56,0,45,55,0
978,BC,1999,878.02,1642.291,0,5157.878,11969.123,0,35,65,0,30,70,0
979,BC,1999,2865.214,8126.783,0,19582.87,50899.132,0,26,74,0,28,72,0
980,BC,1999,27.75,7.4,1.85,189,50.4,12.6,75,20,5,75,20,5
981,BC,1999,0,44,17,2,421,156,0,72,28,0,73,27
982,BC,1999,2225.841,1787.148,2495.217,17234.651,18047.242,24415.108,34,27,38,29,30,41
987,BC,1999,4,4,0,103,121,0,50,50,0,46,54,0
988,BC,1999,325.24,145.76,0,1088.52,661.48,0,69,31,0,62,38,0
990,BC,1999,255.867,37.133,0,651.98,69.018,0,87,13,0,90,10,0
991,BC,1999,100.043,2441.954,422.953,354.348,6626.736,1708.916,3,82,14,4,76,20
992,BC,1999,14.133,38.867,0,22.133,60.867,0,27,73,0,27,73,0
995,BC,1999,38.529,172.47,0,118.63,502.371,0,18,82,0,19,81,0
1001,BC,1999,1288.823,889.21,0,3865.789,2924.211,0,59,41,0,57,43,0
1002,BC,1999,298.7,50.3,0,873.5,150.5,0,86,14,0,85,15,0
1003,BC,1999,21,0,0,49,0,0,100,0,0,100,0,0
1004,BC,1999,440.49,1119.136,375.1,3581.032,6813.269,2744.7,23,58,19,27,52,21
1005,BC,1999,2512.609,3554.119,0,12128.128,18736.875,0,41,59,0,39,61,0
1006,BC,1999,2915.471,3070.753,0,23134.16,36202.846,0,49,51,0,39,61,0
1007,BC,1999,2942.203,2760.992,2725.939,4935.185,5063.004,5434.806,35,33,32,32,33,35
1008,BC,1999,1401.326,504.97,300.71,5082.887,2382.04,1454.07,63,23,14,57,27,16
1009,BC,1999,1188.663,306.463,0,2703.601,679.402,0,80,20,0,80,20,0
1010,BC,1999,2020.866,687.162,0,1160.084,988.919,0,75,25,0,54,46,0
1011,BC,1999,735.112,143.865,0,2959.789,609.209,0,84,16,0,83,17,0
1012,BC,1999,100.798,31.2,0,1182.452,208.548,0,76,24,0,85,15,0
1013,BC,1999,315.888,170.333,155.778,2085.114,1281.556,1259.333,49,27,24,45,28,27
1015,BC,1999,1612.35,1542.648,0,2853.072,2456.928,0,51,49,0,54,46,0
1016,AB,1999,1474.5,1712.5,0,2850,3718,0,46,54,0,43,57,0
1017,BC,1999,88.92,46.08,0,649.881,501.12,0,66,34,0,56,44,0
1018,AB,1999,376.85,13286.5,236.35,586.2,24672.85,330.15,3,96,2,2,96,1
9593,AB,1999,0,10904.8,43619.2,0,6543,26172,0,20,80,0,20,80
9607,AB,1999,0,0,574,0,0,278,0,0,100,0,0,100
9609,AB,1999,643.433,3923.847,2440.7,1257.15,8407.1,3997.75,9,56,35,9,62,29
9687,AB,1999,6618.594,120669.237,0,6616.666,114716.886,0,5,95,0,5,95,0
9787,AB,1999,0,81942.64,0,0,14189.87,0,0,100,0,0,100,0
244,AB,2000,0,0,1517,0,0,1021,0,0,100,0,0,100
244,BC,2000,0,27,9,0,301.999,68,0,75,25,0,82,18
252,BC,2000,0,34,0,0,191,0,0,100,0,0,100,0
371,MB,2000,0,0,108,0,0,89,0,0,100,0,0,100
374,ON,2000,11,0,0,212,0,0,100,0,0,100,0,0
375,MB,2000,1549.516,15258.051,38580.853,2613.23,10832.904,20571.516,3,28,70,8,32,60
376,MB,2000,0,21,0,0,35,0,0,100,0,0,100,0
378,ON,2000,69,843,0,462,6659,0,8,92,0,6,94,0
379,MB,2000,1120.722,818.678,0,1938.683,1418.318,0,58,42,0,58,42,0
380,MB,2000,1768.274,155.733,1869.293,4509.775,1770.752,3187.472,47,4,49,48,19,34
381,ON,2000,0,2348,0,0,43959,0,0,100,0,0,100,0
383,ON,2000,271.286,2517.715,0,1719.857,11700.144,0,10,90,0,13,87,0
386,ON,2000,65,0,0,649,0,0,100,0,0,100,0,0
391,ON,2000,26,0,0,187,0,0,100,0,0,100,0,0
400,ON,2000,0,0,484,0,0,3227,0,0,100,0,0,100
401,ON,2000,129.583,736.835,1342.581,1162.072,3710.937,15231.993,6,33,61,6,18,76
401,QC,2000,1099,46,14218.231,7081,262,80878.129,7,0,93,8,0,92
402,ON,2000,0,105,0,0,811,0,0,100,0,0,100,0
407,ON,2000,225.737,0,137.263,1702.329,0,918.671,62,0,38,65,0,35
408,ON,2000,0,16723,0,0,40548,0,0,100,0,0,100,0
408,QC,2000,1447.356,697.45,8934.634,4177.444,2911.333,27209.498,13,6,81,12,8,79
409,ON,2000,58,536.999,0,721,5652,0,10,90,0,11,89,0
410,ON,2000,70.4,129.6,0,287.1,972.9,0,35,65,0,23,77,0
411,ON,2000,4329.522,2143.477,0,30506.348,9046.651,0,67,33,0,77,23,0
412,ON,2000,0,183.8,735.2,0,2010.2,8040.8,0,20,80,0,20,80
413,ON,2000,4534.98,1076.876,275.478,57594.997,8733.528,1790.909,77,18,5,85,13,3
415,QC,2000,503.22,0,0,1888,0,0,100,0,0,100,0,0
418,QC,2000,9316.08,688.7,793.999,18879.999,2556,2233.999,86,6,7,80,11,9
419,QC,2000,196,0,0,558,0,0,100,0,0,100,0,0
421,QC,2000,755.66,0,0,3710,0,0,100,0,0,100,0,0
422,QC,2000,48,0,0,359,0,0,100,0,0,100,0,0
423,QC,2000,908.66,603,0,6021,4345,0,60,40,0,58,42,0
424,QC,2000,1677.999,993,1309,4447,4388.099,761.9,42,25,33,46,46,8
425,QC,2000,7391.381,2809.8,6230.982,40613.001,24589.03,26399.77,45,17,38,44,27,29
426,QC,2000,3352,350,0,6548,764,0,91,9,0,90,10,0
431,QC,2000,7,0,0,41,0,0,100,0,0,100,0,0
438,QC,2000,384.42,0,0,702,0,0,100,0,0,100,0,0
439,QC,2000,110,0,0,522,0,0,100,0,0,100,0,0
440,QC,2000,300,0,0,825,0,0,100,0,0,100,0,0
441,QC,2000,25287.15,30594.733,4080.777,30465.321,47897.248,5402.334,42,51,7,36,57,6
455,NF,2000,35.11,0,0,269,0,0,100,0,0,100,0,0
458,NF,2000,26,127.371,0,122,1059,0,17,83,0,10,90,0
460,NF,2000,0,9.999,0,0,67,0,0,100,0,0,100,0
461,NF,2000,0,279.672,0,0,940,0,0,100,0,0,100,0
462,NF,2000,0,15,0,0,101.001,0,0,100,0,0,100,0
463,NF,2000,0,96.999,0,0,1019.999,0,0,100,0,0,100,0
466,NF,2000,24,228.551,0,63,1136.001,0,10,90,0,5,95,0
468,NF,2000,0,25.8,0,0,205,0,0,100,0,0,100,0
471,NF,2000,75,172.04,0,175,544,0,30,70,0,24,76,0
475,NF,2000,0,436.679,0,0,2332,0,0,100,0,0,100,0
477,NF,2000,12.67,0,0,167,0,0,100,0,0,100,0,0
478,QC,2000,942,1180.899,0,3212,3968.8,0,44,56,0,45,55,0
479,QC,2000,5158.132,29559.309,5198.12,13879.682,82964.019,10556.3,13,74,13,13,77,10
481,QC,2000,0,5459,0,0,10861,0,0,100,0,0,100,0
482,QC,2000,13457.46,14623.945,0,81458,70775.302,0,48,52,0,54,46,0
483,QC,2000,9619.247,25583.549,564.2,48229.375,73873.426,1740.2,27,72,2,39,60,1
484,NB,2000,0,142,0,0,437,0,0,100,0,0,100,0
484,QC,2000,365,3311.97,0,1662,8038,0,10,90,0,17,83,0
485,NB,2000,357.235,428.765,0,1449.5,1156.5,0,45,55,0,56,44,0
486,NB,2000,831.3,6240.7,0,551.29,5189.71,0,12,88,0,10,90,0
487,NB,2000,321.238,581.759,0,1172.551,2882.448,0,36,64,0,29,71,0
487,QC,2000,29.119,1565.883,0,75.168,4154.831,0,2,98,0,2,98,0
488,NB,2000,37.334,360.666,0,94,889,0,9,91,0,10,90,0
489,NB,2000,191,867,0,457,1546,0,18,82,0,23,77,0
490,NB,2000,288,717,0,1006.278,898.722,0,29,71,0,53,47,0
493,NB,2000,1608.032,18358.158,1152.806,2004.457,15399.737,710.806,8,87,5,11,85,4
494,NB,2000,0,14911.001,0,0,14697.999,0,0,100,0,0,100,0
495,NB,2000,206.75,503.25,0,1287.24,2307.76,0,29,71,0,36,64,0
496,NB,2000,2412.216,413.697,201.086,18162.123,3209.563,1570.314,80,14,7,79,14,7
497,NB,2000,104.5,703.5,0,1062.798,2820.202,0,13,87,0,27,73,0
498,NB,2000,315,0,0,1847,0,0,100,0,0,100,0,0
499,NB,2000,451.76,250.89,12.35,1493.72,2901.13,85.15,63,35,2,33,65,2
500,NB,2000,4608.462,124.336,197.2,11384.035,267.764,878.2,93,3,4,91,2,7
501,NB,2000,672.4,1573.6,0,1590.789,3729.212,0,30,70,0,30,70,0
502,NB,2000,433.949,727.049,0,1315.915,3108.088,0,37,63,0,30,70,0
503,NB,2000,1541.927,1638.074,18,9283.584,14263.416,132,48,51,1,39,60,1
504,NB,2000,1075,468,0,7519.999,301,0,70,30,0,96,4,0
504,NS,2000,4737.63,1654.873,0,21563.727,8321.274,0,74,26,0,72,28,0
505,NB,2000,259,768.001,0,1019,5096,0,25,75,0,17,83,0
506,NB,2000,26,421,0,800.96,1643.04,0,6,94,0,33,67,0
507,NB,2000,183.999,1162,0,1847.999,7170.501,0,14,86,0,20,80,0
507,NS,2000,4162.096,1960.454,0,8176.868,4564.507,0,68,32,0,64,36,0
508,NB,2000,313,0,0,972,0,0,100,0,0,100,0,0
509,NS,2000,301.001,1864.001,0,601.001,4067.998,0,14,86,0,13,87,0
510,NS,2000,133.9,79.75,0,200,198,0,63,37,0,50,50,0
511,NS,2000,0,99.998,0,0,124,0,0,100,0,0,100,0
512,NS,2000,0,2550.52,0,0,4460,0,0,100,0,0,100,0
513,NS,2000,149.089,411.493,0,399.316,1265.682,0,27,73,0,24,76,0
514,NS,2000,7.69,0,0,26,0,0,100,0,0,100,0,0
516,NS,2000,390.729,908.184,0,1774.744,2279.256,0,30,70,0,44,56,0
517,NS,2000,690.919,4645.911,0,3221.152,23522.848,0,13,87,0,12,88,0
518,NS,2000,10097.387,4951.316,0,15000.462,11833.09,0,67,33,0,56,44,0
519,NS,2000,0,306,0,0,864,0,0,100,0,0,100,0
520,NS,2000,12.084,440.919,0,82.75,2347.249,0,3,97,0,3,97,0
521,NS,2000,0,41,0,0,779,0,0,100,0,0,100,0
522,NS,2000,129.039,412.882,0,930.944,3528.058,0,24,76,0,21,79,0
523,NS,2000,217.933,905.597,0,730.389,4011.612,0,19,81,0,15,85,0
524,NS,2000,5,30,0,229,109,0,14,86,0,68,32,0
525,NS,2000,530.182,2087.48,0,1817.86,6808.142,0,20,80,0,21,79,0
527,NS,2000,85.954,924.046,0,229.548,2138.454,0,9,91,0,10,90,0
528,NS,2000,1729.684,1445.098,0,1627.43,1613.567,0,54,46,0,50,50,0
529,NS,2000,0,605,0,0,576.999,0,0,100,0,0,100,0
530,NS,2000,36.666,1426.332,0,98,1663.997,0,3,97,0,6,94,0
531,NS,2000,573.466,1924.816,0,799.229,4004.772,0,23,77,0,17,83,0
534,PE,2000,17169.74,5157.263,0,15758.448,4187.552,0,77,23,0,79,21,0
535,PE,2000,20400,0,0,14294,0,0,100,0,0,100,0,0
536,PE,2000,43243.454,2431.542,0,39592.71,2415.292,0,95,5,0,94,6,0
537,PE,2000,21505.777,521.222,0,25425.334,620.666,0,98,2,0,98,2,0
538,PE,2000,6862,0,0,3334,0,0,100,0,0,100,0,0
539,QC,2000,35,394.21,73.98,186.326,756.674,238,7,78,15,16,64,20
540,QC,2000,171975.896,94056.289,70286.243,220744.943,80587.851,74989.818,51,28,21,59,21,20
541,ON,2000,0,13306.85,2207.15,1529.7,4643.051,1438.25,0,86,14,20,61,19
541,QC,2000,137069.965,40332.91,264767.541,64323.607,17379.121,100413.269,31,9,60,35,10,55
542,ON,2000,0,631.091,11152.225,3483.561,2469.481,42179.959,0,5,95,7,5,88
543,ON,2000,5026.999,29157.656,11583.582,9489.261,30606.193,15250.217,11,64,25,17,55,28
543,QC,2000,0,203,898,0,882,3101.4,0,18,82,0,22,78
544,ON,2000,2118.678,51110.867,13053.66,5654.034,36032.608,8564.354,3,77,20,11,72,17
545,ON,2000,2745.045,11671.245,10027.011,8245.538,11274.579,14177.883,11,48,41,24,33,42
546,ON,2000,0,29210.207,6303.752,0,40140.745,9397.255,0,82,18,0,81,19
546,QC,2000,0,249,0,0,410,0,0,100,0,0,100,0
547,ON,2000,4311.93,18398.116,13309.538,18988.452,32160.818,36806.022,12,51,37,22,37,42
548,QC,2000,344.96,0,0,409,0,0,100,0,0,100,0,0
549,ON,2000,0,494.015,4358.103,0,1468.761,16857.239,0,10,90,0,8,92
550,ON,2000,939.368,3322.334,1287.713,7245.923,38904.483,10010.301,17,60,23,13,69,18
551,ON,2000,25753.915,58695.64,38951.846,52483.96,58278.091,76974.95,21,48,32,28,31,41
552,ON,2000,22642.08,3776.191,0,78159.555,27089.29,0,86,14,0,74,26,0
553,ON,2000,57460.002,94421.738,16511.61,67024.668,84011.913,19753.063,34,56,10,39,49,12
554,ON,2000,14251.532,3123.647,0,43637.103,6090.898,0,82,18,0,88,12,0
555,ON,2000,7609.581,4980.259,14719.113,18012.428,24283.206,33560.465,28,18,54,24,32,44
556,ON,2000,19403.855,88717.692,1794.925,45583.88,110305.999,2377.125,18,81,2,29,70,2
557,ON,2000,10085.378,270765.461,0,4497.902,99179.098,0,4,96,0,4,96,0
558,ON,2000,14359.849,205386.044,796.304,17904.016,107316.666,384.316,7,93,0,14,85,0
559,ON,2000,0,310.4,0,0,0,0,0,100,0,,,
560,ON,2000,23956.369,59955.695,0,15291.356,28642.646,0,29,71,0,35,65,0
561,ON,2000,719.338,20774.808,2435,446.25,10319.695,1189.556,3,87,10,4,86,10
562,ON,2000,0,24523.334,11548.667,0,15807.222,8005.778,0,68,32,0,66,34
563,ON,2000,0,113,0,0,182,0,0,100,0,0,100,0
564,ON,2000,10601.515,63751.831,20401.176,14413.433,27909.852,15084.867,11,67,22,25,49,26
565,ON,2000,90809.58,208780.12,85585.303,15674.479,45752.361,15287.162,24,54,22,20,60,20
566,ON,2000,195,11478.349,7857.65,129.25,4337.201,3654.75,1,59,40,2,53,45
567,ON,2000,7016.111,160351.329,19847.556,2154.445,45537.92,5968.637,4,86,11,4,85,11
568,ON,2000,76988.083,8946.918,292,15886.395,1828.405,59.2,89,10,0,89,10,0
569,ON,2000,3463.333,24140.347,78938.323,1183.889,11838.263,49447.847,3,23,74,2,19,79
570,ON,2000,11114.301,222358.963,54502.135,1082.291,29976.386,6845.324,4,77,19,3,79,18
571,ON,2000,9848.222,2052.333,2736.445,1702.556,260.334,347.111,67,14,19,74,11,15
572,ON,2000,3298.559,15845.05,3406.248,603.15,2349.025,818.824,15,70,15,16,62,22
581,BC,2000,72,2268.08,0,204,6547,0,3,97,0,3,97,0
583,AB,2000,0,50.578,75.421,0,83.632,125.368,0,40,60,0,40,60
583,BC,2000,0,3147.767,1087.573,0,8164.555,1850.444,0,74,26,0,82,18
584,AB,2000,0,0,1004,0,0,1655,0,0,100,0,0,100
585,BC,2000,731.166,21489.102,0.312,2062.778,64722.533,1.688,3,97,0,3,97,0
586,AB,2000,7586.365,63042.66,27585.876,4746.824,25686.704,16480.471,8,64,28,10,55,35
587,AB,2000,20239.879,1185,0,9389.551,637.35,0,94,6,0,94,6,0
588,AB,2000,3577.493,8677.346,83299.351,3840.641,7979.379,50941.781,4,9,87,6,13,81
589,AB,2000,698.358,2269.662,0,305.412,992.588,0,24,76,0,24,76,0
590,AB,2000,0,20786.005,38266.375,0,14037.065,45736.934,0,35,65,0,23,77
591,AB,2000,231.7,2155.835,104623.336,260.3,1749,103047.999,0,2,98,0,2,98
591,BC,2000,14244.644,63680.394,15664.776,34773.578,153554.826,28116.296,15,68,17,16,71,13
592,AB,2000,897.477,17551.647,86315.336,1113.177,23703.263,88678.559,1,17,82,1,21,78
593,AB,2000,0,6033.853,77751.147,0,3704.441,47792.559,0,7,93,0,7,93
594,AB,2000,0,0,43599.001,0,0,50539.998,0,0,100,0,0,100
595,AB,2000,0,3376,69112,0,1470.118,38282.882,0,5,95,0,4,96
596,AB,2000,7356.806,38684.214,45510.67,4705.087,23800.424,27569.29,8,42,50,8,42,49
597,AB,2000,1209.1,15074,23100.001,1693.3,20679.6,26658.999,3,38,59,3,42,54
598,AB,2000,0,1366.4,72160.598,0,1145.2,67499.799,0,2,98,0,2,98
599,AB,2000,0,5666,57892,0,4157,42163,0,9,91,0,9,91
600,AB,2000,1632.248,190.411,1398,2786.215,448.118,3320.667,51,6,43,43,7,51
609,AB,2000,0,0,242,0,0,500,0,0,100,0,0,100
610,AB,2000,863.55,8483.195,19475.881,751.163,17207.669,50342.166,3,29,68,1,25,74
610,BC,2000,0,0,0,0,0.999,0,,,,0,100,0
611,AB,2000,164.5,858,2874.5,173.25,1133.1,4219.65,4,22,74,3,21,76
612,AB,2000,0,4607.72,1172.94,0,11463.634,3110.365,0,80,20,0,79,21
615,AB,2000,2828.449,10285.803,0,6578.853,21349.546,0,22,78,0,24,76,0
616,AB,2000,10700.474,2664.286,0,11671.929,5690.071,0,80,20,0,67,33,0
617,AB,2000,1106.286,3345.214,1065.5,2886.858,7325.143,2143,20,61,19,23,59,17
618,AB,2000,1038.444,7964.998,646.06,1292.415,7341.705,1125.25,11,83,7,13,75,12
618,BC,2000,387.006,4199.98,992.274,1230.107,16049.418,4587.474,7,75,18,6,73,21
619,AB,2000,0,439,0,0,785,0,0,100,0,0,100,0
622,AB,2000,1999.724,6713.233,0,6389.737,22173.262,0,23,77,0,22,78,0
623,AB,2000,2454.819,13041.76,2470.16,10187.981,49803.149,13488.873,14,73,14,14,68,18
625,AB,2000,21.666,43.334,0,94,188,0,33,67,0,33,67,0
626,AB,2000,0,1016.999,0,0,4191.001,0,0,100,0,0,100,0
629,AB,2000,220.4,2115.437,416.354,678.3,9633.012,2388.389,8,77,15,5,76,19
630,AB,2000,80.125,2603.328,54.89,276.5,23154.5,186,3,95,2,1,98,1
631,AB,2000,0,1316.3,133.7,0,4915.5,497.5,0,91,9,0,91,9
647,SK,2000,1378.392,280.608,0,1951.174,399.826,0,83,17,0,83,17,0
650,AB,2000,117.773,2376.479,341.497,1053.5,10353.079,1112.421,4,84,12,8,83,9
652,SK,2000,45.035,349.965,0,81.619,634.381,0,11,89,0,11,89,0
657,SK,2000,374.496,3818.005,0,530.943,6559.057,0,9,91,0,7,93,0
658,SK,2000,1597.448,812.502,0,535.136,271.864,0,66,34,0,66,34,0
660,SK,2000,868.726,12338.023,0,1143.319,14847.682,0,7,93,0,7,93,0
661,SK,2000,47.882,3785.118,0,73.399,6347.6,0,1,99,0,1,99,0
662,SK,2000,70,280,0,24.2,96.8,0,20,80,0,20,80,0
667,MB,2000,0,282,0,0,411,0,0,100,0,0,100,0
669,MB,2000,0,16023.849,0,0,14365,0,0,100,0,0,100,0
669,SK,2000,0,0,910,0,0,398,0,0,100,0,0,100
672,SK,2000,6467.806,4996.913,361.833,4847.455,3168.532,231.012,55,42,3,59,38,3
677,MB,2000,0,0,3817,0,0,5563,0,0,100,0,0,100
678,AB,2000,4087.75,87363.14,4245.039,8042.149,163922.255,7370.294,4,91,4,4,91,4
679,AB,2000,0,11325.77,0,0,32269,0,0,100,0,0,100,0
680,AB,2000,3803.991,61782.66,0,7393.661,115427.001,0,6,94,0,6,94,0
680,SK,2000,1767.243,23860.712,0,4604.913,38428.087,0,7,93,0,11,89,0
681,AB,2000,2680.906,74331.635,20222.41,2648.823,57935.128,14157.44,3,76,21,4,78,19
682,SK,2000,4749.675,5808.693,3687.479,7367.984,12541.354,1793.663,33,41,26,34,58,8
683,AB,2000,41817.77,19611.001,0,37592,9086,0,68,32,0,81,19,0
684,AB,2000,399.571,61298.479,19743.972,1628.458,170429.874,65765.767,0,75,24,1,72,28
685,SK,2000,953.959,26214.589,13813.001,1178.892,35052.547,11394.563,2,64,34,2,74,24
686,AB,2000,0,10847.39,0,0,21460,0,0,100,0,0,100,0
686,SK,2000,62.367,2210.634,0,149.162,5287.836,0,3,97,0,3,97,0
687,AB,2000,2790.555,9667.143,0,4476.672,14027.317,0,22,78,0,24,76,0
687,SK,2000,9876.042,98444.958,0,9732.182,76793.815,0,9,91,0,11,89,0
688,AB,2000,0,60705.4,0,0,56983.699,0,0,100,0,0,100,0
689,SK,2000,3158.399,45886.107,0,4602.136,24225.861,0,6,94,0,16,84,0
690,SK,2000,3732.899,43228.506,0,3608.141,36032.859,0,8,92,0,9,91,0
691,SK,2000,16401.206,1605.095,0,7583.447,204.557,0,91,9,0,97,3,0
692,AB,2000,28.198,21566.363,7490.62,184.124,88262.909,41339.728,0,74,26,0,68,32
693,SK,2000,11911.523,113973.473,0,11118.297,27197.704,0,9,91,0,29,71,0
694,SK,2000,38989.817,40440.465,20071.717,13698.149,11116.417,5113.433,39,41,20,46,37,17
695,SK,2000,29926.381,16214.618,0,20935.638,13398.361,0,65,35,0,61,39,0
696,SK,2000,69370.7,96422.246,0,37681.099,35887.899,0,42,58,0,51,49,0
697,SK,2000,0,7732.302,41622.699,0,2908.496,15688.505,0,16,84,0,16,84
698,SK,2000,31186.751,21788.752,0,8549.898,8068.104,0,59,41,0,51,49,0
699,SK,2000,0,35484,0,0,24903,0,0,100,0,0,100,0
700,SK,2000,0,9955.469,31036.583,0,7378.402,10871.594,0,24,76,0,40,60
701,SK,2000,61771.435,14886.968,0,36579.305,4540.698,0,81,19,0,89,11,0
702,SK,2000,8436.633,194884.006,18509.358,3847.257,28021.205,434.534,4,88,8,12,87,1
703,AB,2000,0,44829.368,683.359,0,134961.639,2103.43,0,98,2,0,98,2
704,SK,2000,1021.88,59338.646,21744.775,776.602,27416.728,8370.672,1,72,26,2,75,23
705,SK,2000,0,61611.685,218968.315,0,26782.507,13584.492,0,22,78,0,66,34
706,SK,2000,3685.833,112603.168,0,493.903,22589.099,0,3,97,0,2,98,0
707,SK,2000,13829.845,165519.309,1780.944,18681.078,56826.669,707.255,8,91,1,25,75,1
708,AB,2000,1371.6,45685.043,0,4311,137315.8,0,3,97,0,3,97,0
709,MB,2000,4120.553,141506.625,13189.671,4197.281,82520.283,4765.434,3,89,8,5,90,5
709,SK,2000,27407.673,176458.02,12068.301,14244.394,64720.01,3001.597,13,82,6,17,79,4
710,SK,2000,1458.408,16132.893,0,1325.006,20980.993,0,8,92,0,6,94,0
711,SK,2000,249.724,19893.227,0,1543.018,23803.979,0,1,99,0,6,94,0
714,MB,2000,0,1542,0,0,1748,0,0,100,0,0,100,0
714,SK,2000,0,51571.601,4737.849,0,41163.873,3431.13,0,92,8,0,92,8
715,MB,2000,764.601,16030.623,10702.877,1380.613,12317.146,10922.24,3,58,39,6,50,44
715,SK,2000,0,9188.34,2617.66,0,5077.44,1247.562,0,78,22,0,80,20
716,MB,2000,4065.649,37215.05,18291.05,4019,27239,15905,7,62,31,9,58,34
717,MB,2000,41777.344,40160.024,11750.127,29990.225,31937.694,5218.083,45,43,13,45,48,8
718,MB,2000,0,2533.7,0,0,10135,0,0,100,0,0,100,0
720,MB,2000,0,0,2004.6,0,0,5727,0,0,100,0,0,100
723,MB,2000,104,26193.251,3330.7,309,108201.002,4115,0,88,11,0,96,4
724,MB,2000,2514.53,24665.814,126124.304,7604.801,24946.824,81069.375,2,16,82,7,22,71
726,MB,2000,46095.713,0,1564.237,75444.26,0,986.738,97,0,3,99,0,1
727,AB,2000,23293.052,161515.331,126856.535,22569.353,122964.971,65134.53,7,52,41,11,58,31
728,AB,2000,3679.445,186609.184,3641.824,2406.667,56382.157,612.626,2,96,2,4,95,1
729,AB,2000,34939.107,109612.273,0,22454.541,43060.582,0,24,76,0,34,66,0
729,SK,2000,24862.211,409575.794,0,8972.234,131914.767,0,6,94,0,6,94,0
730,AB,2000,45311.008,408061.068,11707.778,27230.73,195384.426,6081.111,10,88,3,12,85,3
731,AB,2000,20391.424,426724.378,0,16166.776,183548.433,0,5,95,0,8,92,0
732,AB,2000,0,12394.8,0,0,20822.4,0,0,100,0,0,100,0
733,SK,2000,30916.261,158062.159,10061.573,5949.803,67424.421,1335.427,16,79,5,8,90,2
734,SK,2000,38100.94,13726.057,0,18928.562,2712.438,0,74,26,0,87,13,0
735,SK,2000,4178.505,166673.494,0,6428.801,39103.198,0,2,98,0,14,86,0
736,SK,2000,41353.914,231254.595,8135.502,10621.177,47678.197,884.625,15,82,3,18,81,1
737,AB,2000,17155.9,89131.75,11444.2,17855.9,99818.051,13109.9,15,76,10,14,76,10
738,AB,2000,7764.41,129525.7,0,6239.85,27475.77,0,6,94,0,19,81,0
739,AB,2000,107514.303,8024.4,0,81532.356,9950.4,0,93,7,0,89,11,0
739,SK,2000,45112.706,4301.292,0,23992.976,2109.027,0,91,9,0,92,8,0
740,AB,2000,13656.4,140827.2,0,13326.4,86151.2,0,9,91,0,13,87,0
741,SK,2000,4449.16,161829.134,1445.704,327.104,13899.088,67.808,3,96,1,2,97,0
742,SK,2000,31707.206,11890.794,0,12897.889,395.112,0,73,27,0,97,3,0
743,AB,2000,2284.2,86424.703,0,497.7,33684.261,0,3,97,0,1,99,0
743,SK,2000,4527.589,7365.335,2730.074,1120.807,2935.685,1139.26,31,50,19,22,57,22
744,AB,2000,0,174162.47,14878.08,0,90000.08,2836.32,0,92,8,0,97,3
745,SK,2000,29482.567,755572.153,3205.286,7911.915,105815.841,699.238,4,96,0,7,92,1
746,AB,2000,0,132061.4,0,0,104927.5,0,0,100,0,0,100,0
747,SK,2000,28317.101,44153.9,0,19157.672,8520.328,0,39,61,0,69,31,0
748,SK,2000,6659.614,695735.448,886.946,2021.578,123963.771,101.807,1,99,0,2,98,0
749,SK,2000,17388.27,372366.736,0,4117.461,88330.06,0,4,96,0,4,96,0
750,AB,2000,0,55031.18,12204.62,0,108026.71,27379.29,0,82,18,0,80,20
751,MB,2000,12827.187,37147.163,0,11830.113,21350.682,95.12,26,74,0,36,64,0
751,SK,2000,15479.21,14150.64,0,8110.088,7974.914,0,52,48,0,50,50,0
752,MB,2000,0,116996.473,1602.528,0,44936.539,640.462,0,99,1,0,99,1
752,SK,2000,15782.642,456660.359,0,4970.483,113442.516,0,3,97,0,4,96,0
753,MB,2000,3492.565,455338.693,6346.74,2211.279,156254.46,2923.26,1,98,1,1,97,2
754,SK,2000,3281.767,173313.533,61986.701,2700.706,23894.312,7790.981,1,73,26,8,69,23
755,SK,2000,2610.359,198265.641,0,365.218,37816.784,0,1,99,0,1,99,0
756,SK,2000,6854.221,359508.78,0,847.408,95326.593,0,2,98,0,1,99,0
757,MB,2000,65001.36,25401.642,1572.65,41228.869,8503.131,0,71,28,2,83,17,0
758,MB,2000,42842.375,122130.121,8630.91,25987.632,39603.061,9621.582,25,70,5,35,53,13
759,MB,2000,4824.551,34210.449,0,6851.504,14067.494,0,12,88,0,33,67,0
760,MB,2000,0,87416,0,3158.514,22101.486,0,0,100,0,13,87,0
760,SK,2000,5840.07,384070.929,0,7075.048,104081.95,0,1,99,0,6,94,0
761,SK,2000,0,17702,2227,0,8964,1235,0,89,11,0,88,12
762,SK,2000,31757.421,83970.579,0,9776.248,25489.294,0,27,73,0,28,72,0
763,MB,2000,91444.048,57877.038,5071.913,68717.612,30507.356,7566.032,59,37,3,64,29,7
763,SK,2000,41558.434,15418.565,0,13388.292,5022.707,0,73,27,0,73,27,0
764,MB,2000,0,73209.004,0,1535.315,27015.689,0,0,100,0,5,95,0
765,MB,2000,3786.035,347192.966,0,7332.702,87942.86,1064.186,1,99,0,8,91,1
766,MB,2000,1075.421,184775.586,0,681.855,49576.142,0,1,99,0,1,99,0
767,SK,2000,4058.199,450745.697,47532.099,456.647,39974.957,4648.399,1,90,9,1,89,10
768,SK,2000,0,43409,0,0,8116.001,0,0,100,0,0,100,0
769,AB,2000,0,101394.7,0,0,63192.5,0,0,100,0,0,100,0
770,SK,2000,71089.159,234369.978,8725.868,23030.975,36753.793,1599.231,23,75,3,38,60,3
771,AB,2000,15194.206,84097.116,228.6,7277.067,41056.682,102.8,15,85,0,15,85,0
771,SK,2000,0,50239.219,1653.779,528.338,10076.806,423.854,0,97,3,5,91,4
772,SK,2000,14390.762,30437.234,0,10865.791,1587.205,0,32,68,0,87,13,0
773,SK,2000,12785.105,277880.856,32190.046,2065.155,27539.26,4113.589,4,86,10,6,82,12
774,SK,2000,0,69878.002,0,0,5111.003,0,0,100,0,0,100,0
775,SK,2000,3457.457,74935.545,0,165.479,8535.52,0,4,96,0,2,98,0
776,SK,2000,43870.264,9761.739,0,22586.281,2311.718,0,82,18,0,91,9,0
777,AB,2000,13167.4,2966.4,0,9867.1,2306.4,0,82,18,0,81,19,0
778,SK,2000,22264.343,9379.658,0,2925.521,1232.48,0,70,30,0,70,30,0
779,AB,2000,0,31256.1,0,0,15829.2,0,0,100,0,0,100,0
780,SK,2000,9072.117,54935.416,277671.469,972.065,2574.006,11961.927,3,16,81,6,17,77
781,AB,2000,12658.8,57078.926,150729.572,4690,12275.425,15907.374,6,26,68,14,37,48
782,SK,2000,19067.278,575620.725,0,5095.464,58399.535,0,3,97,0,8,92,0
783,SK,2000,0,291776.002,0,0,31233.998,0,0,100,0,0,100,0
784,SK,2000,12926.141,78739.805,2265.053,3577.883,12903.661,215.453,14,84,2,21,77,1
785,SK,2000,0,84240.313,6463.687,0,10032.329,357.672,0,93,7,0,97,3
786,AB,2000,0,100090.5,22.8,0,30816.25,12.6,0,100,0,0,100,0
787,AB,2000,0,49698.3,0,0,8755.7,0,0,100,0,0,100,0
788,AB,2000,0,49951.4,16965.6,0,12968.2,1621.8,0,75,25,0,89,11
789,SK,2000,17025.736,136420.694,2786.572,9270.781,14768.222,0,11,87,2,39,61,0
790,AB,2000,13949.6,43429.1,0,4651.5,7618.9,0,24,76,0,38,62,0
791,AB,2000,0,198224,0,0,24992,0,0,100,0,0,100,0
792,SK,2000,37838.979,63610.315,643106.71,13784.955,13927.396,20336.653,5,9,86,29,29,42
793,AB,2000,48662.615,353812.365,23188.424,15056.5,112509.542,5694.071,11,83,5,11,84,4
794,SK,2000,0,500380,0,0,43666.999,0,0,100,0,0,100,0
795,SK,2000,0,269574,0,1081.68,30466.321,0,0,100,0,3,97,0
796,SK,2000,16087.007,57741.994,0,6358.72,9688.267,0,22,78,0,40,60,0
797,AB,2000,1969.1,17252.5,65.5,820.4,6919.005,38,10,89,0,11,89,0
798,AB,2000,33389.7,330573.95,30743.4,16984.6,135047.64,13800.76,8,84,8,10,81,8
799,AB,2000,0,65781,0,0,62612,0,0,100,0,0,100,0
800,AB,2000,0,77792.1,75787.85,0,56679.52,42010.69,0,51,49,0,57,43
801,AB,2000,0,39410.35,3208.65,0,42996.55,3759.45,0,92,8,0,92,8
802,AB,2000,0,76990.15,0,710.79,34056.9,0,0,100,0,2,98,0
803,SK,2000,7193.318,108454.691,56276.992,1446.718,9464.063,4126.223,4,63,33,10,63,27
804,AB,2000,13910.26,38562.94,0,9589.86,17885.94,0,27,73,0,35,65,0
805,AB,2000,4768.676,7077.683,4011.642,1164.2,1398.262,792.538,30,45,25,35,42,24
805,SK,2000,4856.985,44209.116,24945.9,867.122,5819.128,3048.755,7,60,34,9,60,31
806,AB,2000,2094.1,67844.69,555.8,1619.4,64141.6,336,3,96,1,2,97,1
807,SK,2000,0,69239.253,9225.742,0,4991.352,496.651,0,88,12,0,91,9
808,SK,2000,3421.011,115584.042,446357.947,275.283,6979.082,22955.641,1,20,79,1,23,76
809,AB,2000,4862.955,109485.295,0,2098.8,28500.35,0,4,96,0,7,93,0
809,SK,2000,4232.958,111059.058,27829.982,598.94,8128.935,942.129,3,78,19,6,84,10
810,SK,2000,0,101886.001,0,0,11448.001,0,0,100,0,0,100,0
811,AB,2000,4509.6,4814.167,35041.632,763.2,621.829,2870.77,10,11,79,18,15,67
811,SK,2000,0,381.545,1017.455,0,33,88,0,27,73,0,27,73
812,AB,2000,24787.801,14914.89,19542.75,30407.9,23580.36,16428.8,42,25,33,43,33,23
813,SK,2000,3438.213,90134.983,41335.799,836.933,11019.1,4053.968,3,67,31,5,69,25
814,AB,2000,1408.95,12040.51,0,746.55,6814.45,0,10,90,0,10,90,0
815,AB,2000,23831.701,15916.31,0,7570.901,8672.716,0,60,40,0,47,53,0
815,SK,2000,23645.444,8949.555,0,1422.419,797.581,0,73,27,0,64,36,0
816,SK,2000,50697.045,350340.043,27048.914,22503.464,55250.913,2449.413,12,82,6,28,69,3
817,SK,2000,0,90955.725,3595.274,0,6899.748,274.253,0,96,4,0,96,4
818,AB,2000,0,29103.9,0,0,19590.65,0,0,100,0,0,100,0
819,SK,2000,22931.646,6541.356,0,3811.849,1082.15,0,78,22,0,78,22,0
820,SK,2000,739.92,178698.913,749.169,0,31238.299,59.7,0,99,0,0,100,0
821,AB,2000,1950.787,87940.356,646.358,660.445,20244.321,489.317,2,97,1,3,95,2
821,SK,2000,712.928,173684.072,0,983.167,29490.834,0,0,100,0,3,97,0
822,SK,2000,6420.034,152021.311,1505.657,1159,28864.503,698.5,4,95,1,4,94,2
823,AB,2000,23408.533,117511.468,0,7600.511,32583.488,0,17,83,0,19,81,0
824,SK,2000,23133.213,69166.483,1387.309,7879.614,19684.383,0,25,74,1,29,71,0
825,SK,2000,270.342,472842.659,0,1089.781,72501.217,0,0,100,0,1,99,0
826,SK,2000,17762.399,646922.149,96786.891,7099.588,96889.913,3701.17,2,85,13,7,90,3
827,SK,2000,30492.881,12891.347,2263.772,19284.435,7199.566,783,67,28,5,71,26,3
828,AB,2000,18862.395,567719.304,0,3084.837,84130.009,0,3,97,0,4,96,0
829,AB,2000,20222.35,10119.65,0,7144.3,3351.7,0,67,33,0,68,32,0
830,SK,2000,17217.587,279952.718,40175.7,3785.407,42472.259,3468.365,5,83,12,8,85,7
831,SK,2000,6364.501,141856.709,1345.788,764.608,17552.391,0,4,95,1,4,96,0
832,SK,2000,15731.498,285005.327,877.174,5185.421,86621.862,738.716,5,94,0,6,94,1
833,AB,2000,105.5,17927.4,31.65,49,5874.6,14.7,1,99,0,1,99,0
833,SK,2000,0,35909.253,23961.746,0,19922.067,12122.931,0,60,40,0,62,38
834,SK,2000,0,63278.678,154989.322,0,7800.89,26240.11,0,29,71,0,23,77
835,SK,2000,0,6318.581,15445.42,0,1595.613,3900.387,0,29,71,0,29,71
836,AB,2000,0,9077,0,0,1711,0,0,100,0,0,100,0
837,AB,2000,0,21393,0,0,8811,0,0,100,0,0,100,0
837,SK,2000,0,13879.305,3210.695,0,9608.448,1365.551,0,81,19,0,88,12
838,AB,2000,844.9,3434.098,0,793.7,2197.301,0,20,80,0,27,73,0
838,SK,2000,0,54730.334,2690.669,0,19272.955,1449.33,0,95,5,0,93,7
839,MB,2000,8084.823,72412.36,8857.816,2825.832,30472.752,3771.417,9,81,10,8,82,10
840,MB,2000,42082.411,11561.545,14280.043,29138.033,13500.712,4864.254,62,17,21,61,28,10
841,MB,2000,19479.519,18578.98,0,2047.224,58976.776,0,51,49,0,3,97,0
843,MB,2000,14510.254,9188.744,0,17612.347,8375.651,0,61,39,0,68,32,0
844,MB,2000,9483.739,36770.435,5528.824,9446.213,32766.957,4755.829,18,71,11,20,70,10
846,MB,2000,0,14598.001,0,0,42756.002,0,0,100,0,0,100,0
847,MB,2000,0,28753.199,20453.5,0,12502.15,4961.85,0,58,42,0,72,28
848,MB,2000,951.685,8869.065,0,608.737,6374.263,0,10,90,0,9,91,0
849,MB,2000,11195.667,40144.556,629830.778,4473.128,19186.189,89097.683,2,6,92,4,17,79
850,MB,2000,121074.118,29339.883,0,72973.941,9430.058,0,80,20,0,89,11,0
851,MB,2000,0,41413.824,33021.178,0,9325.729,7164.271,0,56,44,0,57,43
852,MB,2000,40711.028,95241.448,113302.526,9376.865,9814.181,10687.951,16,38,45,31,33,36
853,MB,2000,0,18004.921,33164.081,0,909.588,1675.411,0,35,65,0,35,65
854,MB,2000,5341.125,68732.874,0,2357,25030.001,0,7,93,0,9,91,0
855,MB,2000,0,10489,0,0,5878,0,0,100,0,0,100,0
940,BC,2000,49,11,0,322,64,0,82,18,0,83,17,0
943,BC,2000,0,4,0,0,2,0,0,100,0,0,100,0
944,BC,2000,152.401,26.203,0.4,782.387,116.411,2.2,85,15,0,87,13,0
948,BC,2000,0,0,0,1,0,0,,,,100,0,0
950,BC,2000,51.98,493.492,0,195.37,1877.631,0,10,90,0,9,91,0
955,BC,2000,42.386,16.314,53.2,264.286,90.714,471,38,15,48,32,11,57
956,BC,2000,907.675,800.121,416.719,4359.476,3915.63,1482.897,43,38,20,45,40,15
957,BC,2000,99.882,51.961,0,439.382,311.619,0,66,34,0,59,41,0
958,BC,2000,8.465,6.535,0,34.965,9.034,0,56,44,0,79,21,0
959,BC,2000,3514.659,18163.231,403.582,4916.319,28887.351,821.176,16,82,2,14,83,2
960,BC,2000,17,0,0,46,0,0,100,0,0,100,0,0
962,BC,2000,0,15,0,0,101,0,0,100,0,0,100,0
969,BC,2000,0,43.49,0,0,228,0,0,100,0,0,100,0
971,BC,2000,78.85,5.15,0,438.9,30.099,0,94,6,0,94,6,0
972,BC,2000,2124.635,1222.729,2254.454,22527.182,11293.19,19659.636,38,22,40,42,21,37
974,BC,2000,213.634,102.767,88.6,2088.077,617.683,858.24,53,25,22,59,17,24
975,BC,2000,10,0,0,721,0,0,100,0,0,100,0,0
976,BC,2000,226.929,441.63,0,4304.818,7846.181,0,34,66,0,35,65,0
977,BC,2000,457.056,577.382,0,6397.197,7772.802,0,44,56,0,45,55,0
978,BC,2000,816.108,1602.202,0,5286.044,12082.959,0,34,66,0,30,70,0
979,BC,2000,2930.469,8126.531,0,19530.638,50932.36,0,27,73,0,28,72,0
980,BC,2000,27.75,7.4,1.85,189,50.4,12.6,75,20,5,75,20,5
981,BC,2000,0,30,12,2,435,159,0,71,29,0,73,27
982,BC,2000,2025.052,1594.689,2384.451,17438.602,18208.242,24500.151,34,27,40,29,30,41
987,BC,2000,3,4,0,103,121,0,43,57,0,46,54,0
988,BC,2000,285.69,125.31,0,1137.705,688.295,0,70,30,0,62,38,0
990,BC,2000,179.325,32.673,0,722.881,72.123,0,85,15,0,91,9,0
991,BC,2000,91.254,3653.953,388.743,356.253,5386.389,1714.359,2,88,9,5,72,23
992,BC,2000,16,44,0,20,55,0,27,73,0,27,73,0
995,BC,2000,31.716,147.281,0,126.641,532.36,0,18,82,0,19,81,0
1001,BC,2000,1252.232,869.802,0,3957.414,2978.585,0,59,41,0,57,43,0
1002,BC,2000,257.9,45.1,0,922,162,0,85,15,0,85,15,0
1003,BC,2000,20,0,0,50,0,0,100,0,0,100,0,0
1004,BC,2000,412.317,1009.054,404.35,3668.333,6972.265,2730.4,23,55,22,27,52,20
1005,BC,2000,2512.863,3695.87,0,12161.558,18667.443,0,40,60,0,39,61,0
1006,BC,2000,2813.346,2771.877,0,23659.306,36590.696,0,50,50,0,39,61,0
1007,BC,2000,2887.673,2720.917,2631.54,5026.954,5099.996,5520.055,35,33,32,32,33,35
1008,BC,2000,1237.185,447.021,271.795,5342.283,2486.586,1479.128,63,23,14,57,27,16
1009,BC,2000,1201.155,297.975,0,2724.091,705.912,0,80,20,0,79,21,0
1010,BC,2000,2177.181,725.952,0,1023.074,955.925,0,75,25,0,52,48,0
1011,BC,2000,725.563,138.413,0,2996.831,627.166,0,84,16,0,83,17,0
1012,BC,2000,105.712,31.286,0,1193.595,211.404,0,77,23,0,85,15,0
1013,BC,2000,293.556,158.222,145.222,2100.723,1287,1261.277,49,27,24,45,28,27
1015,BC,2000,1561.681,1591.312,0,3021.178,2522.824,0,50,50,0,54,46,0
1016,AB,2000,1600.5,1877.5,0,2703,3530,0,46,54,0,43,57,0
1017,BC,2000,79.802,51.2,0,647.199,492.8,0,61,39,0,57,43,0
1018,AB,2000,373.9,13871.5,262.2,575.15,23967.65,302.9,3,96,2,2,96,1
9593,AB,2000,0,10737.6,42950.4,0,6691.8,26767.2,0,20,80,0,20,80
9607,AB,2000,0,0,571,0,0,289,0,0,100,0,0,100
9609,AB,2000,617.083,3520.947,2217.95,1283.5,8792.6,4220.9,10,55,35,9,61,30
9687,AB,2000,6586.928,117231.502,0,6607.778,118007.174,0,5,95,0,5,95,0
9787,AB,2000,0,81213.34,0,0,14891.27,0,0,100,0,0,100,0
244,AB,2001,0,0,1501,0,0,1038,0,0,100,0,0,100
244,BC,2001,0,28.001,9,0,304,69,0,76,24,0,82,18
252,BC,2001,0,35,0,0,191,0,0,100,0,0,100,0
371,MB,2001,0,0,115,0,0,82,0,0,100,0,0,100
374,ON,2001,11,0,0,211,0,0,100,0,0,100,0,0
375,MB,2001,1497.831,15124.868,38235.721,2673.43,10976.819,20889.401,3,28,70,8,32,60
376,MB,2001,0,20,0,0,35,0,0,100,0,0,100,0
378,ON,2001,71,709,0,467,6828,0,9,91,0,6,94,0
379,MB,2001,1164.189,853.212,0,1895.608,1385.393,0,58,42,0,58,42,0
380,MB,2001,1721.684,163.123,1704.493,4562.095,1763.839,3357.066,48,5,47,47,18,35
381,ON,2001,0,2064,0,0,44260,0,0,100,0,0,100,0
383,ON,2001,281,2521,0,1711.429,11702.571,0,10,90,0,13,87,0
386,ON,2001,62,0,0,653,0,0,100,0,0,100,0,0
391,ON,2001,19,0,0,194,0,0,100,0,0,100,0,0
400,ON,2001,0,0,559,0,0,3157,0,0,100,0,0,100
401,ON,2001,136.062,797.104,1449.834,1154.593,3656.564,15158.844,6,33,61,6,18,76
401,QC,2001,1173,46,14793.231,7014,261,80328.129,7,0,92,8,0,92
402,ON,2001,0,121,0,0,796,0,0,100,0,0,100,0
407,ON,2001,224.619,0,138.382,1710.448,0,919.552,62,0,38,65,0,35
408,ON,2001,0,17262,0,0,40069,0,0,100,0,0,100,0
408,QC,2001,1526.544,764.339,9522.857,4098.956,2848.889,26636.83,13,6,81,12,8,79
409,ON,2001,63,528.002,0,720,5663,0,11,89,0,11,89,0
410,ON,2001,74.4,120.6,0,283.5,985.5,0,38,62,0,22,78,0
411,ON,2001,4406.67,2184.33,0,30443.811,9007.191,0,67,33,0,77,23,0
412,ON,2001,0,186.4,745.6,0,2008,8032,0,20,80,0,20,80
413,ON,2001,4683.067,1101.816,281.159,57481.373,8709.317,1785.511,77,18,5,85,13,3
415,QC,2001,524.22,0,0,1871,0,0,100,0,0,100,0,0
418,QC,2001,9708.08,673.7,854,18510.001,2572,2176,86,6,8,80,11,9
419,QC,2001,182,0,0,574,0,0,100,0,0,100,0,0
421,QC,2001,762.66,0,0,3704,0,0,100,0,0,100,0,0
422,QC,2001,48,0,0,359,0,0,100,0,0,100,0,0
423,QC,2001,959.66,637,0,5972,4311,0,60,40,0,58,42,0
424,QC,2001,1761,1075,1316,4370,4307.099,754.9,42,26,32,46,46,8
425,QC,2001,7615.079,2934.099,6491.981,40404.999,24474.031,26139.769,45,17,38,44,27,29
426,QC,2001,3566,345,0,6336,768,0,91,9,0,89,11,0
431,QC,2001,7,0,0,41,0,0,100,0,0,100,0,0
438,QC,2001,406.42,0,0,681,0,0,100,0,0,100,0,0
439,QC,2001,90,0,0,542,0,0,100,0,0,100,0,0
440,QC,2001,311,0,0,815,0,0,100,0,0,100,0,0
441,QC,2001,26623.35,32446.047,4285.46,29208.92,46050.668,5197.911,42,51,7,36,57,6
455,NF,2001,36.11,0,0,267,0,0,100,0,0,100,0,0
458,NF,2001,16,121.37,0,132,1067,0,12,88,0,11,89,0
460,NF,2001,0,8.999,0,0,68,0,0,100,0,0,100,0
461,NF,2001,0,267.669,0,0,954,0,0,100,0,0,100,0
462,NF,2001,0,13.001,0,0,103,0,0,100,0,0,100,0
463,NF,2001,0,92.001,0,0,1025.001,0,0,100,0,0,100,0
466,NF,2001,22,206.552,0,65,1161.999,0,10,90,0,5,95,0
468,NF,2001,0,20.8,0,0,211,0,0,100,0,0,100,0
471,NF,2001,38,119.039,0,211,597,0,24,76,0,26,74,0
475,NF,2001,0,413.68,0,0,2368,0,0,100,0,0,100,0
477,NF,2001,10.67,0,0,170,0,0,100,0,0,100,0,0
478,QC,2001,997,1252.599,0,3158,3897.8,0,44,56,0,45,55,0
479,QC,2001,5412.656,31312.784,5507.12,13627.511,81226.184,10249.3,13,74,13,13,77,10
481,QC,2001,0,5904,0,0,10421,0,0,100,0,0,100,0
482,QC,2001,14411.46,15562.439,0,80520,69848.799,0,48,52,0,54,46,0
483,QC,2001,10133.3,26902.5,607.2,47722.325,72580.776,1697.901,27,71,2,39,59,1
484,NB,2001,0,138,0,0,442,0,0,100,0,0,100,0
484,QC,2001,368,3366.97,0,1660,7987,0,10,90,0,17,83,0
485,NB,2001,351.4,409.6,0,1454.2,1175.8,0,46,54,0,55,45,0
486,NB,2001,854.6,6235.4,0,528.09,5192.91,0,12,88,0,9,91,0
487,NB,2001,310.438,590.561,0,1185.316,2873.684,0,34,66,0,29,71,0
487,QC,2001,32.356,1692.644,0,72.676,4027.322,0,2,98,0,2,98,0
488,NB,2001,37.333,360.667,0,93.333,886.667,0,9,91,0,10,90,0
489,NB,2001,198,927,0,450,1487,0,18,82,0,23,77,0
490,NB,2001,300,715,0,993.278,900.722,0,30,70,0,52,48,0
493,NB,2001,1581.981,18779.504,1198.516,2028.399,15000.247,666.355,7,87,6,11,85,4
494,NB,2001,0,15077.998,0,0,14549.001,0,0,100,0,0,100,0
495,NB,2001,207.5,503.5,0,1287.49,2308.51,0,29,71,0,36,64,0
496,NB,2001,2400.603,409.6,193.8,18176.741,3214.66,1577.6,80,14,6,79,14,7
497,NB,2001,109.5,581.5,0,1057.798,2943.202,0,16,84,0,26,74,0
498,NB,2001,315,0,0,1851,0,0,100,0,0,100,0,0
499,NB,2001,418.36,237.29,12.35,1523.76,2914.09,85.15,63,36,2,34,64,2
500,NB,2001,4434.96,124.042,194,11563.543,267.859,880.6,93,3,4,91,2,7
501,NB,2001,611.65,1370.35,0,1656.437,3941.564,0,31,69,0,30,70,0
502,NB,2001,459.128,756.871,0,1287.899,3077.103,0,38,62,0,30,70,0
503,NB,2001,1485.389,1596.611,18,9344.999,14312.005,132,48,52,1,39,60,1
504,NB,2001,1060,480,0,7540.999,290,0,69,31,0,96,4,0
504,NS,2001,4776.639,1675.862,0,21543.382,8304.621,0,74,26,0,72,28,0
505,NB,2001,266,766,0,1010,5097,0,26,74,0,17,83,0
506,NB,2001,25,408,0,801.96,1658.04,0,6,94,0,33,67,0
507,NB,2001,176.001,1105,0,1855,7230.5,0,14,86,0,20,80,0
507,NS,2001,4138.888,1954.791,0,8211.311,4572.811,0,68,32,0,64,36,0
508,NB,2001,287.001,0,0,1000.999,0,0,100,0,0,100,0,0
509,NS,2001,306,1919.998,0,597,4014.999,0,14,86,0,13,87,0
510,NS,2001,132.9,79.75,0,202,198,0,62,38,0,51,50,0
511,NS,2001,0,101.998,0,0,123,0,0,100,0,0,100,0
512,NS,2001,0,2551.522,0,0,4460,0,0,100,0,0,100,0
513,NS,2001,156.805,414.774,0,392.966,1265.033,0,27,73,0,24,76,0
514,NS,2001,8.69,0,0,25,0,0,100,0,0,100,0,0
516,NS,2001,383.613,908.298,0,1782.609,2285.39,0,30,70,0,44,56,0
517,NS,2001,683.12,4705.714,0,3232.845,23486.157,0,13,87,0,12,88,0
518,NS,2001,10014.105,5022.59,0,15089.339,11763.213,0,67,33,0,56,44,0
519,NS,2001,0,314,0,0,856,0,0,100,0,0,100,0
520,NS,2001,10.583,396.416,0,84.167,2392.833,0,3,97,0,3,97,0
521,NS,2001,0,24,0,0,796,0,0,100,0,0,100,0
522,NS,2001,131.238,420.679,0,930.61,3521.393,0,24,76,0,21,79,0
523,NS,2001,208.687,981.84,0,740.289,3945.711,0,18,82,0,16,84,0
524,NS,2001,2,32,0,233,108,0,6,94,0,68,32,0
525,NS,2001,544.525,1947.14,0,1803.867,6955.136,0,22,78,0,21,79,0
527,NS,2001,82.6,915.396,0,233.305,2150.698,0,8,92,0,10,90,0
528,NS,2001,1716.245,1436.537,0,1648.653,1626.346,0,54,46,0,50,50,0
529,NS,2001,0,617.002,0,0,568,0,0,100,0,0,100,0
530,NS,2001,37.333,1437.671,0,98,1661,0,3,97,0,6,94,0
531,NS,2001,574.033,1963.25,0,799.671,3968.33,0,23,77,0,17,83,0
534,PE,2001,17288.507,5136.496,0,15657.158,4212.843,0,77,23,0,79,21,0
535,PE,2001,20232,0,0,14467,0,0,100,0,0,100,0,0
536,PE,2001,43022.003,2391,0,39898.833,2458.167,0,95,5,0,94,6,0
537,PE,2001,20979.556,513.446,0,25970.887,629.112,0,98,2,0,98,2,0
538,PE,2001,6233,0,0,3981,0,0,100,0,0,100,0,0
539,QC,2001,39,398.21,70.98,182.664,754.336,240,8,78,14,16,64,20
540,QC,2001,181049.666,98505.376,73948.383,211902.074,76168.63,71335.902,51,28,21,59,21,20
541,ON,2001,0,13498.85,2262.15,1531.266,4451.486,1383.25,0,86,14,21,60,19
541,QC,2001,140129.978,41218.942,271353.5,61348.782,16496.363,93845.854,31,9,60,36,10,55
542,ON,2001,0,644.882,11485.437,3483.561,2455.955,41851.483,0,5,95,7,5,88
543,ON,2001,5252,30157.684,12232.786,9269.021,29608.466,14601.914,11,63,26,17,55,27
543,QC,2001,0,203,953,0,883,3046.4,0,18,82,0,22,78
544,ON,2001,2255.45,52138.823,13314.929,5517.784,35008.859,8304.361,3,77,20,11,72,17
545,ON,2001,2901.71,11950.62,10326.973,8090.441,10994.067,13877.494,12,47,41,25,33,42
546,ON,2001,0,30314.676,6589.288,0,39047.287,9113.711,0,82,18,0,81,19
546,QC,2001,0,257,0,0,402,0,0,100,0,0,100,0
547,ON,2001,4458.832,18932.414,13861.338,18846.694,31629.655,36255.943,12,51,37,22,36,42
548,QC,2001,366.96,0,0,387,0,0,100,0,0,100,0,0
549,ON,2001,0,533.732,4519.388,0,1429.37,16695.632,0,11,89,0,8,92
550,ON,2001,992.979,3426.279,1398.824,7193.225,38805.41,9758.405,17,59,24,13,70,18
551,ON,2001,26479.971,59588.749,40204.683,51755.748,57386.016,75723.238,21,47,32,28,31,41
552,ON,2001,23105.908,3777.83,0,77702.371,27092.462,0,86,14,0,74,26,0
553,ON,2001,57618.308,94785.707,16696.197,66861.316,83622.09,19568.736,34,56,10,39,49,12
554,ON,2001,14485.879,3227.301,0,43402.757,5987.244,0,82,18,0,88,12,0
555,ON,2001,7621.748,5111.8,15124.24,18001.484,24151.986,33157.007,27,18,54,24,32,44
556,ON,2001,19851.072,90927.544,1834.863,45136.595,108097.212,2337.187,18,81,2,29,69,2
557,ON,2001,10097.575,270445.264,0,4485.25,99511.749,0,4,96,0,4,96,0
558,ON,2001,14608.206,207181.868,804.131,17657.203,105533.31,376.49,7,93,0,14,85,0
559,ON,2001,0,310.4,0,0,0,0,0,100,0,,,
560,ON,2001,23731.035,59846.026,0,15505.091,28731.911,0,28,72,0,35,65,0
561,ON,2001,713.712,21124.682,2480,445.312,9920.673,1139.889,3,87,10,4,86,10
562,ON,2001,0,24786.336,11498.666,0,15505.778,8030.222,0,68,32,0,66,34
563,ON,2001,0,115,0,0,180,0,0,100,0,0,100,0
564,ON,2001,10777.962,63764.003,20641.555,14221.703,27884.165,14844.714,11,67,22,25,49,26
565,ON,2001,90841.128,208563.38,85818.492,15647.594,45983.798,15057.608,24,54,22,20,60,20
566,ON,2001,184.75,11458.198,8063.45,139.25,4356.751,3449.2,1,58,41,2,55,43
567,ON,2001,7050.556,160644.216,19810.228,2116.945,45207.137,6003.921,4,86,11,4,85,11
568,ON,2001,77140.951,8985.248,294.8,15747.063,1791.436,56.5,89,10,0,89,10,0
569,ON,2001,3487.179,24549.026,81124.801,1161.194,11432.724,47272.08,3,22,74,2,19,79
570,ON,2001,11117.117,222281.784,54528.502,1080.159,30051.984,6818.859,4,77,19,3,79,18
571,ON,2001,9944.222,2058.333,2744.444,1609.778,254.667,339.555,67,14,19,73,12,15
572,ON,2001,3298.379,15755.933,3367.552,641.662,2433.813,857.524,15,70,15,16,62,22
581,BC,2001,70,2225.08,0,206,6593,0,3,97,0,3,97,0
583,AB,2001,0,48.578,72.421,0,85.632,128.368,0,40,60,0,40,60
583,BC,2001,0,3061.211,1078.129,0,8252.778,1861.223,0,74,26,0,82,18
584,AB,2001,0,0,956,0,0,1703,0,0,100,0,0,100
585,BC,2001,625.167,21066.105,0.312,2168.5,65181.874,1.625,3,97,0,3,97,0
586,AB,2001,7450.895,61912.372,27209.633,4885.176,26917.208,16906.614,8,64,28,10,55,35
587,AB,2001,19455.329,1126.35,0,10185.299,696.45,0,95,5,0,94,6,0
588,AB,2001,3255.342,8110.212,80787.536,4165.379,8558.159,53495.361,4,9,88,6,13,81
589,AB,2001,701.652,2280.368,0,302.588,983.412,0,24,76,0,24,76,0
590,AB,2001,0,20227.973,36706.406,0,14603.866,47320.134,0,36,64,0,24,76
591,AB,2001,219,2056.335,100263.834,273.1,1849,107438.999,0,2,98,0,2,98
591,BC,2001,13814.404,61682.681,15264.884,35218.82,155600.725,28520.154,15,68,17,16,71,13
592,AB,2001,887.594,17201.419,83798.449,1123.412,24070.502,91311.084,1,17,82,1,21,78
593,AB,2001,0,5883.912,75296.088,0,3861.588,50264.41,0,7,93,0,7,93
594,AB,2001,0,0,41378.999,0,0,52784,0,0,100,0,0,100
595,AB,2001,0,3305.411,66465.588,0,1541.882,40934.118,0,5,95,0,4,96
596,AB,2001,7344.735,38110.52,44634.933,4726.179,24380.805,28448.615,8,42,50,8,42,49
597,AB,2001,1182.6,14775.399,23039,1723.6,20996.6,26811.999,3,38,59,3,42,54
598,AB,2001,0,1322.3,68890.696,0,1188.6,70776.399,0,2,98,0,2,98
599,AB,2001,0,5745,56910.001,0,4076,43127,0,9,91,0,9,91
600,AB,2001,1627.033,184.293,1323.333,2797.571,456.529,3398,52,6,42,42,7,51
609,AB,2001,0,0,223,0,0,521,0,0,100,0,0,100
610,AB,2001,834.517,8153.769,19044.343,781.989,17580.249,50884.761,3,29,68,1,25,73
610,BC,2001,0,0,0,0,2,0,,,,0,100,0
611,AB,2001,164.75,860.85,2921.4,173.25,1137.6,4203.15,4,22,74,3,21,76
612,AB,2001,0,4262.633,1104.027,0,11821.231,3182.77,0,79,21,0,79,21
615,AB,2001,2768.683,10077.918,0,6645.161,21583.59,0,22,78,0,24,76,0
616,AB,2001,10793.224,2608.536,0,11593.036,5748.964,0,81,19,0,67,33,0
617,AB,2001,1101.142,3351.857,1029,2893.142,7321.857,2180,20,61,19,23,59,18
618,AB,2001,1121.956,7904.409,669.56,1210.051,7411.294,1104.75,12,82,7,12,76,11
618,BC,2001,300.274,3861.437,985.548,1320.95,16404.613,4597.437,6,75,19,6,73,21
619,AB,2001,0,468,0,0,768,0,0,100,0,0,100,0
622,AB,2001,1948.007,6471.952,0,6446.839,22438.162,0,23,77,0,22,78,0
623,AB,2001,2494.386,12821.496,2270.856,10167.024,50084.333,13695.646,14,73,13,14,68,19
625,AB,2001,19.666,39.333,0,98.667,197.333,0,33,67,0,33,67,0
626,AB,2001,0,929.001,0,0,4286,0,0,100,0,0,100,0
629,AB,2001,230.2,2299.45,536.242,668.7,9455.421,2267.778,8,75,17,5,76,18
630,AB,2001,80.625,2484.604,55.112,276.375,23286.626,186,3,95,2,1,98,1
631,AB,2001,0,1482.1,148.9,0,4750.5,482.5,0,91,9,0,91,9
647,SK,2001,1089.237,217.763,0,2241.329,462.671,0,83,17,0,83,17,0
650,AB,2001,115.107,2444.671,330.97,1056.5,10292.869,1124.632,4,85,11,8,83,9
652,SK,2001,44.118,342.881,0,82.368,640.632,0,11,89,0,11,89,0
657,SK,2001,361.237,3523.265,0,544.065,6853.934,0,9,91,0,7,93,0
658,SK,2001,1578.01,802.94,0,553.572,281.428,0,66,34,0,66,34,0
660,SK,2001,810.062,11726.688,0,1201.984,15460.015,0,6,94,0,7,93,0
661,SK,2001,43.006,3386.994,0,78.272,6748.728,0,1,99,0,1,99,0
662,SK,2001,68.8,275.2,0,25.4,101.6,0,20,80,0,20,80,0
667,MB,2001,0,273,0,0,422,0,0,100,0,0,100,0
669,MB,2001,0,16000.849,0,0,14393,0,0,100,0,0,100,0
669,SK,2001,0,0,897,0,0,411,0,0,100,0,0,100
672,SK,2001,6384.629,4908.516,355.405,4930.401,3257.862,237.735,55,42,3,59,39,3
677,MB,2001,0,0,3896,0,0,5488,0,0,100,0,0,100
678,AB,2001,4043.84,84563.73,4069.451,8089.077,166969.078,7547.471,4,91,4,4,91,4
679,AB,2001,0,11228.77,0,0,32388,0,0,100,0,0,100,0
680,AB,2001,3601.859,59102.661,0,7602.791,118146.999,0,6,94,0,6,94,0
680,SK,2001,1694.682,23291.267,0,4678.501,39003.499,0,7,93,0,11,89,0
681,AB,2001,2706.2,73854.34,20502.41,2623.53,58413.421,14048.44,3,76,21,3,78,19
682,SK,2001,4539.841,5497.209,3430.801,7579.633,12856.908,2050.46,34,41,25,34,57,9
683,AB,2001,40865.77,19095.999,0,38548,9601,0,68,32,0,80,20,0
684,AB,2001,362.294,60287.933,18919.489,1665.784,171492.278,66593.138,0,76,24,1,72,28
685,SK,2001,931.465,25594.085,13421,1202.188,35677.733,11787.082,2,64,34,2,73,24
686,AB,2001,0,10588.39,0,0,21739,0,0,100,0,0,100,0
686,SK,2001,54.162,1918.837,0,157.429,5579.569,0,3,97,0,3,97,0
687,AB,2001,2740.5,9515.7,0,4528.818,14180.351,0,22,78,0,24,76,0
687,SK,2001,9508.134,95526.866,0,10100.216,79715.782,0,9,91,0,11,89,0
688,AB,2001,0,59483.501,0,0,58208.601,0,0,100,0,0,100,0
689,SK,2001,3047.616,44769.893,0,4713.836,25351.166,0,6,94,0,16,84,0
690,SK,2001,3627.751,42073.645,0,3713.594,37191.407,0,8,92,0,9,91,0
691,SK,2001,16237.034,1554.268,0,7753.62,255.385,0,91,9,0,97,3,0
692,AB,2001,25.813,20141.801,6841.91,186.48,89707.16,41997.177,0,75,25,0,68,32
693,SK,2001,11145.794,112741.205,0,11890.209,28434.792,0,9,91,0,29,71,0
694,SK,2001,38633.532,40514.788,20181.684,14056.932,11042.601,5003.468,39,41,20,47,37,17
695,SK,2001,29144.382,15968.618,0,21719.984,13645.015,0,65,35,0,61,39,0
696,SK,2001,68105.133,94998.81,0,38964.624,37323.373,0,42,58,0,51,49,0
697,SK,2001,0,7627.911,41057.087,0,3013.682,16258.316,0,16,84,0,16,84
698,SK,2001,31176.253,21821.245,0,8564.598,8038.401,0,59,41,0,52,48,0
699,SK,2001,0,34633,0,0,25783,0,0,100,0,0,100,0
700,SK,2001,0,9845.914,30776.135,0,7491.88,11137.12,0,24,76,0,40,60
701,SK,2001,60910.609,14828.794,0,37459.677,4601.327,0,80,20,0,89,11,0
702,SK,2001,8381.982,194506.212,18415.805,3903.231,28370.676,528.087,4,88,8,12,86,2
703,AB,2001,0,44038.42,670.159,0,135899.089,2138.98,0,99,1,0,98,2
704,SK,2001,989.181,58116.176,21513.941,809.301,28643.145,8602.554,1,72,27,2,75,23
705,SK,2001,0,61373.836,219270.163,0,27024.716,13283.285,0,22,78,0,67,33
706,SK,2001,3680.087,112043.911,0,499.645,23156.354,0,3,97,0,2,98,0
707,SK,2001,12894.892,163822.291,1789.921,19623.554,58544.041,698.398,7,92,1,25,74,1
708,AB,2001,1314.9,44266.693,0,4367.7,138753.951,0,3,97,0,3,97,0
709,MB,2001,4055.929,140414.641,13091.28,4264.076,83628.1,4864.825,3,89,8,5,90,5
709,SK,2001,26828.99,173623.33,12009.679,14829.655,67550.623,3061.072,13,82,6,17,79,4
710,SK,2001,1417.164,15788.137,0,1366.692,21334.309,0,8,92,0,6,94,0
711,SK,2001,238.319,19362.632,0,1557.393,24344.607,0,1,99,0,6,94,0
714,MB,2001,0,1507,0,0,1784,0,0,100,0,0,100,0
714,SK,2001,0,49960.225,4659.226,0,42806.414,3511.583,0,91,9,0,92,8
715,MB,2001,754.732,16003.137,10517.23,1391.938,12355.148,11112.914,3,59,39,6,50,45
715,SK,2001,0,8981.013,2554.987,0,5286.484,1310.516,0,78,22,0,80,20
716,MB,2001,4013.65,36952.05,18248.05,4072.999,27521.5,15956.5,7,62,31,9,58,34
717,MB,2001,40807.536,39261.12,11501.837,30978.714,32851.913,5466.372,45,43,13,45,47,8
718,MB,2001,0,2355.7,0,0,10324,0,0,100,0,0,100,0
720,MB,2001,0,0,1868.6,0,0,5867,0,0,100,0,0,100
723,MB,2001,109,25457.251,3198.7,306,109003.998,4250,0,89,11,0,96,4
724,MB,2001,2500.749,24381.97,125866.925,7620.022,25233.795,81337.185,2,16,82,7,22,71
726,MB,2001,44913.534,0,1548.418,76684.62,0,1003.379,97,0,3,99,0,1
727,AB,2001,22833.994,159589.212,126115.475,23028.883,124890.603,65877.341,7,52,41,11,58,31
728,AB,2001,3584.167,184312.575,3595.058,2501.944,58677.914,659.391,2,96,2,4,95,1
729,AB,2001,34071.533,107944.548,0,23321.765,44727.612,0,24,76,0,34,66,0
729,SK,2001,24235.968,405157.03,0,9598.522,136340.476,0,6,94,0,7,93,0
730,AB,2001,44771.794,400918.015,11407.778,27770.079,202527.33,6381.111,10,88,2,12,86,3
731,AB,2001,20150.547,422764.743,0,16409.053,187508.517,0,5,95,0,8,92,0
732,AB,2001,0,12387.6,0,0,20831.4,0,0,100,0,0,100,0
733,SK,2001,30554.827,155577.807,9988.361,6311.488,69889.523,1408.639,16,79,5,8,90,2
734,SK,2001,37448.301,13642.696,0,19581.886,2796.116,0,73,27,0,88,12,0
735,SK,2001,4098.188,164413.809,0,6509.033,41363.969,0,2,98,0,14,86,0
736,SK,2001,41025.844,230159,8092.158,10947.639,48780.902,928.463,15,82,3,18,80,2
737,AB,2001,16728.1,86725.45,10969.6,18284.5,102225.5,13583.3,15,76,10,14,76,10
738,AB,2001,7556.16,128741.01,0,6448.1,28263.01,0,6,94,0,19,81,0
739,AB,2001,106604.367,7276.5,0,82443.242,10698.3,0,94,6,0,89,11,0
739,SK,2001,44416.738,4274.263,0,24687.945,2136.056,0,91,9,0,92,8,0
740,AB,2001,13569,139503.4,0,13414.5,87478.1,0,9,91,0,13,87,0
741,SK,2001,4436.331,161401.919,1440.752,340.863,14336.377,72.76,3,96,1,2,97,0
742,SK,2001,31672.842,11895.158,0,12932.25,390.749,0,73,27,0,97,3,0
743,AB,2001,2265.3,86640.392,0,516.6,33469.523,0,3,97,0,2,98,0
743,SK,2001,4453.66,7266.307,2693.036,1194.738,3034.716,1176.296,31,50,19,22,56,22
744,AB,2001,0,172214.19,14797.76,0,91949.21,2916.64,0,92,8,0,97,3
745,SK,2001,29337.092,752090.227,3180.68,8059.887,109143.266,723.844,4,96,0,7,93,1
746,AB,2001,0,125834.15,0,0,111150,0,0,100,0,0,100,0
747,SK,2001,27607.089,43739.912,0,19871.503,8946.495,0,39,61,0,69,31,0
748,SK,2001,6606.754,690173.726,891.524,2074.437,129564.272,97.289,1,99,0,2,98,0
749,SK,2001,16874.152,367085.849,0,4631.657,93611.537,0,4,96,0,5,95,0
750,AB,2001,0,53328.52,11067.28,0,109709.98,28510.62,0,83,17,0,79,21
751,MB,2001,12737.404,36556.947,0,11919.315,21942.628,95.206,26,74,0,35,65,0
751,SK,2001,15388.938,13872.911,0,8199.831,8253.165,0,53,47,0,50,50,0
752,MB,2001,0,114993.248,1577.753,0,46941.235,665.763,0,99,1,0,99,1
752,SK,2001,15620.686,449899.316,0,5129.489,120206.51,0,3,97,0,4,96,0
753,MB,2001,3427.537,450715.186,6224.275,2276.304,160894.969,3045.725,1,98,1,1,97,2
754,SK,2001,3171.982,171876.321,61702.696,2810.929,25375.973,8074.099,1,73,26,8,70,22
755,SK,2001,2578.22,195792.781,0,397.546,40296.453,0,1,99,0,1,99,0
756,SK,2001,6820.217,353634.785,0,881.747,101238.249,0,2,98,0,1,99,0
757,MB,2001,65458.885,25282.114,1572.65,40781.506,8623.495,0,71,27,2,83,17,0
758,MB,2001,41944.596,120433.894,8486.909,26885.353,41302.742,9766.582,25,70,5,34,53,13
759,MB,2001,4821.336,34187.663,0,6855.72,14090.281,0,12,88,0,33,67,0
760,MB,2001,0,86181,0,3158.514,23336.486,0,0,100,0,12,88,0
760,SK,2001,5734.904,378042.096,0,7181.333,110211.67,0,1,99,0,6,94,0
761,SK,2001,0,17371.997,2153,0,9294.003,1310,0,89,11,0,88,12
762,SK,2001,31214.064,82496.935,0,10329.465,26975.076,0,27,73,0,28,72,0
763,MB,2001,89371.289,56759.67,4854.047,70792.814,31625.606,7783.578,59,38,3,64,29,7
763,SK,2001,39939.438,15418.565,0,15007.921,5023.079,0,72,28,0,75,25,0
764,MB,2001,0,72507.001,0,1535.315,27720.688,0,0,100,0,5,95,0
765,MB,2001,3746.954,343040.045,0,7373.036,92098.733,1064.186,1,99,0,7,92,1
766,MB,2001,1070.902,183034.098,0,685.904,51323.097,0,1,99,0,1,99,0
767,SK,2001,4049.228,448711.498,47219.271,465.715,42013.451,4960.834,1,90,9,1,89,10
768,SK,2001,0,42984.999,0,0,8540.998,0,0,100,0,0,100,0
769,AB,2001,0,99090.65,0,0,65502.95,0,0,100,0,0,100,0
770,SK,2001,69925.889,232717.359,8648.756,24198.681,38409.743,1676.569,22,75,3,38,60,3
771,AB,2001,15147.945,82441.374,219.6,7323.328,42713.319,111.8,15,84,0,15,85,0
771,SK,2001,0,49842.664,1640.336,529.113,10472.645,437.24,0,97,3,5,92,4
772,SK,2001,13883.93,30466.069,0,11370.243,1557.754,0,31,69,0,88,12,0
773,SK,2001,12768.82,276747.519,31993.664,2081.527,28676.373,4310.099,4,86,10,6,82,12
774,SK,2001,0,69905.001,0,0,5084.002,0,0,100,0,0,100,0
775,SK,2001,3451.496,74768.504,0,171.611,8704.387,0,4,96,0,2,98,0
776,SK,2001,43374.613,9775.384,0,23079.977,2298.023,0,82,18,0,91,9,0
777,AB,2001,12919.1,2905.5,0,10117.55,2368.05,0,82,18,0,81,19,0
778,SK,2001,22224.944,9363.058,0,2964.217,1248.783,0,70,30,0,70,30,0
779,AB,2001,0,30249.9,0,0,16837.2,0,0,100,0,0,100,0
780,SK,2001,9027.2,54773.523,277014.283,1016.984,2737.47,12622.543,3,16,81,6,17,77
781,AB,2001,12449.92,56280.604,149454.035,4897.76,13072.458,17184.862,6,26,68,14,37,49
782,SK,2001,19044.864,572495.14,0,5117.606,61533.389,0,3,97,0,8,92,0
783,SK,2001,0,289701.004,0,0,33313.001,0,0,100,0,0,100,0
784,SK,2001,12787.845,78118.767,2261.391,3716.748,13525.137,219.115,14,84,2,21,77,1
785,SK,2001,0,83565.362,6430.637,0,10709.033,390.967,0,93,7,0,96,4
786,AB,2001,0,98771.7,23.6,0,32135,11.8,0,100,0,0,100,0
787,AB,2001,0,48937.9,0,0,9515.1,0,0,100,0,0,100,0
788,AB,2001,0,49346,16851,0,13573,1737,0,75,25,0,89,11
789,SK,2001,16981.28,135533.147,2786.572,9316.235,15654.766,0,11,87,2,37,63,0
790,AB,2001,13691.3,43046.7,0,4909.8,8002.3,0,24,76,0,38,62,0
791,AB,2001,0,197174,0,0,26044,0,0,100,0,0,100,0
792,SK,2001,37335.874,63465.4,641655.727,14285.804,14078.392,21789.805,5,9,86,28,28,43
793,AB,2001,47868.499,349085.523,22927.082,15849.467,117227.391,5952.859,11,83,5,11,84,4
794,SK,2001,0,497587.002,0,0,46354.001,0,0,100,0,0,100,0
795,SK,2001,0,268190.998,0,1082.28,31750.72,0,0,100,0,3,97,0
796,SK,2001,15841.895,56971.103,0,6603.998,10459.987,0,22,78,0,39,61,0
797,AB,2001,1962.1,17369,64,827.4,6802.455,39.5,10,90,0,11,89,1
798,AB,2001,33718.6,325964.5,30374.35,16652.6,139593.64,14163.36,9,84,8,10,82,8
799,AB,2001,0,65518,0,0,62876,0,0,100,0,0,100,0
800,AB,2001,0,76455.85,75425.25,0,58016.72,42374.34,0,50,50,0,58,42
801,AB,2001,0,39461.75,3227.25,0,42946.15,3740.85,0,92,8,0,92,8
802,AB,2001,0,77973.5,0,710.79,33073.55,0,0,100,0,2,98,0
803,SK,2001,7130.784,107834.042,56021.178,1509.903,10087.137,4382.956,4,63,33,9,63,27
804,AB,2001,13868.49,37535.16,0,9631.86,18914.34,0,27,73,0,34,66,0
805,AB,2001,4720.729,6984.464,3958.806,1212.147,1491.48,845.374,30,45,25,34,42,24
805,SK,2001,4768.949,43839.66,24691.388,955.158,6189.81,3305.026,7,60,34,9,59,32
806,AB,2001,2031.1,66170.29,545.65,1682.4,65818.3,345.8,3,96,1,2,97,1
807,SK,2001,0,68976.916,9199.08,0,5255.243,523.757,0,88,12,0,91,9
808,SK,2001,3395.163,115348.149,444986.686,301.132,7216.1,24336.769,1,20,79,1,23,76
809,AB,2001,4755.855,108186.395,0,2205.9,29799.2,0,4,96,0,7,93,0
809,SK,2001,4221.013,111190.023,27791.964,611.845,8001.15,982.003,3,78,19,6,83,10
810,SK,2001,0,101049.999,0,0,12286.999,0,0,100,0,0,100,0
811,AB,2001,4473,4777.138,34807.36,800.4,659.158,3104.042,10,11,79,18,14,68
811,SK,2001,0,378.819,1010.182,0,35.727,95.273,0,27,73,0,27,73
812,AB,2001,23757.199,13334.63,19428,31440.574,25160.295,16545.25,42,24,34,43,34,23
813,SK,2001,3416.354,90228.779,41381.865,858.005,10926.455,4008.538,3,67,31,5,69,25
814,AB,2001,1417.5,11915.87,0,737.55,6938.59,0,11,89,0,10,90,0
815,AB,2001,23878.101,15636.485,0,7526.2,8951.841,0,60,40,0,46,54,0
815,SK,2001,23653.359,8952.64,0,1414.502,794.499,0,73,27,0,64,36,0
816,SK,2001,49825.568,347280.891,26813.533,23373.531,58464.194,2685.062,12,82,6,28,69,3
817,SK,2001,0,90264.621,3568.379,0,7590.779,301.221,0,96,4,0,96,4
818,AB,2001,0,28925.9,0,0,19768.45,0,0,100,0,0,100,0
819,SK,2001,22637.064,6457.937,0,4106.203,1165.797,0,78,22,0,78,22,0
820,SK,2001,739.92,177088.91,749.169,0,32847.301,59.7,0,99,0,0,100,0
821,AB,2001,1948.582,87348.277,640.063,661.651,20836.453,495.613,2,97,1,3,95,2
821,SK,2001,691.551,173020.448,0,1004.703,30158.296,0,0,100,0,3,97,0
822,SK,2001,6373.031,150412.838,1479.131,1206,30471.975,725.026,4,95,1,4,94,2
823,AB,2001,23083.733,116413.768,0,7925.533,33681.967,0,17,83,0,19,81,0
824,SK,2001,22834.333,68521.36,1387.309,8178.179,20330.819,0,25,74,1,29,71,0
825,SK,2001,163.288,469077.714,0,1196.837,76266.157,0,0,100,0,2,98,0
826,SK,2001,17426.206,642404.339,96565.898,7436.102,101474.653,3942.914,2,85,13,7,90,3
827,SK,2001,30375.179,12798.049,2267.77,19403.781,7294.219,780,67,28,5,71,27,3
828,AB,2001,18739.333,564970.069,0,3207.789,86878.862,0,3,97,0,4,96,0
829,AB,2001,19881.3,9964.9,0,7485.35,3506.85,0,67,33,0,68,32,0
830,SK,2001,16922.348,276890.379,39960.269,4063.226,45538.631,3684.171,5,83,12,8,85,7
831,SK,2001,6311.171,140690.04,1345.788,817.938,18719.062,0,4,95,1,4,96,0
832,SK,2001,15356.824,278690.983,827.19,5559.923,92936.296,788.626,5,95,0,6,94,1
833,AB,2001,103,17626.8,30.9,51.5,6177,15.45,1,99,0,1,99,0
833,SK,2001,0,35071.217,23437.783,0,20761.357,12647.644,0,60,40,0,62,38
834,SK,2001,0,62841.34,153359.659,0,8238.209,27869.792,0,29,71,0,23,77
835,SK,2001,0,6322.936,15456.065,0,1590.968,3889.033,0,29,71,0,29,71
836,AB,2001,0,8969,0,0,1819,0,0,100,0,0,100,0
837,AB,2001,0,21089,0,0,9115,0,0,100,0,0,100,0
837,SK,2001,0,13720.209,3165.792,0,9766.937,1410.059,0,81,19,0,87,13
838,AB,2001,846.3,3384.702,0,792.3,2245.699,0,20,80,0,26,74,0
838,SK,2001,0,53581.382,2684.622,0,20422.474,1455.807,0,95,5,0,93,7
839,MB,2001,7964.684,71355.603,8728.712,2945.34,31534.447,3901.215,9,81,10,8,82,10
840,MB,2001,40704.89,11388.822,14217.29,30522.202,13682.524,4927.272,61,17,21,62,28,10
841,MB,2001,19448.829,17745.671,0,2079.505,59857.496,0,52,48,0,3,97,0
843,MB,2001,14205.144,9157.855,0,17922.46,8406.541,0,61,39,0,68,32,0
844,MB,2001,9495.608,36124.182,5417.208,9435.813,33418.246,4867.94,19,71,11,20,70,10
846,MB,2001,0,14276.001,0,0,43086.002,0,0,100,0,0,100,0
847,MB,2001,0,28722.651,20481.05,0,12531.95,4939.05,0,58,42,0,72,28
848,MB,2001,955.579,8885.171,0,604.737,6357.263,0,10,90,0,9,91,0
849,MB,2001,11116.166,39993.277,626771.556,4552.628,19337.8,92150.573,2,6,92,4,17,79
850,MB,2001,120698.867,29304.135,0,73378.023,9467.977,0,80,20,0,89,11,0
851,MB,2001,0,41135.477,32906.523,0,9605.348,7279.653,0,56,44,0,57,43
852,MB,2001,40442.536,94871.83,113028.629,9646.354,10183.597,10961.047,16,38,46,31,33,36
853,MB,2001,0,18002.81,33160.192,0,912.051,1679.948,0,35,65,0,35,65
854,MB,2001,5217.5,67408.496,0,2481,26356.999,0,7,93,0,9,91,0
855,MB,2001,0,10369,0,0,6001,0,0,100,0,0,100,0
940,BC,2001,51,11,0,319,63,0,82,18,0,84,16,0
943,BC,2001,0,2,0,0,5,0,0,100,0,0,100,0
944,BC,2001,159.092,29.509,0.4,775.397,112.503,2.1,84,16,0,87,13,0
948,BC,2001,0,0,0,1,0,0,,,,100,0,0
950,BC,2001,57.729,520.743,0,189.37,1848.627,0,10,90,0,9,91,0
955,BC,2001,43.514,16.086,50.3,263.158,90.943,473.9,40,15,46,32,11,57
956,BC,2001,942.053,762.886,408.575,4327.829,3954.547,1492.627,45,36,19,44,40,15
957,BC,2001,106.138,45.704,0,434.23,319.768,0,70,30,0,58,42,0
958,BC,2001,6.642,6.356,0,35.786,9.214,0,51,49,0,80,20,0
959,BC,2001,3510.976,18552.62,391.223,4921.802,28505.487,834.253,16,83,2,14,83,2
960,BC,2001,18,0,0,45,0,0,100,0,0,100,0,0
962,BC,2001,0,16,0,0,100,0,0,100,0,0,100,0
969,BC,2001,0,40.49,0,0,232,0,0,100,0,0,100,0
971,BC,2001,67.45,4.55,0,450.3,30.699,0,94,6,0,94,6,0
972,BC,2001,2002.419,1154.639,2160.759,22661.547,11367.457,19765.997,38,22,41,42,21,37
974,BC,2001,199.533,102.267,80.2,2105.613,617.667,868.72,52,27,21,59,17,24
975,BC,2001,7,0,0,725,0,0,100,0,0,100,0,0
976,BC,2001,228.262,497.301,0,4308.142,7806.855,0,31,69,0,36,64,0
977,BC,2001,387.151,493.289,0,6472.105,7856.894,0,44,56,0,45,55,0
978,BC,2001,760.438,1284.874,0,5345.5,12412.5,0,37,63,0,30,70,0
979,BC,2001,2855.798,7416.199,0,19605.377,51645.624,0,28,72,0,28,72,0
980,BC,2001,27,7.2,1.8,190.5,50.8,12.7,75,20,5,75,20,5
981,BC,2001,0,16,7,4,451,164,0,70,30,1,73,26
982,BC,2001,1879.096,1581.783,2295.325,17602.305,18237.907,24612.79,33,27,40,29,30,41
987,BC,2001,2,3,0,104,122,0,40,60,0,46,54,0
988,BC,2001,271.665,112.335,0,1154.685,702.315,0,71,29,0,62,38,0
990,BC,2001,174.435,31.568,0,732.651,74.348,0,85,15,0,91,9,0
991,BC,2001,153.706,3260.822,358.422,293.927,5782.392,1744.681,4,86,9,4,74,22
992,BC,2001,17.333,47.667,0,18.4,50.6,0,27,73,0,27,73,0
995,BC,2001,31.13,142.868,0,127.226,536.775,0,18,82,0,19,81,0
1001,BC,2001,1300.106,927.925,0,3909.631,2917.371,0,58,42,0,57,43,0
1002,BC,2001,215.1,36.9,0,963.8,169.2,0,85,15,0,85,15,0
1003,BC,2001,18,0,0,53,0,0,100,0,0,100,0,0
1004,BC,2001,627.841,1229.03,509.85,3458.148,6759.944,2629.9,27,52,22,27,53,20
1005,BC,2001,2460.67,3719.063,0,12214.429,18645.568,0,40,60,0,40,60,0
1006,BC,2001,2717.513,2333.713,0,23765.705,37032.3,0,54,46,0,39,61,0
1007,BC,2001,2825.72,2685.356,2533.049,5092.097,5135.102,5618.795,35,33,31,32,32,35
1008,BC,2001,1283.342,420.416,242.237,5306.284,2514.746,1509.971,66,22,12,57,27,16
1009,BC,2001,1210.356,285.774,0,2715.78,716.224,0,81,19,0,79,21,0
1010,BC,2001,2325.902,761.128,0,874.695,920.306,0,75,25,0,49,51,0
1011,BC,2001,715.508,130.469,0,3008.728,635.269,0,85,15,0,83,17,0
1012,BC,2001,112.985,32.013,0,1190.044,209.955,0,78,22,0,85,15,0
1013,BC,2001,284.724,148.113,134.166,2113.222,1298.888,1273.889,50,26,24,45,28,27
1015,BC,2001,1448.823,1528.179,0,3139.213,2587.786,0,49,51,0,55,45,0
1016,AB,2001,1712.5,2029.5,0,2591,3378,0,46,54,0,43,57,0
1017,BC,2001,82.76,58.24,0,646.6,486.4,0,59,41,0,57,43,0
1018,AB,2001,368.25,14272.4,286.45,579.9,23569.7,278.7,2,96,2,2,96,1
9593,AB,2001,0,10562.2,42248.8,0,6867.2,27468.8,0,20,80,0,20,80
9607,AB,2001,0,0,569,0,0,302,0,0,100,0,0,100
9609,AB,2001,585.633,3151.697,2113.65,1317.5,9173.3,4331.2,10,54,36,9,62,29
9687,AB,2001,6519.15,114047.582,0,6676.112,121209.54,0,5,95,0,5,95,0
9787,AB,2001,0,80514.06,0,0,15591.45,0,0,100,0,0,100,0
244,AB,2002,0,0,1417,0,0,1086,0,0,100,0,0,100
244,BC,2002,0,27,10,0,307.001,68,0,73,27,0,82,18
252,BC,2002,0,34,0,0,190,0,0,100,0,0,100,0
371,MB,2002,0,0,114,0,0,82,0,0,100,0,0,100
374,ON,2002,11,0,0,204,0,0,100,0,0,100,0,0
375,MB,2002,1620.373,15047.858,37939.189,2557.409,11066.459,20931.783,3,28,69,7,32,61
376,MB,2002,0,20,0,0,34,0,0,100,0,0,100,0
378,ON,2002,62,678,0,437,6894,0,8,92,0,6,94,0
379,MB,2002,1084.12,750.28,0,1898,1403.999,0,59,41,0,57,43,0
380,MB,2002,1613.992,144.081,1637.227,4651.044,1773.393,3427.562,48,4,48,47,18,35
381,ON,2002,0,2014,0,0,43959,0,0,100,0,0,100,0
383,ON,2002,282.286,2603.713,0,1649.714,11599.285,0,10,90,0,12,88,0
386,ON,2002,60,0,0,646,0,0,100,0,0,100,0,0
391,ON,2002,16,0,0,185,0,0,100,0,0,100,0,0
400,ON,2002,0,0,494,0,0,3020,0,0,100,0,0,100
401,ON,2002,118.583,728.185,1372.232,1117.312,3729.367,15208.32,5,33,62,6,19,76
401,QC,2002,1100.999,46,14733.23,6961,260,80154.131,7,0,93,8,0,92
402,ON,2002,0,108,0,0,763,0,0,100,0,0,100,0
407,ON,2002,213.722,0,134.279,1681.653,0,895.346,61,0,39,65,0,35
408,ON,2002,0,17401,0,0,39989,0,0,100,0,0,100,0
408,QC,2002,1559.978,735.449,9776.412,4065.522,2876.111,26392.942,13,6,81,12,9,79
409,ON,2002,66,551.001,0,682,5640.999,0,11,89,0,11,89,0
410,ON,2002,70.8,142.2,0,278.3,938.7,0,33,67,0,23,77,0
411,ON,2002,4321.176,2221.826,0,30511.463,8946.54,0,66,34,0,77,23,0
412,ON,2002,0,192.2,768.8,0,2003.2,8012.8,0,20,80,0,20,80
413,ON,2002,4612.451,1117.597,286.273,57345.349,8689.749,1780.966,77,19,5,85,13,3
415,QC,2002,564.22,0,0,1825,0,0,100,0,0,100,0,0
418,QC,2002,9834.08,770.7,840,18376.001,2474,2180,86,7,7,80,11,9
419,QC,2002,180,0,0,579,0,0,100,0,0,100,0,0
421,QC,2002,757.66,0,0,3649,0,0,100,0,0,100,0,0
422,QC,2002,57,0,0,351,0,0,100,0,0,100,0,0
423,QC,2002,941.66,632,0,5992,4319,0,60,40,0,58,42,0
424,QC,2002,1800.999,1095.002,1322,4337.001,4289.099,748.9,43,26,31,46,46,8
425,QC,2002,7604.779,2952.4,6408.979,40368.299,24405.73,26194.769,45,17,38,44,27,29
426,QC,2002,3544,382,0,6362,729,0,90,10,0,90,10,0
431,QC,2002,7,0,0,41,0,0,100,0,0,100,0,0
438,QC,2002,392.42,0,0,687,0,0,100,0,0,100,0,0
439,QC,2002,126,0,0,506,0,0,100,0,0,100,0,0
440,QC,2002,311,0,0,801,0,0,100,0,0,100,0,0
441,QC,2002,26247.75,32723.416,4335.094,29586.72,45721.826,5147.754,41,52,7,37,57,6
455,NF,2002,33.11,0,0,270,0,0,100,0,0,100,0,0
458,NF,2002,26,138.37,0,123,1049,0,16,84,0,10,90,0
460,NF,2002,0,10.999,0,0,66,0,0,100,0,0,100,0
461,NF,2002,0,284.668,0,0,939.998,0,0,100,0,0,100,0
462,NF,2002,0,17,0,0,99,0,0,100,0,0,100,0
463,NF,2002,0,107.001,0,0,1009.001,0,0,100,0,0,100,0
466,NF,2002,25,249.549,0,62,1118.001,0,9,91,0,5,95,0
468,NF,2002,0,26.8,0,0,206,0,0,100,0,0,100,0
471,NF,2002,73,144.04,0,177,574,0,34,66,0,24,76,0
475,NF,2002,0,458.68,0,0,2333,0,0,100,0,0,100,0
477,NF,2002,13.67,0,0,168,0,0,100,0,0,100,0,0
478,QC,2002,951,1199.3,0,3207,3943.4,0,44,56,0,45,55,0
479,QC,2002,5431.051,30823.389,5482.12,13608.825,81693.874,10274.3,13,74,13,13,77,10
481,QC,2002,0,5707,0,0,10625,0,0,100,0,0,100,0
482,QC,2002,14686.46,15864.439,0,80208,69510.8,0,48,52,0,54,46,0
483,QC,2002,10566.828,27099.875,619.299,47240.125,72331.973,1672.901,28,71,2,39,60,1
484,NB,2002,0,145,0,0,434,0,0,100,0,0,100,0
484,QC,2002,358,3404.97,0,1670,7914,0,10,90,0,17,83,0
485,NB,2002,367.676,428.324,0,1424.911,1140.089,0,46,54,0,56,44,0
486,NB,2002,837,6113,0,543.79,5294.21,0,12,88,0,9,91,0
487,NB,2002,321.852,621.15,0,1159.782,2823.218,0,34,66,0,29,71,0
487,QC,2002,31.609,1708.39,0,71.931,3968.067,0,2,98,0,2,98,0
488,NB,2002,35.333,340.667,0,94,893,0,9,91,0,10,90,0
489,NB,2002,208,904,0,440,1510,0,19,81,0,23,77,0
490,NB,2002,297,720,0,984.696,889.304,0,29,71,0,53,47,0
493,NB,2002,1597.858,18437.691,1188.451,2006.531,15275.308,675.161,8,87,6,11,85,4
494,NB,2002,0,15024.998,0,0,14455.001,0,0,100,0,0,100,0
495,NB,2002,205.5,484.5,0,1272.49,2322.511,0,30,70,0,35,65,0
496,NB,2002,2369.548,396.993,188.457,18151.789,3214.467,1572.743,80,13,6,79,14,7
497,NB,2002,114,591,0,1053.298,2930.702,0,16,84,0,26,74,0
498,NB,2002,320,0,0,1823,0,0,100,0,0,100,0,0
499,NB,2002,401.96,254.69,12.35,1535.52,2897.33,85.15,60,38,2,34,64,2
500,NB,2002,4265.436,122.465,193.1,11652.923,269.578,876.5,93,3,4,91,2,7
501,NB,2002,621.65,1391.35,0,1650.848,3917.152,0,31,69,0,30,70,0
502,NB,2002,440.979,743.022,0,1292.666,3074.336,0,37,63,0,30,70,0
503,NB,2002,1496.079,1597.922,17,9254.05,14280.952,132,48,51,1,39,60,1
504,NB,2002,1120,466,0,7463,290,0,71,29,0,96,4,0
504,NS,2002,4624.316,1569.181,0,21450.992,8275.012,0,75,25,0,72,28,0
505,NB,2002,261,759.002,0,1002,5096.001,0,26,74,0,16,84,0
506,NB,2002,24,387,0,790.96,1627.04,0,6,94,0,33,67,0
507,NB,2002,196.999,1092,0,1812,7241.498,0,15,85,0,20,80,0
507,NS,2002,3961.627,1871.433,0,8181.6,4565.652,0,68,32,0,64,36,0
508,NB,2002,311,0,0,939.998,0,0,100,0,0,100,0,0
509,NS,2002,292.999,1849.999,0,610.001,4039.999,0,14,86,0,13,87,0
510,NS,2002,132.483,75.166,0,197.167,199.834,0,64,36,0,50,50,0
511,NS,2002,0,105.999,0,0,117,0,0,100,0,0,100,0
512,NS,2002,0,2606.519,0,0,4372.999,0,0,100,0,0,100,0
513,NS,2002,163.138,416.441,0,377.899,1249.103,0,28,72,0,23,77,0
514,NS,2002,9.69,0,0,24,0,0,100,0,0,100,0,0
516,NS,2002,347.611,827.298,0,1789.581,2304.421,0,30,70,0,44,56,0
517,NS,2002,678.707,4668.123,0,3224.466,23482.533,0,13,87,0,12,88,0
518,NS,2002,9712.997,4896.71,0,15210.558,11807.988,0,66,34,0,56,44,0
519,NS,2002,0,303,0,0,862,0,0,100,0,0,100,0
520,NS,2002,9.417,397.585,0,85.333,2368.666,0,2,98,0,3,97,0
521,NS,2002,0,31,0,0,790,0,0,100,0,0,100,0
522,NS,2002,123.481,383.435,0,918.145,3501.858,0,24,76,0,21,79,0
523,NS,2002,200.933,957.594,0,736.744,3902.26,0,17,83,0,16,84,0
524,NS,2002,10,31,0,224,106,0,24,76,0,68,32,0
525,NS,2002,523.624,1957.03,0,1754.416,6898.587,0,21,79,0,20,80,0
527,NS,2002,80.46,912.544,0,227.115,2088.885,0,8,92,0,10,90,0
528,NS,2002,1605.857,1341.918,0,1652.254,1617.745,0,54,46,0,51,49,0
529,NS,2002,0,608,0,0,552.998,0,0,100,0,0,100,0
530,NS,2002,36,1315.001,0,96.667,1677.333,0,3,97,0,5,95,0
531,NS,2002,572.925,1855.355,0,779.666,3990.332,0,24,76,0,16,84,0
534,PE,2002,17460.586,5187.415,0,15343.606,4143.395,0,77,23,0,79,21,0
535,PE,2002,20621,0,0,14083,0,0,100,0,0,100,0,0
536,PE,2002,42482.958,2333.041,0,40175.996,2487,0,95,5,0,94,6,0
537,PE,2002,20678,502,0,26063.223,638.778,0,98,2,0,98,2,0
538,PE,2002,6106,0,0,4081,0,0,100,0,0,100,0,0
539,QC,2002,38,369.21,69.98,180.326,781.674,239,8,77,15,15,65,20
540,QC,2002,181960.709,98815.445,73736.268,211173.67,75838.648,71549.294,51,28,21,59,21,20
541,ON,2002,0,13579.949,2283.05,1519.526,4359.024,1352.45,0,86,14,21,60,19
541,QC,2002,140065.13,41310.383,270557.905,61069.635,16324.648,94206.717,31,9,60,36,10,55
542,ON,2002,0,642.759,11559.561,3444.56,2458.077,41780.36,0,5,95,7,5,88
543,ON,2002,5196.002,30352.633,12249.603,9316.534,29229.052,14570.769,11,64,26,18,55,27
543,QC,2002,0,200,962,0,886,3037.4,0,17,83,0,23,77
544,ON,2002,2198.005,52175.197,13341.995,5515.34,34821.673,8242.985,3,77,20,11,72,17
545,ON,2002,2817.54,12059.659,10169.104,8176.611,10885.027,14030.363,11,48,41,25,33,42
546,ON,2002,0,30068.586,6515.375,0,39195.713,9166.286,0,82,18,0,81,19
546,QC,2002,0,263,0,0,396,0,0,100,0,0,100,0
547,ON,2002,4414.344,18672.819,13482.419,18895.628,31819.508,36614.155,12,51,37,22,36,42
548,QC,2002,357.96,0,0,396,0,0,100,0,0,100,0,0
549,ON,2002,0,494.689,4441.43,0,1442.413,16690.586,0,10,90,0,8,92
550,ON,2002,961.288,3433.908,1359.555,7135.086,38423.156,10097.587,17,60,24,13,69,18
551,ON,2002,26392.244,59456.084,39618.069,51749.841,57417.502,76272.655,21,47,32,28,31,41
552,ON,2002,22921.006,3704.554,0,77867.152,27168.467,0,86,14,0,74,26,0
553,ON,2002,57470.414,94813.908,16677.961,66849.289,83240.156,19562.983,34,56,10,39,49,12
554,ON,2002,14181.302,3127.878,0,43706.039,6085.961,0,82,18,0,88,12,0
555,ON,2002,7459.5,5246.871,15005.675,18153.622,23988.518,33079.232,27,19,54,24,32,44
556,ON,2002,19781.821,91233.98,1828.675,45139.955,107605.109,2343.937,18,81,2,29,69,2
557,ON,2002,10123.942,270704.898,0,4437.427,98814.573,0,4,96,0,4,96,0
558,ON,2002,14687.221,207512.495,824.478,17559.853,104713.01,356.142,7,93,0,14,85,0
559,ON,2002,0,310.4,0,0,0,0,0,100,0,,,
560,ON,2002,23967.711,59829.346,0,15111.687,28498.314,0,29,71,0,35,65,0
561,ON,2002,729.963,20966.377,2456.555,422.188,10012.383,1156.556,3,87,10,4,86,10
562,ON,2002,0,24585.444,11491.554,0,15648.001,7999.999,0,68,32,0,66,34
563,ON,2002,0,128,0,0,166,0,0,100,0,0,100,0
564,ON,2002,10670.475,63388.901,20614.144,14191.531,27919.43,14802.62,11,67,22,25,49,26
565,ON,2002,90701.311,208082.302,85510.384,15651.896,46060.392,15175.711,24,54,22,20,60,20
566,ON,2002,194.25,11508.299,8052.65,123.75,4266.7,3438.55,1,58,41,2,54,44
567,ON,2002,7070.834,160280.52,19806.647,2072.222,45160.902,5956.875,4,86,11,4,85,11
568,ON,2002,77016.463,8957.636,294.9,15623.136,1798.664,56.2,89,10,0,89,10,0
569,ON,2002,3460.329,24487.454,81346.221,1180.034,11360.625,46553.341,3,22,74,2,19,79
570,ON,2002,11073.877,221404.31,54372.211,1086.289,30188.104,6821.606,4,77,19,3,79,18
571,ON,2002,9888.778,2045.666,2727.556,1634.778,257.667,343.555,67,14,19,73,12,15
572,ON,2002,3344.485,15757.397,3361.976,620.894,2403.805,858.3,15,70,15,16,62,22
581,BC,2002,66.8,2111.08,0,208.8,6685,0,3,97,0,3,97,0
583,AB,2002,0,44.578,66.421,0,89.632,133.368,0,40,60,0,40,60
583,BC,2002,0,2897.323,980.018,0,8338.111,1938.889,0,75,25,0,81,19
584,AB,2002,0,0,872,0,0,1764,0,0,100,0,0,100
585,BC,2002,581.945,19282.323,0.312,2201.444,66332.869,1.688,3,97,0,3,97,0
586,AB,2002,7161.012,61229.17,26915.72,5102.176,27464.123,16895.702,8,64,28,10,56,34
587,AB,2002,19489.88,1142.7,0,10084.099,680.25,0,94,6,0,94,6,0
588,AB,2002,3174.424,8050.003,78196.965,4171.936,8518.681,55466.984,4,9,87,6,12,81
589,AB,2002,671.299,2181.721,0,324.706,1055.294,0,24,76,0,24,76,0
590,AB,2002,0,19598.973,35892.406,0,15093.721,47705.279,0,35,65,0,24,76
591,AB,2002,224.4,2051.835,99793.329,267.4,1848,106716.001,0,2,98,0,2,98
591,BC,2002,13408.84,59339.931,14988.618,35243.835,156606.461,28524.144,15,68,17,16,71,13
592,AB,2002,873.829,17185.184,84820.449,1126.588,23922.488,90029.923,1,17,82,1,21,78
593,AB,2002,0,5965.735,74746.265,0,3757.235,50363.766,0,7,93,0,7,93
594,AB,2002,0,0,40702,0,0,52963.002,0,0,100,0,0,100
595,AB,2002,0,3268.941,67566.059,0,1556,39547,0,5,95,0,4,96
596,AB,2002,7286.873,37468.087,43835.434,4735.28,24748.845,28794.074,8,42,49,8,42,49
597,AB,2002,1144.8,14303.201,22444,1736.2,21324.8,26985.999,3,38,59,3,43,54
598,AB,2002,0,1281,69052.995,0,1230.6,70317.401,0,2,98,0,2,98
599,AB,2002,0,5290,56268,0,4431,43638,0,9,91,0,9,91
600,AB,2002,1542.974,175.117,1298.667,2838.416,461.118,3388.667,51,6,43,42,7,51
609,AB,2002,0,0,242,0,0,493,0,0,100,0,0,100
610,AB,2002,797.801,8321.711,19132.117,811.635,17311.113,50601.25,3,29,68,1,25,74
610,BC,2002,0,0,0,0,0.999,0,,,,0,100,0
611,AB,2002,158.5,848.4,2910.1,176.5,1145.55,4215.95,4,22,74,3,21,76
612,AB,2002,0,4154.97,1065.691,0,11847.961,3190.038,0,80,20,0,79,21
615,AB,2002,2804.391,10124.259,0,6568.8,21412.599,0,22,78,0,23,77,0
616,AB,2002,11236.868,2625.893,0,11148.573,5680.429,0,81,19,0,66,34,0
617,AB,2002,1072,3285.5,1027.5,2923.428,7347.071,2170.5,20,61,19,23,59,17
618,AB,2002,1070.968,7796.777,637.06,1249.993,7503.027,1125.75,11,82,7,13,76,11
618,BC,2002,281.971,3775.096,1005.189,1330.775,16352.833,4546.389,6,75,20,6,74,20
619,AB,2002,0,444,0,0,790,0,0,100,0,0,100,0
622,AB,2002,1932.357,6516.601,0,6403.65,22211.351,0,23,77,0,22,78,0
623,AB,2002,2596.503,13083.313,2332.924,10010.48,49601.329,13603.187,14,73,13,14,68,19
625,AB,2002,22.333,44.667,0,96.333,192.667,0,33,67,0,33,67,0
626,AB,2002,0,961,0,0,4222.001,0,0,100,0,0,100,0
629,AB,2002,209.6,2172.022,529.02,682.2,9470.529,2275.722,7,75,18,5,76,18
630,AB,2002,75.5,2672.395,52.446,278.5,23012.499,186,3,95,2,1,98,1
631,AB,2002,0,1492.4,150.6,0,4661.6,472.4,0,91,9,0,91,9
647,SK,2002,1052.271,209.729,0,2278.034,471.966,0,83,17,0,83,17,0
650,AB,2002,139.273,2599.243,356.234,1010.667,9996.86,1093.474,5,84,12,8,83,9
652,SK,2002,40.569,315.432,0,81.209,631.791,0,11,89,0,11,89,0
657,SK,2002,307.103,3165.395,0,580.397,6907.602,0,9,91,0,8,92,0
658,SK,2002,1474.608,750.342,0,607.25,308.75,0,66,34,0,66,34,0
660,SK,2002,767.637,10975.112,0,1183.808,15404.191,0,7,93,0,7,93,0
661,SK,2002,47.882,3846.118,0,71.679,6175.325,0,1,99,0,1,99,0
662,SK,2002,64,256,0,28.4,113.6,0,20,80,0,20,80,0
667,MB,2002,0,269,0,0,421,0,0,100,0,0,100,0
669,MB,2002,0,15866.85,0,0,14366,0,0,100,0,0,100,0
669,SK,2002,0,0,759,0,0,503,0,0,100,0,0,100
672,SK,2002,6034.145,4684.967,341.437,5155.561,3399.766,241.671,55,42,3,59,39,3
677,MB,2002,0,0,3653,0,0,5625,0,0,100,0,0,100
678,AB,2002,4107.35,85660.728,4114.451,8009.314,164627.962,7486.588,4,91,4,4,91,4
679,AB,2002,0,11536.77,0,0,32051.001,0,0,100,0,0,100,0
680,AB,2002,3679.989,58747.661,0,7484.34,117239.001,0,6,94,0,6,94,0
680,SK,2002,1529.949,21782.999,0,4489.739,38407.261,0,7,93,0,10,90,0
681,AB,2002,2596.788,74176.75,20477.41,2725.882,58028.067,13893.44,3,76,21,4,78,19
682,SK,2002,4190.601,5107.823,3292.428,7424.567,12419.979,2167.455,33,41,26,34,56,10
683,AB,2002,41620.77,18765.999,0,37733,9724.999,0,69,31,0,80,20,0
684,AB,2002,400.537,61489.402,20077.681,1626.605,169696.564,65333.028,0,75,24,1,72,28
685,SK,2002,895.717,23415.831,12618,1191.343,34828.519,12351.142,2,63,34,2,72,26
686,AB,2002,0,10581.391,0,0,21635.998,0,0,100,0,0,100,0
686,SK,2002,46.883,1752.118,0,155.825,5539.175,0,3,97,0,3,97,0
687,AB,2002,2729.945,9449.554,0,4494.059,14217.516,0,22,78,0,24,76,0
687,SK,2002,8967.553,90928.452,0,10124.279,80015.721,0,9,91,0,11,89,0
688,AB,2002,0,58618.999,0,0,58581.4,0,0,100,0,0,100,0
689,SK,2002,2897.546,42835.955,0,4742.511,26332.491,0,6,94,0,15,85,0
690,SK,2002,3400.547,39197.849,0,3783.562,37712.441,0,8,92,0,9,91,0
691,SK,2002,15945.81,1519.49,0,7861.156,282.844,0,91,9,0,97,3,0
692,AB,2002,29.004,21844.81,7374.65,176.707,87608.308,41298.959,0,75,25,0,68,32
693,SK,2002,10537.067,110599.932,0,12223.836,29704.162,0,9,91,0,29,71,0
694,SK,2002,38633.22,40072.642,19744.141,13841.944,11238.025,5283.031,39,41,20,46,37,17
695,SK,2002,28259.382,15266.618,0,22037.258,13406.742,0,65,35,0,62,38,0
696,SK,2002,66175.264,92637.682,0,39105.445,38225.551,0,42,58,0,51,49,0
697,SK,2002,0,7556.074,40680.928,0,3026.302,16320.698,0,16,84,0,16,84
698,SK,2002,30983.507,21501.995,0,8601.102,8192.9,0,59,41,0,51,49,0
699,SK,2002,0,32713,0,0,26345.001,0,0,100,0,0,100,0
700,SK,2002,0,9709.722,30520.333,0,7507.17,11243.83,0,24,76,0,40,60
701,SK,2002,59380.184,14602.216,0,37485.166,4613.833,0,80,20,0,89,11,0
702,SK,2002,8086.231,192032.344,18193.426,4105.921,29905.613,750.466,4,88,8,12,86,2
703,AB,2002,0,45648.871,658.159,0,133512.288,2067.43,0,99,1,0,98,2
704,SK,2002,975.495,56629.049,20844.755,813.313,29461.824,9035.86,1,72,27,2,75,23
705,SK,2002,0,60877.102,217252.897,0,26554.945,15242.056,0,22,78,0,64,36
706,SK,2002,3625.791,109626.207,0,525.748,24753.253,0,3,97,0,2,98,0
707,SK,2002,12357.62,159929.614,1779.867,19650.31,59747.653,701.031,7,92,1,25,75,1
708,AB,2002,1333.8,45180.192,0,4327.2,137269.599,0,3,97,0,3,97,0
709,MB,2002,4084.436,138913.377,13134.041,4120.876,84700.057,4823.063,3,89,8,4,90,5
709,SK,2002,26445.509,169004.576,11913.901,14858.447,69834.714,3141.84,13,82,6,17,80,4
710,SK,2002,1302.025,14780.276,0,1402.616,21452.382,0,8,92,0,6,94,0
711,SK,2002,242.61,18524.341,0,1262.222,24249.778,0,1,99,0,5,95,0
714,MB,2002,0,1455,0,0,1791,0,0,100,0,0,100,0
714,SK,2002,0,48595.258,4734.192,0,43328.208,3370.791,0,91,9,0,93,7
715,MB,2002,674.416,15742.737,10617.948,1473.824,12574.483,10956.692,2,58,39,6,50,44
715,SK,2002,0,8908.765,2557.236,0,5236.333,1275.666,0,78,22,0,80,20
716,MB,2002,3914.65,36685.55,17919.55,4157.999,27773.5,16259.5,7,63,31,9,58,34
717,MB,2002,40984.486,38774.123,11518.889,30762.453,33107.227,5449.321,45,42,13,44,48,8
718,MB,2002,0,2323.7,0,0,10349,0,0,100,0,0,100,0
720,MB,2002,0,0,1764.6,0,0,5975,0,0,100,0,0,100
723,MB,2002,103,25360.249,2942.7,310,108991.001,4401,0,89,10,0,96,4
724,MB,2002,2424.628,23985.152,124328.872,7677.878,25619.684,82880.438,2,16,82,7,22,71
726,MB,2002,43852.763,0,1464.187,77492.491,0,1053.507,97,0,3,99,0,1
727,AB,2002,23590.816,161398.672,126737.98,22238.705,122941.264,65045.543,8,52,41,11,58,31
728,AB,2002,3541.666,183793.568,3580.764,2499.722,58839.943,673.685,2,96,2,4,95,1
729,AB,2002,33767.68,106340.024,0,23297.166,46027.628,0,24,76,0,34,66,0
729,SK,2002,23374.727,392964.265,0,9972.853,139081.151,0,6,94,0,7,93,0
730,AB,2002,44199.085,394468.806,11148.333,27854.648,206098.495,6583.889,10,88,2,12,86,3
731,AB,2002,20023.071,420743.51,0,16330.029,188017.23,0,5,95,0,8,92,0
732,AB,2002,0,12583.8,0,0,20534.4,0,0,100,0,0,100,0
733,SK,2002,29792.071,150451.814,9703.114,6869.31,70746.452,1693.886,16,79,5,9,89,2
734,SK,2002,35762.116,13368.88,0,19586.955,2864.048,0,73,27,0,87,13,0
735,SK,2002,3893.966,161224.031,0,6292.023,41824.98,0,2,98,0,13,87,0
736,SK,2002,39987.789,225796.396,7949.809,11639.113,50369.563,1003.33,15,82,3,18,80,2
737,AB,2002,17055.6,87718.401,11265.9,17903.4,100779.5,13264.4,15,76,10,14,76,10
738,AB,2002,7258.66,127048.23,0,6654.65,29464.85,0,5,95,0,18,82,0
739,AB,2002,105494.215,7611.3,0,82665.228,10363.5,0,93,7,0,89,11,0
739,SK,2002,42370.604,4204.396,0,24897.464,2030.537,0,91,9,0,92,8,0
740,AB,2002,13562.2,139492.699,0,13321.5,86928.801,0,9,91,0,13,87,0
741,SK,2002,4354.442,158541.973,1430.583,392.294,16162.775,82.929,3,96,1,2,97,0
742,SK,2002,30804.401,11874.599,0,12801.31,382.689,0,72,28,0,97,3,0
743,AB,2002,2257.2,85227.468,0,519.3,34373.219,0,3,97,0,1,99,0
743,SK,2002,4388.791,7035.096,2607.111,1194.077,3102.081,1208.593,31,50,19,22,56,22
744,AB,2002,0,170660.67,14684.48,0,92730.25,3027.2,0,92,8,0,97,3
745,SK,2002,28658.347,737584.182,3131.468,8049.537,118047.408,773.056,4,96,0,6,93,1
746,AB,2002,0,126186.6,0,0,110561,0,0,100,0,0,100,0
747,SK,2002,26973.765,43191.236,0,19923.82,9150.18,0,38,62,0,69,31,0
748,SK,2002,6417.928,670845.581,870.5,2134.257,142617.476,111.265,1,99,0,1,98,0
749,SK,2002,16064.873,359766.126,0,5290.088,98200.104,0,4,96,0,5,95,0
750,AB,2002,0,51890.61,10454.59,0,109857.35,28779.85,0,83,17,0,79,21
751,MB,2002,12677.098,36331.257,0,11931.018,22162.927,95.206,26,74,0,35,65,0
751,SK,2002,14942.813,13571.037,0,8297.195,8294.804,0,52,48,0,50,50,0
752,MB,2002,0,111756.236,1553.764,0,49762.774,689.226,0,99,1,0,99,1
752,SK,2002,15043.872,433074.124,0,5295.995,130665.999,0,3,97,0,4,96,0
753,MB,2002,3321.987,443645.037,6232.97,2355.697,167104.275,3037.03,1,98,1,1,97,2
754,SK,2002,3069.153,167461.451,60093.391,2771.569,28290.404,9208.032,1,73,26,7,70,23
755,SK,2002,2521.541,190853.456,0,440.077,43127.923,0,1,99,0,1,99,0
756,SK,2002,6749.515,342478.484,0,913.057,107589.94,0,2,98,0,1,99,0
757,MB,2002,65284.73,25157.272,1572.65,40830.19,8668.808,0,71,27,2,82,18,0
758,MB,2002,41200.315,118757.359,8488.728,27561.07,42798.248,9659.764,24,71,5,34,53,12
759,MB,2002,4782.776,33914.225,0,6895.281,14363.719,0,12,88,0,32,68,0
760,MB,2002,0,84563.001,0,3115.18,24854.82,0,0,100,0,11,89,0
760,SK,2002,5470.213,364316.788,0,6601.264,122010.735,0,1,99,0,5,95,0
761,SK,2002,0,16358,2047,0,9768.001,1328,0,89,11,0,88,12
762,SK,2002,29845.567,78763.435,0,11285.231,29921.767,0,27,73,0,27,73,0
763,MB,2002,89006.39,56183.173,5013.442,70971.588,32167.331,7603.083,59,37,3,64,29,7
763,SK,2002,38021.433,15418.565,0,16925.923,5023.079,0,71,29,0,77,23,0
764,MB,2002,0,71028.002,0,1520.398,29037.599,0,0,100,0,5,95,0
765,MB,2002,3435.286,340038.713,0,7522.659,94250.819,984.471,1,99,0,7,92,1
766,MB,2002,1025.718,181148.285,0,718.853,52966.15,0,1,99,0,1,99,0
767,SK,2002,3987.225,445296.719,46967.053,527.788,45435.687,5213.528,1,90,9,1,89,10
768,SK,2002,0,42730,0,0,8795.002,0,0,100,0,0,100,0
769,AB,2002,0,96913.15,0,0,67686.6,0,0,100,0,0,100,0
770,SK,2002,69087.245,230684.531,8595.222,25043.052,40448.573,1730.378,22,75,3,37,60,3
771,AB,2002,15082.322,81627.726,217.8,7390.344,43526.523,113.6,16,84,0,14,85,0
771,SK,2002,0,49552.467,1632.532,528.338,10765.504,445.158,0,97,3,5,92,4
772,SK,2002,13384.387,30338.614,0,11870.992,1685.009,0,31,69,0,88,12,0
773,SK,2002,12503.805,272277.238,31432.957,2346.539,33145.144,4870.314,4,86,10,6,82,12
774,SK,2002,0,69339.003,0,0,5650.001,0,0,100,0,0,100,0
775,SK,2002,3429.975,73969.025,0,193.132,9502.867,0,4,96,0,2,98,0
776,SK,2002,43128.268,9704.732,0,23324.873,2369.127,0,82,18,0,91,9,0
777,AB,2002,12481.1,2815.95,0,10556.95,2457,0,82,18,0,81,19,0
778,SK,2002,21640.966,9117.036,0,3548.196,1494.805,0,70,30,0,70,30,0
779,AB,2002,0,29206.8,0,0,17881.2,0,0,100,0,0,100,0
780,SK,2002,8963.259,54513.377,275416.365,1080.923,2998.176,14222.903,3,16,81,6,16,78
781,AB,2002,12238.8,55747.033,148954.669,5109.44,13607.998,17688.282,6,26,69,14,37,49
782,SK,2002,18582.636,564324.362,0,5579.382,69715.62,0,3,97,0,7,93,0
783,SK,2002,0,284656.002,0,0,38364,0,0,100,0,0,100,0
784,SK,2002,12717.7,77136.216,2219.084,3787.459,14511.119,261.422,14,84,2,20,78,1
785,SK,2002,0,82164.506,6378.492,0,12109.888,443.112,0,93,7,0,96,4
786,AB,2002,0,97862.8,22.7,0,33043.9,12.7,0,100,0,0,100,0
787,AB,2002,0,48337.6,0,0,10117.6,0,0,100,0,0,100,0
788,AB,2002,0,48824.8,16450.2,0,14094.2,2137.8,0,75,25,0,87,13
789,SK,2002,16705.912,133532.517,2786.572,9593.812,17656.186,0,11,87,2,35,65,0
790,AB,2002,13999.3,42677.499,0,4601.1,8370.199,0,25,75,0,35,65,0
791,AB,2002,0,195463,0,0,27754,0,0,100,0,0,100,0
792,SK,2002,36238.528,63096.056,635271.419,15382.462,14453.506,28176.033,5,9,86,27,25,49
793,AB,2002,47228.314,346962.773,22805.612,16489.551,119343.183,6072.083,11,83,5,12,84,4
794,SK,2002,0,486400.998,0,0,57504.001,0,0,100,0,0,100,0
795,SK,2002,0,262417.003,0,1082.28,37172.719,0,0,100,0,3,97,0
796,SK,2002,14978.476,56203.525,0,7467.418,11227.567,0,21,79,0,40,60,0
797,AB,2002,1953.7,17232,63,835.8,6941.455,40.5,10,90,0,11,89,1
798,AB,2002,33456.2,324324.2,30065.3,16769.9,140027.39,14361.96,9,84,8,10,82,8
799,AB,2002,0,63501,0,0,63344,0,0,100,0,0,100,0
800,AB,2002,0,74889.7,74010.05,0,58581.77,43412.29,0,50,50,0,57,43
801,AB,2002,0,36829.8,3067.2,0,44537.4,3825.6,0,92,8,0,92,8
802,AB,2002,0,75252.85,0,693.69,35021.6,0,0,100,0,2,98,0
803,SK,2002,7120.192,107222.884,55714.918,1520.522,10698.817,4688.664,4,63,33,9,63,28
804,AB,2002,13630.8,37209.8,0,9869.85,19240.3,0,27,73,0,34,66,0
805,AB,2002,4624.427,6911.26,3917.313,1309.625,1565.211,887.165,30,45,25,35,42,24
805,SK,2002,4744.677,43665.023,24604.302,980.322,6366.324,3394.353,6,60,34,9,59,32
806,AB,2002,1952.9,64302.38,523.95,1760.9,67687.76,367.5,3,96,1,3,97,1
807,SK,2002,0,68225.726,9116.27,0,6007.432,606.568,0,88,12,0,91,9
808,SK,2002,3396.024,114649.085,442231.895,300.27,7916.86,27093.871,1,20,79,1,22,77
809,AB,2002,4496.8,106139,0,2465.855,31850.195,0,4,96,0,7,93,0
809,SK,2002,4200.87,110265.791,27755.334,632.394,8929.047,1019.557,3,78,20,6,84,10
810,SK,2002,0,99690.001,0,0,13646,0,0,100,0,0,100,0
811,AB,2002,4378.8,4687.836,34262.562,894,748.161,3648.839,10,11,79,17,14,69
811,SK,2002,0,373.092,994.909,0,41.455,110.545,0,27,73,0,27,73
812,AB,2002,23670.276,13853.915,19595.35,31526.325,24640.415,16379.8,41,24,34,43,34,23
813,SK,2002,3242.96,89167.461,40835.578,1031.4,11988.409,4554.188,2,67,31,6,68,26
814,AB,2002,1376.55,11639.32,0,778.95,7215.64,0,11,89,0,10,90,0
815,AB,2002,22927.7,15531.322,0,8476.9,9055.704,0,60,40,0,48,52,0
815,SK,2002,23429.471,8858.532,0,1639.168,888.833,0,73,27,0,65,35,0
816,SK,2002,47844.758,341107.087,26460.154,25354.786,64577.569,3038.433,12,82,6,27,69,3
817,SK,2002,0,89904.062,3560.937,0,7952.338,308.663,0,96,4,0,96,4
818,AB,2002,0,28766.65,0,0,19925.85,0,0,100,0,0,100,0
819,SK,2002,22398.625,6389.374,0,4343.867,1234.131,0,78,22,0,78,22,0
820,SK,2002,739.92,174743.908,749.169,0,35193.302,59.7,0,99,0,0,100,0
821,AB,2002,1916.195,85807.403,655.102,695.037,22379.275,480.572,2,97,1,3,95,2
821,SK,2002,703.675,170184.324,0,992.579,32992.422,0,0,100,0,3,97,0
822,SK,2002,6307.032,146904.069,1413.899,1272,33981.743,790.258,4,95,1,4,94,2
823,AB,2002,23229.889,116603.613,0,7779.622,33494.38,0,17,83,0,19,81,0
824,SK,2002,22502.825,66615.863,1387.309,8510.111,22236.89,0,25,74,2,28,72,0
825,SK,2002,64.598,461151.408,0,1296.363,84186.634,0,0,100,0,2,98,0
826,SK,2002,16909.882,630695.607,95346.952,7952.425,113130.654,5158.596,2,85,13,6,90,4
827,SK,2002,29697.911,12493.319,2157.771,20080.051,7597.949,889.001,67,28,5,70,27,3
828,AB,2002,18717.873,561728.879,0,3231.143,90116.207,0,3,97,0,3,97,0
829,AB,2002,20118.1,10055.5,0,7248.55,3416.25,0,67,33,0,68,32,0
830,SK,2002,16447.128,270343.307,39188.56,4534.726,52089.245,4457.059,5,83,12,7,85,7
831,SK,2002,6184.587,138066.627,1345.788,944.629,21346.371,0,4,95,1,4,96,0
832,SK,2002,14674.584,271640.91,802.508,6242.333,99991.356,813.308,5,95,0,6,93,1
833,AB,2002,95,17756.8,28.5,59.5,6046.2,17.85,1,99,0,1,99,0
833,SK,2002,0,34588.858,23012.139,0,21243.465,13072.539,0,60,40,0,62,38
834,SK,2002,0,61455.387,149832.615,0,9624.164,31395.836,0,29,71,0,23,77
835,SK,2002,0,6248.322,15273.677,0,1665.581,4071.42,0,29,71,0,29,71
836,AB,2002,0,8960,0,0,1828,0,0,100,0,0,100,0
837,AB,2002,0,20474,0,0,9730,0,0,100,0,0,100,0
837,SK,2002,0,13565.847,2978.153,0,9921.908,1598.093,0,82,18,0,86,14
838,AB,2002,822.3,3297.7,0,816.3,2334.699,0,20,80,0,26,74,0
838,SK,2002,0,53244.767,2589.233,0,20762.082,1551.166,0,95,5,0,93,7
839,MB,2002,7841.381,70463.263,8621.357,3009.204,31955.374,3951.421,9,81,10,8,82,10
840,MB,2002,40416.436,11334.57,14106.995,30731.667,13474.805,4983.527,61,17,21,62,27,10
841,MB,2002,19446.064,17623.436,0,2083.894,59996.107,0,52,48,0,3,97,0
843,MB,2002,14060.479,8592.523,0,17959.067,8761.933,0,62,38,0,67,33,0
844,MB,2002,9457.596,35765.472,5388.934,9380.074,33369.632,4853.297,19,71,11,20,70,10
846,MB,2002,0,13516.001,0,0,43409.001,0,0,100,0,0,100,0
847,MB,2002,0,28468.8,20103.9,0,12764.101,5036.9,0,59,41,0,72,28
848,MB,2002,924.737,8636.014,0,626.737,6531.263,0,10,90,0,9,91,0
849,MB,2002,10926.001,39350.221,623580.78,4733.894,19883.646,95061.462,2,6,93,4,17,79
850,MB,2002,118360.648,28720.352,0,74902.944,10005.054,0,80,20,0,88,12,0
851,MB,2002,0,41281.606,33017.396,0,9441.624,7157.376,0,56,44,0,57,43
852,MB,2002,40201.212,94373.775,112297.011,9824.644,10548.701,11536.658,16,38,45,31,33,36
853,MB,2002,0,17751.221,32696.779,0,1106.988,2039.011,0,35,65,0,35,65
854,MB,2002,5190.875,67628.125,0,2508,26140,0,7,93,0,9,91,0
855,MB,2002,0,10505,0,0,5851,0,0,100,0,0,100,0
940,BC,2002,55,11,0,313,63,0,83,17,0,83,17,0
943,BC,2002,0,2,0,0,4,0,0,100,0,0,100,0
944,BC,2002,150.471,26.131,0.4,779.967,115.828,2.2,85,15,0,87,13,0
948,BC,2002,0,0,0,1,0,0,,,,100,0,0
950,BC,2002,52.979,533.494,0,191.375,1833.623,0,9,91,0,9,91,0
955,BC,2002,40.286,18.714,52.9,261.886,87.314,465.8,36,17,47,32,11,57
956,BC,2002,941.204,795.471,419.833,4317.806,3917.413,1478.779,44,37,19,44,40,15
957,BC,2002,105.502,50.337,0,433.088,312.91,0,68,32,0,58,42,0
958,BC,2002,5.642,6.356,0,34.965,9.034,0,47,53,0,79,21,0
959,BC,2002,3544.787,18811.823,406.083,4872.869,28173.434,818.309,16,83,2,14,83,2
960,BC,2002,17,0,0,45,0,0,100,0,0,100,0,0
962,BC,2002,0,18,0,0,98,0,0,100,0,0,100,0
969,BC,2002,0,38.49,0,0,232,0,0,100,0,0,100,0
971,BC,2002,66.5,4.5,0,447.45,30.549,0,94,6,0,94,6,0
972,BC,2002,2080.407,1172.931,2173.475,22352.057,11236.317,19546.627,38,22,40,42,21,37
974,BC,2002,193.633,91.367,80,2095.73,622.15,862.12,53,25,22,59,17,24
975,BC,2002,6,0,0,716,0,0,100,0,0,100,0,0
976,BC,2002,249.303,494.258,0,4245.072,7736.927,0,34,66,0,35,65,0
977,BC,2002,423.959,552.481,0,6373.681,7709.316,0,43,57,0,45,55,0
978,BC,2002,696.806,1282.502,0,5336.607,12284.392,0,35,65,0,30,70,0
979,BC,2002,2930.958,7487.04,0,19201.125,50856.876,0,28,72,0,27,73,0
980,BC,2002,21,5.6,1.4,195.75,52.2,13.05,75,20,5,75,20,5
981,BC,2002,0,17,7,5,446,162,0,71,29,1,73,26
982,BC,2002,1857.45,1611.146,2275.608,17488.993,18062.74,24501.26,32,28,40,29,30,41
987,BC,2002,2,4,0,102,120,0,33,67,0,46,54,0
988,BC,2002,278.38,120.62,0,1136.56,685.44,0,70,30,0,62,38,0
990,BC,2002,155.218,29.778,0,749.196,75.804,0,84,16,0,91,9,0
991,BC,2002,164.574,3520.175,352.201,280.484,5521.838,1751.678,4,87,9,4,73,23
992,BC,2002,15.466,42.533,0,20.267,55.734,0,27,73,0,27,73,0
995,BC,2002,48.135,205.864,0,109.355,469.648,0,19,81,0,19,81,0
1001,BC,2002,1285.622,922.407,0,3882.986,2890.017,0,58,42,0,57,43,0
1002,BC,2002,198.4,35.6,0,968.7,169.3,0,85,15,0,85,15,0
1003,BC,2002,29,0,0,41,0,0,100,0,0,100,0,0
1004,BC,2002,475.364,1077.056,422.3,3578.628,6846.771,2710.6,24,55,21,27,52,21
1005,BC,2002,2205.772,3274.956,0,12369.289,18969.712,0,40,60,0,39,61,0
1006,BC,2002,2743.215,2391.012,0,23414.283,36423.726,0,53,47,0,39,61,0
1007,BC,2002,2886.923,2735.669,2504.538,5011.118,5066.522,5645.357,36,34,31,32,32,36
1008,BC,2002,1305.984,450.717,267.297,5224.898,2454.903,1486.197,65,22,13,57,27,16
1009,BC,2002,1210.932,308.196,0,2709.823,690.178,0,80,20,0,80,20,0
1010,BC,2002,2306.658,808.373,0,893.94,873.061,0,74,26,0,51,49,0
1011,BC,2002,723.422,136.556,0,3001.449,625.551,0,84,16,0,83,17,0
1012,BC,2002,126.027,31.972,0,1160.673,206.326,0,80,20,0,85,15,0
1013,BC,2002,288.112,145.89,131,2096.891,1292.222,1266.889,51,26,23,45,28,27
1015,BC,2002,1392.25,1436.749,0,3174.573,2666.427,0,49,51,0,54,46,0
1016,AB,2002,1539,1815,0,2718.5,3533.5,0,46,54,0,43,57,0
1017,BC,2002,114.92,94.08,0,611.721,449.28,0,55,45,0,58,42,0
1018,AB,2002,360.55,13704.55,264.7,572.4,23706.1,292.4,3,96,2,2,96,1
9593,AB,2002,0,10678.8,42715.2,0,6748.2,26992.8,0,20,80,0,20,80
9607,AB,2002,0,0,571,0,0,307,0,0,100,0,0,100
9609,AB,2002,524.433,3472.298,2237.25,1370.2,8809.3,4205.5,8,56,36,10,61,29
9687,AB,2002,6416.928,112637.903,0,6663.334,121904.016,0,5,95,0,5,95,0
9787,AB,2002,0,79463.15,0,0,16641.46,0,0,100,0,0,100,0
244,AB,2003,0,0,1325,0,0,1140,0,0,100,0,0,100
244,BC,2003,0,26,12,0,309.999,67,0,68,32,0,82,18
252,BC,2003,0,33,0,0,189,0,0,100,0,0,100,0
371,MB,2003,0,0,114,0,0,82,0,0,100,0,0,100
374,ON,2003,10,0,0,197,0,0,100,0,0,100,0,0
375,MB,2003,1684.294,15070.212,38000.913,2496.694,11054.838,20614.118,3,28,69,7,32,60
376,MB,2003,0,20,0,0,34,0,0,100,0,0,100,0
378,ON,2003,54,647,0,408,6960,0,8,92,0,6,94,0
379,MB,2003,1015.697,659.704,0,1889.555,1410.443,0,61,39,0,57,43,0
380,MB,2003,1475.102,123.838,1525.36,4771.168,1783.173,3542.659,47,4,49,47,18,35
381,ON,2003,0,1963,0,0,43661,0,0,100,0,0,100,0
383,ON,2003,282.571,2686.43,0,1586.714,11497.285,0,10,90,0,12,88,0
386,ON,2003,58,0,0,640,0,0,100,0,0,100,0,0
391,ON,2003,13,0,0,176,0,0,100,0,0,100,0,0
400,ON,2003,0,0,429,0,0,2884,0,0,100,0,0,100
401,ON,2003,100.345,658.522,1296.134,1078.79,3802.918,15257.29,5,32,63,5,19,76
401,QC,2003,1026.999,47,14673.23,6907,260,79975.131,7,0,93,8,0,92
402,ON,2003,0,96,0,0,730,0,0,100,0,0,100,0
407,ON,2003,203.602,0,130.399,1650.079,0,869.921,61,0,39,65,0,35
408,ON,2003,0,17543,0,0,39907,0,0,100,0,0,100,0
408,QC,2003,1595.256,707.006,10027.078,4030.244,2903.333,26227.423,13,6,81,12,9,79
409,ON,2003,69,574,0,645,5619.001,0,11,89,0,10,90,0
410,ON,2003,66.2,163.8,0,273.1,891.9,0,29,71,0,23,77,0
411,ON,2003,4239.926,2261.072,0,30577.055,8885.944,0,65,35,0,77,23,0
412,ON,2003,0,198,792,0,1998.2,7992.8,0,20,80,0,20,80
413,ON,2003,4540.069,1132.817,291.387,57212.02,8671.487,1776.42,76,19,5,85,13,3
415,QC,2003,608.22,0,0,1780,0,0,100,0,0,100,0,0
418,QC,2003,9944.081,865.7,829,18240,2375,2184.999,85,7,7,80,10,10
419,QC,2003,179,0,0,584,0,0,100,0,0,100,0,0
421,QC,2003,755.66,0,0,3594,0,0,100,0,0,100,0,0
422,QC,2003,66,0,0,342,0,0,100,0,0,100,0,0
423,QC,2003,926.66,625,0,6010,4327,0,60,40,0,58,42,0
424,QC,2003,1839.001,1116.999,1327,4304.999,4266.1,743.9,43,26,31,46,46,8
425,QC,2003,7597.179,2971.001,6328.979,40319.601,24337.43,26242.77,45,18,37,44,27,29
426,QC,2003,3522,418,0,6386,690,0,89,11,0,90,10,0
431,QC,2003,7,0,0,41,0,0,100,0,0,100,0,0
438,QC,2003,378.42,0,0,693,0,0,100,0,0,100,0,0
439,QC,2003,162,0,0,471,0,0,100,0,0,100,0,0
440,QC,2003,313,0,0,787,0,0,100,0,0,100,0,0
441,QC,2003,25796.55,33035.363,4412.145,29980.719,45336.879,5070.701,41,52,7,37,56,6
455,NF,2003,29.11,0,0,274,0,0,100,0,0,100,0,0
458,NF,2003,33,158.371,0,115,1029.999,0,17,83,0,10,90,0
460,NF,2003,0,13.001,0,0,64,0,0,100,0,0,100,0
461,NF,2003,0,295.667,0,0,931,0,0,100,0,0,100,0
462,NF,2003,0,19.002,0,0,96,0,0,100,0,0,100,0
463,NF,2003,0,131.998,0,0,983.001,0,0,100,0,0,100,0
466,NF,2003,28,284.959,0,59,1076.999,0,9,91,0,5,95,0
468,NF,2003,0,31.8,0,0,202,0,0,100,0,0,100,0
471,NF,2003,111,155.039,0,140,563,0,42,58,0,20,80,0
475,NF,2003,0,508.68,0,0,2287.999,0,0,100,0,0,100,0
477,NF,2003,9.67,0,0,172,0,0,100,0,0,100,0,0
478,QC,2003,903,1149.499,0,3256,3985.9,0,44,56,0,45,55,0
479,QC,2003,5445.508,30329.932,5461.12,13587.718,82163.98,10296.3,13,74,13,13,77,10
481,QC,2003,0,5516,0,0,10822,0,0,100,0,0,100,0
482,QC,2003,14928.46,16125.138,0,79925,69205.798,0,48,52,0,54,46,0
483,QC,2003,10964.25,27258.65,634.101,46779.998,72079.801,1647.199,28,70,2,39,60,1
484,NB,2003,0,157,0,0,424,0,0,100,0,0,100,0
484,QC,2003,348,3439.97,0,1681,7842,0,9,91,0,18,82,0
485,NB,2003,384.486,451.514,0,1393.882,1102.117,0,46,54,0,56,44,0
486,NB,2003,821.4,5983.6,0,560.49,5399.51,0,12,88,0,9,91,0
487,NB,2003,340.614,663.385,0,1136.395,2774.604,0,34,66,0,29,71,0
487,QC,2003,31.609,1725.39,0,71.186,3904.815,0,2,98,0,2,98,0
488,NB,2003,34,321,0,94.667,898.333,0,10,90,0,10,90,0
489,NB,2003,220,884,0,430,1531,0,20,80,0,22,78,0
490,NB,2003,295,724,0,975.755,878.244,0,29,71,0,53,47,0
493,NB,2003,1606.248,18073.042,1176.709,1984.317,15530.132,683.548,8,87,6,11,85,4
494,NB,2003,0,14980.999,0,0,14362,0,0,100,0,0,100,0
495,NB,2003,202.75,477.25,0,1257.24,2328.761,0,30,70,0,35,65,0
496,NB,2003,2333.483,385.402,183.114,18129.504,3215.607,1567.886,80,13,6,79,14,7
497,NB,2003,120.75,604.25,0,1047.548,2916.452,0,17,83,0,26,74,0
498,NB,2003,328,0,0,1795,0,0,100,0,0,100,0,0
499,NB,2003,381.48,271.17,12.35,1546.64,2881.21,85.15,57,41,2,34,64,2
500,NB,2003,4087.669,120.933,189.4,11736.101,270.497,872.4,93,3,4,91,2,7
501,NB,2003,633.65,1421.35,0,1641.13,3883.87,0,31,69,0,30,70,0
502,NB,2003,422.686,736.316,0,1295.976,3066.022,0,36,64,0,30,70,0
503,NB,2003,1516.283,1604.718,16,9173,14261,132,48,51,1,39,61,1
504,NB,2003,1175,449,0,7388.999,289,0,72,28,0,96,4,0
504,NS,2003,4459.096,1463.405,0,21371.044,8253.96,0,75,25,0,72,28,0
505,NB,2003,255,754.998,0,994,5089,0,25,75,0,16,84,0
506,NB,2003,23,384,0,784.96,1594.04,0,6,94,0,33,67,0
507,NB,2003,196.999,1076,0,1770,7253.501,0,15,85,0,20,80,0
507,NS,2003,3774.415,1788.889,0,8170.302,4560.075,0,68,32,0,64,36,0
508,NB,2003,301.999,0,0,878.999,0,0,100,0,0,100,0,0
509,NS,2003,282,1779.002,0,622.001,4068,0,14,86,0,13,87,0
510,NS,2003,131.317,84.334,0,194,187,0,61,39,0,51,49,0
511,NS,2003,0,111,0,0,110.998,0,0,100,0,0,100,0
512,NS,2003,0,2657.516,0,0,4291.001,0,0,100,0,0,100,0
513,NS,2003,164.021,426.561,0,367.532,1212.467,0,28,72,0,23,77,0
514,NS,2003,10.69,0,0,23,0,0,100,0,0,100,0,0
516,NS,2003,310.274,762.637,0,1796.285,2286.716,0,29,71,0,44,56,0
517,NS,2003,677.578,4624.251,0,3218.233,23494.768,0,13,87,0,12,88,0
518,NS,2003,9410.695,4772.007,0,15343.473,11861.076,0,66,34,0,56,44,0
519,NS,2003,0,290,0,0,868,0,0,100,0,0,100,0
520,NS,2003,8.25,392.75,0,86.5,2351.501,0,2,98,0,4,96,0
521,NS,2003,0,37,0,0,784,0,0,100,0,0,100,0
522,NS,2003,116.3,348.617,0,907.431,3489.573,0,25,75,0,21,79,0
523,NS,2003,190.276,936.253,0,734.857,3866.148,0,17,83,0,16,84,0
524,NS,2003,19,29,0,216,105,0,40,60,0,67,33,0
525,NS,2003,500.075,1946.577,0,1708.571,6859.43,0,20,80,0,20,80,0
527,NS,2003,76.87,893.129,0,222.419,2037.582,0,8,92,0,10,90,0
528,NS,2003,1499.387,1248.394,0,1656.837,1611.165,0,55,45,0,51,49,0
529,NS,2003,0,573.001,0,0,563.001,0,0,100,0,0,100,0
530,NS,2003,34,1199.996,0,96,1693.998,0,3,97,0,5,95,0
531,NS,2003,567.368,1801.91,0,756.982,3943.017,0,24,76,0,16,84,0
534,PE,2003,17159.657,5115.343,0,15335.652,4168.347,0,77,23,0,79,21,0
535,PE,2003,20271,0,0,14257,0,0,100,0,0,100,0,0
536,PE,2003,41931.502,2274.5,0,40452.209,2514.792,0,95,5,0,94,6,0
537,PE,2003,20208.889,491.112,0,26299.667,648.334,0,98,2,0,98,2,0
538,PE,2003,5977,0,0,4179,0,0,100,0,0,100,0,0
539,QC,2003,38,340.21,67.98,177.326,808.674,238,9,76,15,14,66,19
540,QC,2003,182908.347,99169.279,73512.794,210402.634,75472.221,71769.749,51,28,21,59,21,20
541,ON,2003,0,13657.601,2303.4,1506.222,4269.579,1322.2,0,86,14,21,60,19
541,QC,2003,140004.874,41415.671,269893.869,60909.482,16146.327,94544.19,31,9,60,35,9,55
542,ON,2003,0,641.168,11631.153,3403.56,2460.199,41712.24,0,5,95,7,5,88
543,ON,2003,5140,30541.436,12264.533,9358.776,28853.756,14539.772,11,64,26,18,55,28
543,QC,2003,0,198,974,0,888,3026.4,0,17,83,0,23,77
544,ON,2003,2140.082,52198.733,13366.384,5512.381,34642.533,8183.084,3,77,20,11,72,17
545,ON,2003,2732.184,12165.971,10008.144,8261.874,10777.349,14185.778,11,49,40,25,32,43
546,ON,2003,0,29815.322,6440.642,0,39344.785,9218.216,0,82,18,0,81,19
546,QC,2003,0,270,0,0,389,0,0,100,0,0,100,0
547,ON,2003,4368.656,18410.776,13105.149,18943.557,32007.949,36970.785,12,51,37,22,36,42
548,QC,2003,347.96,0,0,406,0,0,100,0,0,100,0,0
549,ON,2003,0,454.972,4361.146,0,1456.457,16685.545,0,9,91,0,8,92
550,ON,2003,930.551,3443.809,1322.054,7075.921,38040.603,10437.818,16,60,23,13,68,19
551,ON,2003,26300.292,59325.146,39034.964,51750.089,57441.176,76821.734,21,48,31,28,31,41
552,ON,2003,22736.49,3631.651,0,78029.431,27242.919,0,86,14,0,74,26,0
553,ON,2003,57326.309,94849.769,16659.919,66836.652,82858.88,19557.182,34,56,10,39,49,12
554,ON,2003,13877.315,3029.867,0,44008.025,6183.974,0,82,18,0,88,12,0
555,ON,2003,7297.665,5379.354,14889.113,18305.983,23827.371,33002.717,26,20,54,24,32,44
556,ON,2003,19708.089,91523.022,1821.363,45143.706,107130.608,2350.687,17,81,2,29,69,2
557,ON,2003,10151.259,270954.583,0,4390.754,98122.247,0,4,96,0,4,96,0
558,ON,2003,14765.205,207844.365,844.63,17462.16,103902.848,335.99,7,93,0,14,85,0
559,ON,2003,0,310.4,0,0,0,0,0,100,0,,,
560,ON,2003,24206.918,59814.143,0,14721.154,28265.85,0,29,71,0,34,66,0
561,ON,2003,746.525,20810.411,2433.333,398.75,10102.639,1173.111,3,87,10,3,87,10
562,ON,2003,0,24386.334,11486.666,0,15789.889,7969.112,0,68,32,0,66,34
563,ON,2003,0,142,0,0,152,0,0,100,0,0,100,0
564,ON,2003,10562.581,63008.368,20587.568,14161.788,27955.848,14760.373,11,67,22,25,49,26
565,ON,2003,90553.274,207616.05,85208.68,15657.232,46133.768,15289.997,24,54,22,20,60,20
566,ON,2003,204.25,11560.502,8040.45,108,4175.6,3428.6,1,58,41,1,54,44
567,ON,2003,7090,159907.464,19801.535,2027.778,45117.394,5909.829,4,86,11,4,85,11
568,ON,2003,76914.917,8931.181,294.9,15494.048,1804.951,56,89,10,0,89,10,0
569,ON,2003,3434.016,24425.626,81568.356,1199.673,11287.981,45834.349,3,22,75,2,19,79
570,ON,2003,11030.159,220549.064,54220.176,1092.596,30323.774,6823.629,4,77,19,3,79,18
571,ON,2003,9835.11,2032.666,2710.222,1660.778,260.667,347.555,67,14,19,73,11,15
572,ON,2003,3389.641,15756.619,3355.6,600.776,2374.147,859.076,15,70,15,16,62,22
581,BC,2003,66,2085.08,0,208.8,6695,0,3,97,0,3,97,0
583,AB,2003,0,41.052,60.947,0,91.632,135.368,0,40,60,0,40,60
583,BC,2003,0,2838.655,910.684,0,8320.89,1989.111,0,76,24,0,81,19
584,AB,2003,0,0,811,0,0,1802,0,0,100,0,0,100
585,BC,2003,544.944,17568.321,0.312,2226.444,67403.93,1.625,3,97,0,3,97,0
586,AB,2003,6865.777,60563.676,27077.447,5319.176,27982.307,16404.515,7,64,29,11,56,33
587,AB,2003,19288.879,1159.2,0,10213.201,663.9,0,94,6,0,94,6,0
588,AB,2003,3088.597,7982.901,75565.191,4178.091,8478.513,57434.597,4,9,87,6,12,82
589,AB,2003,640.475,2081.544,0,347.529,1129.471,0,24,76,0,24,76,0
590,AB,2003,0,18976.785,35047.594,0,15571.521,48105.479,0,35,65,0,24,76
591,AB,2003,229.4,2046.835,97287.334,262.1,1847,107957,0,2,98,0,2,98
591,BC,2003,12722.752,56876.666,14677.958,35532.182,157697.098,28547.185,15,67,17,16,71,13
592,AB,2003,869.241,17190.328,85658.892,1120.941,23746.397,88931.661,1,17,83,1,21,78
593,AB,2003,0,6037.206,74162.793,0,3660.235,50464.765,0,8,92,0,7,93
594,AB,2003,0,0,39970.001,0,0,53170,0,0,100,0,0,100
595,AB,2003,0,3231.294,68663.706,0,1569.647,38140.353,0,4,96,0,4,96
596,AB,2003,7256.149,36797.567,43002.174,4714.526,25131.981,29143.695,8,42,49,8,43,49
597,AB,2003,1104.7,13813.6,21808.999,1749.4,21667.2,27170,3,38,59,3,43,54
598,AB,2003,0,1242.5,69105.502,0,1269.1,69965.899,0,2,98,0,2,98
599,AB,2003,0,4817,55646,0,4799,44141,0,8,92,0,10,90
600,AB,2003,1476.019,166.705,1271.333,2858.625,464.941,3379.333,51,6,44,43,7,50
609,AB,2003,0,0,261,0,0,465,0,0,100,0,0,100
610,AB,2003,762.085,8467.554,19203.992,840.282,17066.229,50337.485,3,30,68,1,25,74
610,BC,2003,0,0,0,0,0.999,0,,,,0,100,0
611,AB,2003,154,839.1,2900.9,177.75,1150.5,4226.75,4,22,74,3,21,76
612,AB,2003,0,4060.767,1035.892,0,11857.028,3188.971,0,80,20,0,79,21
615,AB,2003,2808.969,10138.883,0,6521.44,21271.609,0,22,78,0,23,77,0
616,AB,2003,11817.438,2692.322,0,10568.142,5558.857,0,81,19,0,66,34,0
617,AB,2003,1125.142,3297.857,1023,2870.286,7297.214,2165.5,21,61,19,23,59,18
618,AB,2003,1036.233,7504.238,601.31,1275.497,7782.638,1148.25,11,82,7,12,76,11
618,BC,2003,278.827,3521.959,735.474,1326.772,16476.727,4789.5,6,78,16,6,73,21
619,AB,2003,0,427,0,0,804,0,0,100,0,0,100,0
622,AB,2003,1924.957,6559.003,0,6349.143,21976.857,0,23,77,0,22,78,0
623,AB,2003,2695.84,13251.673,2299.225,9856.8,49217.819,13606.381,15,73,13,14,68,19
625,AB,2003,25.333,50.667,0,94.667,189.334,0,33,67,0,33,67,0
626,AB,2003,0,956.002,0,0,4193.999,0,0,100,0,0,100,0
629,AB,2003,191.9,2132.968,594.02,691.9,9399.952,2210,7,73,20,6,76,18
630,AB,2003,70,2843.786,49.555,280.875,22761.236,186.889,2,96,2,1,98,1
631,AB,2003,0,1565.6,157.4,0,4509.9,457.1,0,91,9,0,91,9
647,SK,2003,1052.137,205.863,0,2279.168,474.832,0,84,16,0,83,17,0
650,AB,2003,164.773,2762.164,379.813,962.167,9685.414,1064.421,5,84,11,8,83,9
652,SK,2003,38.056,295.943,0,78.577,611.422,0,11,89,0,11,89,0
657,SK,2003,259.363,2755.138,0,614.207,7016.793,0,9,91,0,8,92,0
658,SK,2003,1367.912,696.038,0,660.61,335.39,0,66,34,0,66,34,0
660,SK,2003,737.577,10309.174,0,1156.306,15274.696,0,7,93,0,7,93,0
661,SK,2003,52.468,4223.532,0,65.943,5699.057,0,1,99,0,1,99,0
662,SK,2003,59.4,237.6,0,31.2,124.8,0,20,80,0,20,80,0
667,MB,2003,0,266,0,0,422,0,0,100,0,0,100,0
669,MB,2003,0,15737.85,0,0,14331,0,0,100,0,0,100,0
669,SK,2003,0,0,619,0,0,589,0,0,100,0,0,100
672,SK,2003,5765.636,4482.311,325.603,5302.54,3524.004,246.458,55,42,3,58,39,3
677,MB,2003,0,0,3400,0,0,5768,0,0,100,0,0,100
678,AB,2003,4164.477,86916.492,4157.686,7937.036,162163.903,7430.647,4,91,4,4,91,4
679,AB,2003,0,11240.77,0,0,32343.999,0,0,100,0,0,100,0
680,AB,2003,3751.981,58256.662,0,7372.3,116428.999,0,6,94,0,6,94,0
680,SK,2003,1352.808,20306.146,0,4338.959,37647.04,0,6,94,0,10,90,0
681,AB,2003,2581.494,74566.046,20451.41,2734.706,57578.245,13739.44,3,76,21,4,78,19
682,SK,2003,3843.555,4664.941,3034.353,7226.738,11980.628,2406.632,33,40,26,33,55,11
683,AB,2003,42369.77,18419.999,0,36933,9849,0,70,30,0,79,21,0
684,AB,2003,437.776,62819.373,21468.171,1588.116,167775.379,63850.604,1,74,25,1,72,27
685,SK,2003,857.157,21338.392,11857.002,1181.302,33593.517,12827.182,3,63,35,2,71,27
686,AB,2003,0,10768.39,0,0,21352,0,0,100,0,0,100,0
686,SK,2003,41.516,1633.484,0,153.912,5481.086,0,2,98,0,3,97,0
687,AB,2003,2762.777,9476.72,0,4417.318,14163.206,0,23,77,0,24,76,0
687,SK,2003,8429.623,86151.377,0,10148.262,80355.738,0,9,91,0,11,89,0
688,AB,2003,0,57714.4,0,0,58985.1,0,0,100,0,0,100,0
689,SK,2003,2769.481,41031.018,0,4791.636,27272.362,0,6,94,0,15,85,0
690,SK,2003,3183.561,36394.843,0,3846.73,38204.273,0,8,92,0,9,91,0
691,SK,2003,15639.025,1486.274,0,7965.8,309.201,0,91,9,0,96,4,0
692,AB,2003,32.314,23410.688,7878.702,166.536,85641.517,40628.452,0,75,25,0,68,32
693,SK,2003,9917.182,108436.818,0,12552.281,30926.718,0,8,92,0,29,71,0
694,SK,2003,38616.602,39577.134,19280.269,13627.236,11435.596,5557.171,40,41,20,45,37,18
695,SK,2003,27392.382,14534.619,0,22378.803,13187.195,0,65,35,0,63,37,0
696,SK,2003,63763.73,90383.227,0,39649.982,39025.015,0,41,59,0,50,50,0
697,SK,2003,0,7481.574,40290.426,0,3039.429,16385.571,0,16,84,0,16,84
698,SK,2003,30801.477,21190.032,0,8644.013,8346.984,0,59,41,0,51,49,0
699,SK,2003,0,30911,0,0,26857.001,0,0,100,0,0,100,0
700,SK,2003,0,9578.001,30270.051,0,7525.565,11360.433,0,24,76,0,40,60
701,SK,2003,58011.101,14374.296,0,37346.251,4620.754,0,80,20,0,89,11,0
702,SK,2003,7815.396,189488.133,17962.467,4284.135,31421.443,981.425,4,88,8,12,86,3
703,AB,2003,0,47173.169,640.909,0,131231.789,2001.13,0,99,1,0,98,2
704,SK,2003,958.331,55125.517,20189.452,830.961,30352.826,9463.209,1,72,26,2,75,23
705,SK,2003,0,60373.934,215178.064,0,26041.399,17252.599,0,22,78,0,60,40
706,SK,2003,3588.721,107331.277,0,536.713,26260.284,0,3,97,0,2,98,0
707,SK,2003,11791.924,156053.604,1769.573,19688.185,60805.274,706.537,7,92,1,24,75,1
708,AB,2003,1342.8,46122.792,0,4299.3,135772.35,0,3,97,0,3,97,0
709,MB,2003,4111.522,137414.271,13175.057,3976.835,85769.121,4783.047,3,89,9,4,91,5
709,SK,2003,26054.878,164411.311,11796.809,14886.435,72100.113,3256.451,13,81,6,16,80,4
710,SK,2003,1198.868,13863.433,0,1436.065,21575.934,0,8,92,0,6,94,0
711,SK,2003,246.111,17771.841,0,929.056,24081.945,0,1,99,0,4,96,0
714,MB,2003,0,1403,0,0,1799,0,0,100,0,0,100,0
714,SK,2003,0,47540.206,4808.245,0,43906.431,3234.569,0,91,9,0,93,7
715,MB,2003,659.155,15710.039,10718.904,1490.656,12566.623,10798.721,2,58,40,6,51,43
715,SK,2003,0,8853.641,2558.359,0,5183.464,1240.535,0,78,22,0,81,19
716,MB,2003,3814.649,36418.05,17591.05,4243.999,28024.5,16561.5,7,63,30,9,57,34
717,MB,2003,41121.036,38375.618,11533.846,30586.419,33270.215,5434.364,45,42,13,44,48,8
718,MB,2003,0,2292.7,0,0,10374,0,0,100,0,0,100,0
720,MB,2003,0,0,1570.6,0,0,6173,0,0,100,0,0,100
723,MB,2003,95,25260.25,2676.7,317,108979.001,4561,0,90,10,0,96,4
724,MB,2003,2360.999,23883.509,123002.14,7723.199,25710.969,84212.833,2,16,82,7,22,72
726,MB,2003,42804.407,0,1379.544,78286.57,0,1103.429,97,0,3,99,0,1
727,AB,2003,24347.641,162832.759,127249.32,21447.882,121371.327,64318.556,8,52,40,10,59,31
728,AB,2003,3585,183491.105,3566.647,2409.444,58772.655,687.803,2,96,2,4,95,1
729,AB,2003,33424.306,104707.25,0,23302.711,47356.95,0,24,76,0,33,67,0
729,SK,2003,22526.275,380834.721,0,10301.385,141915.61,0,6,94,0,7,93,0
730,AB,2003,43602.482,389391.427,10886.666,27938.76,208207.127,6788.611,10,88,2,12,86,3
731,AB,2003,19883.7,418766.96,0,16256.6,188500.87,0,5,95,0,8,92,0
732,AB,2003,0,12762.9,0,0,20258.1,0,0,100,0,0,100,0
733,SK,2003,29023.975,145423.349,9421.671,7437.59,71510.077,1975.329,16,79,5,9,88,2
734,SK,2003,34055.866,13095.135,0,19513.861,2931.138,0,72,28,0,87,13,0
735,SK,2003,3772.615,157761.38,0,5987.599,42489.402,0,2,98,0,12,88,0
736,SK,2003,38894,221365.513,7805.491,12404.742,51955.553,1077.707,15,83,3,19,79,2
737,AB,2003,17380.8,88693.899,11560.55,17528.9,99345.25,12948.85,15,75,10,14,77,10
738,AB,2003,6958.61,125336.12,0,6860.35,30672,0,5,95,0,18,82,0
739,AB,2003,104114.856,7889.4,0,83203.524,10086.3,0,93,7,0,89,11,0
739,SK,2003,40515.272,4141.727,0,24960.918,1922.082,0,91,9,0,93,7,0
740,AB,2003,13546.2,139331.801,0,13236,86477.5,0,9,91,0,13,87,0
741,SK,2003,4269.02,155624.833,1420.154,443.725,17949.918,93.358,3,96,1,2,97,1
742,SK,2003,29826.878,11850.122,0,12669.038,373.963,0,72,28,0,97,3,0
743,AB,2003,2249.1,83822.162,0,521.1,35270.26,0,3,97,0,1,99,0
743,SK,2003,4325.693,6769.345,2506.963,1193.468,3229.952,1253.333,32,50,18,21,57,22
744,AB,2003,0,169564.77,14579.68,0,93043.31,3131.84,0,92,8,0,97,3
745,SK,2003,27992.256,722889.221,3080.527,8040.025,126995.979,823.996,4,96,0,6,93,1
746,AB,2003,0,126563.75,0,0,109964.4,0,0,100,0,0,100,0
747,SK,2003,26344.931,42665.071,0,19993.018,9355.983,0,38,62,0,68,32,0
748,SK,2003,6230.129,651743.401,849.476,2168.171,155582.643,125.181,1,99,0,1,99,0
749,SK,2003,15263.825,353122.176,0,5942.668,102003.53,0,4,96,0,6,94,0
750,AB,2003,0,50474.05,9924.35,0,109998.5,28967.1,0,84,16,0,79,21
751,MB,2003,12348.248,36193.103,0,12213.622,22299.603,95.377,25,75,0,35,64,0
751,SK,2003,14563.643,13295.204,0,8329.131,8364.869,0,52,48,0,50,50,0
752,MB,2003,0,108558.046,1530.954,0,52543.438,712.561,0,99,1,0,99,1
752,SK,2003,14428.852,416169.151,0,5458.589,141161.412,0,3,97,0,4,96,0
753,MB,2003,3218.481,436645.506,6246.012,2432.813,173237.202,3023.985,1,98,1,1,97,2
754,SK,2003,2991.067,162988.96,58462.971,2702.217,31260.378,10330.406,1,73,26,6,71,23
755,SK,2003,2462.988,185797.013,0,483.789,45971.209,0,1,99,0,1,99,0
756,SK,2003,6677.468,331338.533,0,944.369,113858.629,0,2,98,0,1,99,0
757,MB,2003,64092.175,25035.826,1572.65,41899.274,8710.725,0,71,28,2,83,17,0
758,MB,2003,40486.276,117130.395,8496.728,28203.881,44241.033,9522.661,24,71,5,34,54,12
759,MB,2003,4821.709,34190.291,0,6857.347,14087.652,0,12,88,0,33,67,0
760,MB,2003,0,82952.001,0,3070.938,26364.062,0,0,100,0,10,90,0
760,SK,2003,5205.378,350608.62,0,6052.634,130291.365,0,1,99,0,4,96,0
761,SK,2003,0,15377.001,1948,0,10227.998,1342,0,89,11,0,88,12
762,SK,2003,28521.229,75010.766,0,11946.002,32263,0,28,72,0,27,73,0
763,MB,2003,88909.2,55610.298,5174.507,70881.715,32704.844,7421.438,59,37,3,64,29,7
763,SK,2003,36103.436,15418.565,0,18843.922,5023.079,0,70,30,0,79,21,0
764,MB,2003,0,69573.998,0,1503.617,30331.382,0,0,100,0,5,95,0
765,MB,2003,3115.805,337047.195,0,7678.17,96384.839,903.043,1,99,0,7,92,1
766,MB,2003,995.722,179096.279,0,736.143,54775.854,0,1,99,0,1,99,0
767,SK,2003,3924.768,441834.76,46707.46,590.175,48897.571,5472.26,1,90,9,1,89,10
768,SK,2003,0,42466.999,0,0,9060,0,0,100,0,0,100,0
769,AB,2003,0,94734.85,0,0,69870.35,0,0,100,0,0,100,0
770,SK,2003,68223.266,228615.925,8539.814,25913.848,42524.021,1786.136,22,75,3,37,61,3
771,AB,2003,15015.305,80814.628,216,7456.917,44341.969,115.4,16,84,0,14,85,0
771,SK,2003,0,49248.786,1624.215,528.338,11069.13,453.531,0,97,3,4,92,4
772,SK,2003,13188.192,29892.808,0,12065.601,2130.402,0,31,69,0,85,15,0
773,SK,2003,12238.369,267794.299,30869.331,2611.978,37624.404,5433.62,4,86,10,6,82,12
774,SK,2003,0,68771.004,0,0,6218.997,0,0,100,0,0,100,0
775,SK,2003,3408.377,73163.623,0,214.731,10308.268,0,4,96,0,2,98,0
776,SK,2003,42860.801,9631.199,0,23590.439,2442.56,0,82,18,0,91,9,0
777,AB,2003,12044.75,2726.55,0,10995.9,2546.55,0,82,18,0,81,19,0
778,SK,2003,21056.986,8871.013,0,4132.173,1740.827,0,70,30,0,70,30,0
779,AB,2003,0,28168.2,0,0,18921.6,0,0,100,0,0,100,0
780,SK,2003,8897.323,54250.939,273808.74,1146.862,3261.178,15833.959,3,16,81,6,16,78
781,AB,2003,12028.24,55214.782,148455.298,5320.56,14140.02,18188.201,6,26,69,14,38,48
782,SK,2003,18113.302,556109.699,0,6049.164,77938.826,0,3,97,0,7,93,0
783,SK,2003,0,279595.999,0,0,43428.001,0,0,100,0,0,100,0
784,SK,2003,12643.306,76134.322,2176.371,3863.263,15513.605,304.135,14,84,2,20,79,2
785,SK,2003,0,80756.898,6326.102,0,13518.254,495.747,0,93,7,0,96,4
786,AB,2003,0,96955.95,21.7,0,33950.7,13.6,0,100,0,0,100,0
787,AB,2003,0,47740.2,0,0,10712.5,0,0,100,0,0,100,0
788,AB,2003,0,48306.8,16054.2,0,14612.2,2533.8,0,75,25,0,85,15
789,SK,2003,16424.785,131512.644,2786.572,9876.729,19677.272,0,11,87,2,33,67,0
790,AB,2003,14305.9,42312.701,0,4293.8,8733.8,0,25,75,0,33,67,0
791,AB,2003,0,193767,0,0,29452,0,0,100,0,0,100,0
792,SK,2003,35129.142,62724.761,628878.101,16491.922,14831.572,34572.504,5,9,87,25,23,52
793,AB,2003,46593.18,344854.088,22683.835,17124.985,121447.068,6190.659,11,83,5,12,84,4
794,SK,2003,0,475205.003,0,0,68663.002,0,0,100,0,0,100,0
795,SK,2003,0,256630,0,1082.28,42609.719,0,0,100,0,2,98,0
796,SK,2003,14113.782,55425.216,0,8333.111,12005.874,0,20,80,0,41,59,0
797,AB,2003,1946,17093.5,62.5,843.5,7078.005,41,10,89,0,11,89,1
798,AB,2003,32196.6,322633.1,29684.8,17885.7,140501.84,14631.51,8,84,8,10,81,8
799,AB,2003,0,61766,0,0,63489,0,0,100,0,0,100,0
800,AB,2003,0,73653.85,73653.3,0,58793.17,43390.39,0,50,50,0,58,42
801,AB,2003,0,33852.05,2917.95,0,46432.85,3897.15,0,92,8,0,92,8
802,AB,2003,0,72644,0,678.84,36844.3,0,0,100,0,2,98,0
803,SK,2003,7106.973,106597.278,55404.749,1533.06,11324.891,4999.044,4,63,33,9,63,28
804,AB,2003,13394.18,36887.12,0,10107.42,19564.78,0,27,73,0,34,66,0
805,AB,2003,4528.124,6838.056,3875.82,1406.102,1638.942,928.955,30,45,25,35,41,23
805,SK,2003,4719.159,43482.188,24511.653,1005.736,6551.127,3489.136,6,60,34,9,59,32
806,AB,2003,1876,62442.15,502.25,1838.1,69549.69,389.2,3,96,1,3,97,1
807,SK,2003,0,67470.501,9033.496,0,6761.351,689.648,0,88,12,0,91,9
808,SK,2003,3396.886,113940.549,439460.569,299.408,8624.076,29870.515,1,20,79,1,22,77
809,AB,2003,4321.9,104021.65,0,2640.755,33965.845,0,4,96,0,7,93,0
809,SK,2003,4178.32,109335.436,27718.242,654.124,9860.371,1058.503,3,77,20,6,85,9
810,SK,2003,0,98322.001,0,0,15014,0,0,100,0,0,100,0
811,AB,2003,4286.4,4599.434,33722.766,987,836.614,4187.887,10,11,79,16,14,70
811,SK,2003,0,367.364,979.636,0,47.455,126.545,0,27,73,0,27,73
812,AB,2003,23582.375,14376.545,19761.2,31614.05,24116.83,16214.8,41,25,34,44,34,23
813,SK,2003,3070.134,88100.789,40287.08,1205.013,13056.03,5103.958,2,67,31,6,67,26
814,AB,2003,1335.6,11361.87,0,819.9,7492.46,0,11,89,0,10,90,0
815,AB,2003,21987.999,15428.034,0,9418.001,9158.593,0,59,41,0,51,49,0
815,SK,2003,23204.805,8764.195,0,1864.609,983.392,0,73,27,0,65,35,0
816,SK,2003,46068.763,334658.53,26101.702,27133.294,70959.601,3396.894,11,82,6,27,70,3
817,SK,2003,0,89532.022,3552.979,0,8323.452,316.547,0,96,4,0,96,4
818,AB,2003,0,28609.25,0,0,20085.15,0,0,100,0,0,100,0
819,SK,2003,22157.103,6319.897,0,4585.391,1303.609,0,78,22,0,78,22,0
820,SK,2003,739.92,172362.906,749.169,0,37574.3,59.7,0,99,0,0,100,0
821,AB,2003,1883.609,84292.816,669.793,727.624,23893.861,465.883,2,97,1,3,95,2
821,SK,2003,715.321,167353.682,0,980.934,35824.067,0,0,100,0,3,97,0
822,SK,2003,6240.032,143374.888,1348.076,1339,37512.921,856.08,4,95,1,3,94,2
823,AB,2003,23373.378,116787.624,0,7636.756,33311.246,0,17,83,0,19,81,0
824,SK,2003,22160.005,64690.683,1387.309,8853.819,24160.18,0,25,73,2,27,73,0
825,SK,2003,0,453108.996,0,1350.749,92229.04,0,0,100,0,1,99,0
826,SK,2003,16381.906,618749.723,94052.372,8480.458,125023.749,6449.909,2,85,13,6,89,5
827,SK,2003,29006.507,12183.724,2048.77,20773.22,7908.78,999,67,28,5,70,27,3
828,AB,2003,18693.982,558526.068,0,3253.83,93315.27,0,3,97,0,3,97,0
829,AB,2003,20355.6,10146.4,0,7010.35,3325.05,0,67,33,0,68,32,0
830,SK,2003,15969.6,263766.97,38415.431,5010.393,58669.191,5231.446,5,83,12,7,85,8
831,SK,2003,6057.627,135432.585,1345.788,1071.59,23979.41,0,4,95,1,4,96,0
832,SK,2003,13985.921,264486.974,777.102,6930.939,107146.349,838.715,5,95,0,6,93,1
833,AB,2003,87,17886.8,26.1,67.5,5918.2,20.25,0,99,0,1,99,0
833,SK,2003,0,34080.966,22569.035,0,21752.251,13515.747,0,60,40,0,62,38
834,SK,2003,0,60067.294,146289.706,0,11012.86,34941.14,0,29,71,0,24,76
835,SK,2003,0,6171.678,15086.323,0,1742.517,4259.485,0,29,71,0,29,71
836,AB,2003,0,8951,0,0,1837,0,0,100,0,0,100,0
837,AB,2003,0,19865,0,0,10339,0,0,100,0,0,100,0
837,SK,2003,0,13542.484,2788.516,0,9944.269,1787.729,0,83,17,0,85,15
838,AB,2003,798.5,3210.5,0,839.4,2420.601,0,20,80,0,26,74,0
838,SK,2003,0,52871.435,2491.569,0,21134.248,1649.038,0,95,5,0,93,7
839,MB,2003,7716.182,69555.667,8512.15,3073.068,32384.264,4002.669,9,81,10,8,82,10
840,MB,2003,40146.435,11281.768,13994.798,30921.256,13263.324,5041.421,61,17,21,63,27,10
841,MB,2003,19434.727,17247.772,0,2096.82,60388.18,0,53,47,0,3,97,0
843,MB,2003,13971.7,8018.3,0,17942.091,9123.91,0,64,36,0,66,34,0
844,MB,2003,9423.608,35420.193,5363.198,9319.449,33304.604,4835.948,19,71,11,20,70,10
846,MB,2003,0,12744.995,0,0,43741.001,0,0,100,0,0,100,0
847,MB,2003,0,28215.45,19717.25,0,12992.499,5139.5,0,59,41,0,72,28
848,MB,2003,894.316,8391.434,0,648.211,6700.789,0,10,90,0,9,91,0
849,MB,2003,10740.834,38717.888,619766.279,4910.167,20418.648,98595.184,2,6,93,4,16,80
850,MB,2003,116013.616,28130.383,0,76428.977,10547.022,0,80,20,0,88,12,0
851,MB,2003,0,41426.57,33126.429,0,9278.278,7035.724,0,56,44,0,57,43
852,MB,2003,39963.805,93880.742,111573.457,10001.467,10909.152,12104.378,16,38,45,30,33,37
853,MB,2003,0,17501.392,32236.607,0,1299.11,2392.89,0,35,65,0,35,65
854,MB,2003,5164.75,67849.25,0,2534.5,25923.5,0,7,93,0,9,91,0
855,MB,2003,0,10568,0,0,5774,0,0,100,0,0,100,0
940,BC,2003,60,13,0,303,60,0,82,18,0,83,17,0
943,BC,2003,0,2,0,0,5,0,0,100,0,0,100,0
944,BC,2003,136.516,22.189,0.3,790.177,118.522,2.3,86,14,0,87,13,0
948,BC,2003,0,0,0,1,0,0,,,,100,0,0
950,BC,2003,47.977,547.492,0,194.128,1815.871,0,8,92,0,10,90,0
955,BC,2003,37.458,16.743,53.7,262.314,87.886,457.8,35,16,50,32,11,57
956,BC,2003,948.565,834.343,432.602,4295.833,3877.077,1463.091,43,38,20,45,40,15
957,BC,2003,109.066,53.772,0,424.618,307.384,0,67,33,0,58,42,0
958,BC,2003,6.465,2.535,0,33.144,13.856,0,72,28,0,71,29,0
959,BC,2003,3570.243,19064.294,422.147,4833.71,27848.461,802.244,15,83,2,14,83,2
960,BC,2003,22,0,0,40,0,0,100,0,0,100,0,0
962,BC,2003,0,19,0,0,96,0,0,100,0,0,100,0
969,BC,2003,0,35.49,0,0,234,0,0,100,0,0,100,0
971,BC,2003,65.55,4.45,0,441.75,30.249,0,94,6,0,94,6,0
972,BC,2003,2254.595,1238.764,2345.457,21942.531,11056.783,19161.685,39,21,40,42,21,37
974,BC,2003,186.68,81.8,81.52,2085.11,625.45,854.44,53,23,23,58,18,24
975,BC,2003,5,0,0,706,0,0,100,0,0,100,0,0
976,BC,2003,266.056,493.506,0,4181.926,7659.077,0,35,65,0,35,65,0
977,BC,2003,440.348,605.09,0,6297.431,7571.569,0,42,58,0,45,55,0
978,BC,2003,623.895,1369.413,0,5340.48,12068.517,0,31,69,0,31,69,0
979,BC,2003,2951.076,7055.926,0,18822.28,50064.72,0,29,71,0,27,73,0
980,BC,2003,21,5.6,1.4,195.75,52.2,13.05,75,20,5,75,20,5
981,BC,2003,0,20,9,7,440,160,0,69,31,1,72,26
982,BC,2003,1798.498,1557.241,2243.46,17412.065,17976.598,24403.343,32,28,40,29,30,41
987,BC,2003,4,4,0,101,119,0,50,50,0,46,54,0
988,BC,2003,279.035,127.965,0,1122.92,667.08,0,69,31,0,63,37,0
990,BC,2003,140.849,26.144,0,762.512,78.489,0,84,16,0,91,9,0
991,BC,2003,101.366,3499.38,345.204,343.005,5541.32,1758.675,3,89,9,4,73,23
992,BC,2003,14.4,39.6,0,21.067,57.933,0,27,73,0,27,73,0
995,BC,2003,43.363,193.638,0,113.423,478.578,0,18,82,0,19,81,0
1001,BC,2003,1283.466,935.567,0,3849.044,2847.956,0,58,42,0,57,43,0
1002,BC,2003,185.6,32.4,0,971.5,170.5,0,85,15,0,85,15,0
1003,BC,2003,31,0,0,39,0,0,100,0,0,100,0,0
1004,BC,2003,457.131,1080.792,407.8,3563.386,6769.513,2718.1,23,56,21,27,52,21
1005,BC,2003,2021.804,2972.928,0,12454.831,19158.176,0,40,60,0,39,61,0
1006,BC,2003,2794.805,2413.422,0,23037.187,35803.81,0,54,46,0,39,61,0
1007,BC,2003,3037.762,2866.186,2471.176,4842.851,4915.68,5675.468,36,34,30,31,32,37
1008,BC,2003,1362.971,500.027,292.999,5102.367,2372.852,1461.779,63,23,14,57,27,16
1009,BC,2003,1183.689,290.442,0,2732.176,700.822,0,80,20,0,80,20,0
1010,BC,2003,2288.469,858.662,0,914.381,824.621,0,73,27,0,53,47,0
1011,BC,2003,721.476,135.503,0,3001.335,622.666,0,84,16,0,83,17,0
1012,BC,2003,159.89,55.108,0,1111.758,180.243,0,74,26,0,86,14,0
1013,BC,2003,289.555,142.333,127.11,2082.168,1286.556,1260.278,52,25,23,45,28,27
1015,BC,2003,1439.617,1391.384,0,3102.873,2696.126,0,51,49,0,54,46,0
1016,AB,2003,1382.5,1622.5,0,2830,3666,0,46,54,0,44,56,0
1017,BC,2003,117.962,87.04,0,606.681,456.32,0,58,42,0,57,43,0
1018,AB,2003,352.6,13315.55,242.95,563.55,23653.65,305.8,3,96,2,2,96,1
9593,AB,2003,0,10778.8,43115.2,0,6648.4,26593.6,0,20,80,0,20,80
9607,AB,2003,0,0,574,0,0,312,0,0,100,0,0,100
9609,AB,2003,478.533,3789.397,2357.05,1409.3,8447.6,4084.1,7,57,36,10,61,29
9687,AB,2003,6304.706,112119.622,0,6656.112,121700.236,0,5,95,0,5,95,0
9787,AB,2003,0,78421.47,0,0,17682.19,0,0,100,0,0,100,0
244,AB,2004,0,0,1276,0,0,1152,0,0,100,0,0,100
244,BC,2004,0,24.999,14,0,315.001,64,0,64,36,0,83,17
252,BC,2004,0,33,0,0,187,0,0,100,0,0,100,0
371,MB,2004,0,0,114,0,0,82,0,0,100,0,0,100
374,ON,2004,9,0,0,189,0,0,100,0,0,100,0,0
375,MB,2004,1808.981,15003.223,37816.216,2377.525,11133.274,20538.85,3,27,69,7,33,60
376,MB,2004,0,20,0,0,32,0,0,100,0,0,100,0
378,ON,2004,45,616,0,378,7026,0,7,93,0,5,95,0
379,MB,2004,938.005,564.394,0,1886.548,1419.451,0,62,38,0,57,43,0
380,MB,2004,1349.787,104.953,1439.56,4878.321,1791.12,3631.56,47,4,50,47,17,35
381,ON,2004,0,1913,0,0,43367,0,0,100,0,0,100,0
383,ON,2004,282.572,2766.431,0,1524.714,11395.284,0,9,91,0,12,88,0
386,ON,2004,56,0,0,634,0,0,100,0,0,100,0,0
391,ON,2004,10,0,0,168,0,0,100,0,0,100,0,0
400,ON,2004,0,0,365,0,0,2748,0,0,100,0,0,100
401,ON,2004,82.866,589.604,1222.53,1041.269,3873.499,15303.232,4,31,65,5,19,76
401,QC,2004,951,46,14620.23,6851,260,79785.13,6,0,94,8,0,92
402,ON,2004,0,83,0,0,697,0,0,100,0,0,100,0
407,ON,2004,190.925,0,126.074,1621.284,0,845.717,60,0,40,66,0,34
408,ON,2004,0,17688,0,0,39821,0,0,100,0,0,100,0
408,QC,2004,1631.677,678.561,10278.302,3994.522,2932.556,26107.422,13,5,82,12,9,79
409,ON,2004,72,597.001,0,608,5596,0,11,89,0,10,90,0
410,ON,2004,61.7,186.3,0,268.9,845.1,0,25,75,0,24,76,0
411,ON,2004,4159.686,2298.315,0,30640.653,8826.346,0,64,36,0,78,22,0
412,ON,2004,0,203.6,814.4,0,1993,7972,0,20,80,0,20,80
413,ON,2004,4467.452,1147.876,296.5,57078.843,8651.349,1771.876,76,19,5,85,13,3
415,QC,2004,652.22,0,0,1733,0,0,100,0,0,100,0,0
418,QC,2004,10066.081,956.7,814,18095.001,2274,2187.999,85,8,7,80,10,10
419,QC,2004,177,0,0,589,0,0,100,0,0,100,0,0
421,QC,2004,750.66,0,0,3539,0,0,100,0,0,100,0,0
422,QC,2004,74,0,0,335,0,0,100,0,0,100,0,0
423,QC,2004,908.66,619,0,6029,4334,0,59,41,0,58,42,0
424,QC,2004,1877.001,1139,1336,4272,4248.101,734.9,43,26,31,46,46,8
425,QC,2004,7592.58,2989.6,6249.979,40265.5,24267.531,26287.769,45,18,37,44,27,29
426,QC,2004,3501,455,0,6411,649,0,88,12,0,91,9,0
431,QC,2004,7,0,0,41,0,0,100,0,0,100,0,0
438,QC,2004,363.42,0,0,700,0,0,100,0,0,100,0,0
439,QC,2004,198,0,0,435,0,0,100,0,0,100,0,0
440,QC,2004,314,0,0,773,0,0,100,0,0,100,0,0
441,QC,2004,25300.95,33357.783,4497.726,30387.919,44938.722,4984.858,40,53,7,38,56,6
455,NF,2004,24.11,0,0,278,0,0,100,0,0,100,0,0
458,NF,2004,39,178.371,0,109,1010.001,0,18,82,0,10,90,0
460,NF,2004,0,14,0,0,62.001,0,0,100,0,0,100,0
461,NF,2004,0,302.668,0,0,924.999,0,0,100,0,0,100,0
462,NF,2004,0,22.001,0,0,92.999,0,0,100,0,0,100,0
463,NF,2004,0,159.998,0,0,954.001,0,0,100,0,0,100,0
466,NF,2004,31,327.962,0,56,1034,0,9,91,0,5,95,0
468,NF,2004,0,35.8,0,0,199,0,0,100,0,0,100,0
471,NF,2004,135,174.04,0,116,545,0,44,56,0,18,82,0
475,NF,2004,0,554.681,0,0,2251.001,0,0,100,0,0,100,0
477,NF,2004,10.67,0,0,172,0,0,100,0,0,100,0,0
478,QC,2004,855,1103.1,0,3307,4029,0,44,56,0,45,55,0
479,QC,2004,5463.726,29826.715,5440.12,13563.206,82636.495,10317.3,13,73,13,13,78,10
481,QC,2004,0,5327,0,0,11018,0,0,100,0,0,100,0
482,QC,2004,15148.46,16361.838,0,79656,68926.101,0,48,52,0,54,46,0
483,QC,2004,11339.476,27404.624,648.9,46330.872,71825.925,1621.2,29,70,2,39,60,1
484,NB,2004,0,169,0,0,411,0,0,100,0,0,100,0
484,QC,2004,338,3470.97,0,1691,7771,0,9,91,0,18,82,0
485,NB,2004,399.712,480.288,0,1364.152,1058.848,0,45,55,0,56,44,0
486,NB,2004,804.7,5853.3,0,576.29,5504.71,0,12,88,0,9,91,0
487,NB,2004,358.269,702.73,0,1113.102,2724.901,0,34,66,0,29,71,0
487,QC,2004,31.609,1744.391,0,70.439,3842.56,0,2,98,0,2,98,0
488,NB,2004,32,303,0,95.333,902.667,0,10,90,0,10,90,0
489,NB,2004,231,865,0,419,1550,0,21,79,0,21,79,0
490,NB,2004,294,730,0,964.531,866.468,0,29,71,0,53,47,0
493,NB,2004,1615.142,17709.312,1164.548,1963.601,15772.462,691.935,8,86,6,11,86,4
494,NB,2004,0,14954,0,0,14267,0,0,100,0,0,100,0
495,NB,2004,202.25,474.75,0,1241.74,2331.26,0,30,70,0,35,65,0
496,NB,2004,2304.436,375.309,178.257,18106.906,3216.064,1563.029,81,13,6,79,14,7
497,NB,2004,128,617,0,1039.603,2904.397,0,17,83,0,26,74,0
498,NB,2004,333,0,0,1767,0,0,100,0,0,100,0,0
499,NB,2004,363.72,289.28,13,1553.399,2864.099,84.5,55,43,2,35,64,2
500,NB,2004,3893.841,119.459,186.7,11819.595,271.106,869.3,93,3,4,91,2,7
501,NB,2004,649.7,1455.3,0,1631.109,3847.892,0,31,69,0,30,70,0
502,NB,2004,408.03,734.966,0,1297.038,3057.962,0,36,64,0,30,70,0
503,NB,2004,1532.294,1607.707,17,9087.983,14243.017,132,49,51,1,39,61,1
504,NB,2004,1228,430,0,7316,289,0,74,26,0,96,4,0
504,NS,2004,4302.873,1371.625,0,21289.406,8226.595,0,76,24,0,72,28,0
505,NB,2004,250,752.999,0,985,5081.001,0,25,75,0,16,84,0
506,NB,2004,22,385,0,777.96,1558.04,0,5,95,0,33,67,0
507,NB,2004,192.999,1057.001,0,1726,7268.498,0,15,85,0,19,81,0
507,NS,2004,3584.765,1710.911,0,8154.285,4553.092,0,68,32,0,64,36,0
508,NB,2004,283.001,0,0,816,0,0,100,0,0,100,0,0
509,NS,2004,270,1711,0,634.001,4096.001,0,14,86,0,13,87,0
510,NS,2004,126.817,78.834,0,195.25,189.75,0,62,38,0,51,49,0
511,NS,2004,0,115.997,0,0,105.002,0,0,100,0,0,100,0
512,NS,2004,0,2703.519,0,0,4214,0,0,100,0,0,100,0
513,NS,2004,163.021,411.563,0,359.667,1192.333,0,28,72,0,23,77,0
514,NS,2004,11.69,0,0,21,0,0,100,0,0,100,0,0
516,NS,2004,280.776,674.134,0,1789.54,2283.461,0,29,71,0,44,56,0
517,NS,2004,681.08,4594.75,0,3209.43,23484.57,0,13,87,0,12,88,0
518,NS,2004,9116.967,4650.738,0,15467.142,11905.408,0,66,34,0,57,43,0
519,NS,2004,0,280,0,0,874,0,0,100,0,0,100,0
520,NS,2004,7.334,390.667,0,87.5,2335.5,0,2,98,0,4,96,0
521,NS,2004,0,41,0,0,779,0,0,100,0,0,100,0
522,NS,2004,109.543,320.379,0,895.118,3469.879,0,25,75,0,21,79,0
523,NS,2004,181.177,922.352,0,731.867,3824.136,0,16,84,0,16,84,0
524,NS,2004,27,27,0,209,104,0,50,50,0,67,33,0
525,NS,2004,482.428,1977.233,0,1657.413,6787.588,0,20,80,0,20,80,0
527,NS,2004,73.176,867.827,0,217.103,1978.898,0,8,92,0,10,90,0
528,NS,2004,1397.278,1159.5,0,1661.526,1603.474,0,55,45,0,51,49,0
529,NS,2004,0,542.001,0,0,571.002,0,0,100,0,0,100,0
530,NS,2004,32,1094.999,0,95.333,1710.668,0,3,97,0,5,95,0
531,NS,2004,554.688,1680.591,0,737.817,3967.183,0,25,75,0,16,84,0
534,PE,2004,16858.473,5042.528,0,15328.915,4194.085,0,77,23,0,79,21,0
535,PE,2004,19917,0,0,14432,0,0,100,0,0,100,0,0
536,PE,2004,41384.625,2215.375,0,40723.584,2542.417,0,95,5,0,94,6,0
537,PE,2004,19742.778,480.222,0,26535.222,657.778,0,98,2,0,98,2,0
538,PE,2004,5847,0,0,4276,0,0,100,0,0,100,0,0
539,QC,2004,38,312.21,66.98,175.664,836.336,237,9,75,16,14,67,19
540,QC,2004,183857.133,99544.16,73283.124,209617.154,75081.428,71997.031,52,28,21,59,21,20
541,ON,2004,0,13732.8,2323.2,1491.352,4181.698,1291.95,0,86,14,21,60,19
541,QC,2004,139924.344,41528.624,269317.452,60856.393,15963.626,94849.979,31,9,60,35,9,55
542,ON,2004,0,639.046,11699.272,3362.559,2462.32,41646.12,0,5,95,7,5,88
543,ON,2004,5083.999,30723.592,12277.177,9403.533,28479.353,14510.336,11,64,26,18,54,28
543,QC,2004,0,196,985,0,891,3016.4,0,17,83,0,23,77
544,ON,2004,2081.678,52216.204,13388.318,5508.937,34462.056,8124.005,3,77,20,11,72,17
545,ON,2004,2648.347,12270.727,9848.226,8345.663,10671.914,14341.425,11,50,40,25,32,43
546,ON,2004,0,29562.231,6366.728,0,39491.893,9270.108,0,82,18,0,81,19
546,QC,2004,0,277,0,0,381,0,0,100,0,0,100,0
547,ON,2004,4321.339,18151.439,12729.803,18993.493,32196.141,37325.655,12,52,36,21,36,42
548,QC,2004,338.96,0,0,415,0,0,100,0,0,100,0,0
549,ON,2004,0,417.58,4282.539,0,1469.5,16681.5,0,9,91,0,8,92
550,ON,2004,902.527,3454.485,1281.404,7017.391,37663.252,10778.851,16,61,23,13,68,19
551,ON,2004,26201.091,59187.875,38450.433,51752.461,57475.548,77367.996,21,48,31,28,31,41
552,ON,2004,22553.632,3560.183,0,78190.057,27317.897,0,86,14,0,74,26,0
553,ON,2004,57179.532,94886.834,16641.422,66828.906,82483.9,19551.191,34,56,10,40,49,12
554,ON,2004,13576.622,2932.557,0,44308.013,6281.986,0,82,18,0,88,12,0
555,ON,2004,7138.998,5509.424,14771.965,18457.456,23667.489,32923.031,26,20,54,25,32,44
556,ON,2004,19632.138,91791.729,1814.613,45149.896,106672.665,2357.437,17,81,2,29,69,2
557,ON,2004,10178.509,271201.334,0,4342.931,97431.069,0,4,96,0,4,96,0
558,ON,2004,14842.174,208172.439,864.587,17366.484,103102.485,316.033,7,93,0,14,85,0
559,ON,2004,0,310.4,0,0,0,0,0,100,0,,,
560,ON,2004,24443.813,59797.245,0,14332.922,28034.079,0,29,71,0,34,66,0
561,ON,2004,763.4,20658.565,2410.556,375.312,10193.784,1189.778,3,87,10,3,87,10
562,ON,2004,0,24188.998,11482.001,0,15934.557,7938.444,0,68,32,0,67,33
563,ON,2004,0,156,0,0,138,0,0,100,0,0,100,0
564,ON,2004,10451.856,62625.327,20566.333,14132.367,27993.769,14713.872,11,67,22,25,49,26
565,ON,2004,90394.82,207165.035,84913.14,15664.2,46209.105,15405.694,24,54,22,20,60,20
566,ON,2004,214,11612.049,8027.55,92.25,4086.249,3418.9,1,58,40,1,54,45
567,ON,2004,7108.334,159528.273,19795.399,1983.611,45074.581,5863.806,4,86,11,4,85,11
568,ON,2004,76827.172,8905.929,294.9,15362.99,1811.21,55.8,89,10,0,89,11,0
569,ON,2004,3407.694,24362.206,81797.1,1218.274,11215.847,45117.881,3,22,75,2,19,78
570,ON,2004,10986.772,219713.339,54070.288,1098.876,30458.446,6826.676,4,77,19,3,79,18
571,ON,2004,9782.444,2019.666,2692.89,1685.778,263.667,351.555,67,14,19,73,11,15
572,ON,2004,3434.688,15758.147,3350.026,580.718,2344.058,859.224,15,70,15,15,62,23
581,BC,2004,64.8,2039.08,0,210,6732,0,3,97,0,3,97,0
583,AB,2004,0,35.052,51.947,0,96.158,142.842,0,40,60,0,40,60
583,BC,2004,0,2713.655,819.684,0,8371.667,2060.333,0,77,23,0,80,20
584,AB,2004,0,0,695,0,0,1896,0,0,100,0,0,100
585,BC,2004,509.667,15844.663,0.25,2250.444,68469.929,1.625,3,97,0,3,97,0
586,AB,2004,6857.13,60405.565,26937.204,5245.058,27986.669,16191.272,7,64,29,11,57,33
587,AB,2004,19080.08,1175.85,0,10347.401,647.55,0,94,6,0,94,6,0
588,AB,2004,3033.581,7962.698,72917.41,4147.386,8381.37,59374.345,4,9,87,6,12,83
589,AB,2004,607.769,1975.251,0,372.235,1209.764,0,24,76,0,24,76,0
590,AB,2004,0,18372.728,34247.653,0,16028.616,48450.384,0,35,65,0,25,75
591,AB,2004,234.3,2042.335,95978.834,257.2,1846.5,107934.499,0,2,98,0,2,98
591,BC,2004,12079.944,54532.038,14353.036,35762.605,158631.549,28572.653,15,67,18,16,71,13
592,AB,2004,847.006,17139.23,86608.223,1133.647,23621.924,87735.428,1,16,83,1,21,78
593,AB,2004,0,6168.588,73620.412,0,3501.559,50492.441,0,8,92,0,6,94
594,AB,2004,0,0,39176.001,0,0,53403.999,0,0,100,0,0,100
595,AB,2004,0,3192.235,69758.765,0,1582.824,36714.177,0,4,96,0,4,96
596,AB,2004,7185.069,36108.695,42463.126,4733.13,25511.753,29180.818,8,42,50,8,43,49
597,AB,2004,1058.9,13305.202,21086.001,1767,22026.6,27416,3,38,59,3,43,54
598,AB,2004,0,1206.1,68845.899,0,1304.8,69922.2,0,2,98,0,2,98
599,AB,2004,0,4320,55045.999,0,5184,44637.001,0,7,93,0,10,90
600,AB,2004,1379.479,149.882,1238,2907.188,476.412,3376,50,5,45,43,7,50
609,AB,2004,0,0,292,0,0,426,0,0,100,0,0,100
610,AB,2004,722.223,8531.578,19179.831,872.604,16902.585,50178.812,3,30,67,1,25,74
610,BC,2004,0,0,0,0,0.999,0,,,,0,100,0
611,AB,2004,145.75,822.6,2884.65,183,1163.1,4244.9,4,21,75,3,21,76
612,AB,2004,0,4074.922,1025.739,0,11753.644,3166.356,0,80,20,0,79,21
615,AB,2004,2773.787,10094.713,0,6513.032,21186.369,0,22,78,0,24,76,0
616,AB,2004,12380.296,2746.465,0,10008.142,5449.857,0,82,18,0,65,35,0
617,AB,2004,1176,3206.5,1016.5,2820,7350,2162,22,59,19,23,60,18
618,AB,2004,974.36,7294.994,564.31,1327.472,7980.734,1173,11,83,6,13,76,11
618,BC,2004,274.648,3428.349,709.263,1324.899,16439.083,4791.016,6,78,16,6,73,21
619,AB,2004,0,401,0,0,828,0,0,100,0,0,100,0
622,AB,2004,1929.576,6600.385,0,6283.277,21741.722,0,23,77,0,22,78,0
623,AB,2004,2777.067,13470.389,2358.284,9722.234,48780.284,13517.483,15,72,13,13,68,19
625,AB,2004,27.999,56,0,92.667,185.333,0,33,67,0,33,67,0
626,AB,2004,0,952,0,0,4165,0,0,100,0,0,100,0
629,AB,2004,180.6,2148.864,618.576,696,9272.833,2186.167,6,73,21,6,76,18
630,AB,2004,65.875,3022.799,48.667,281.875,22506.014,185.111,2,96,2,1,98,1
631,AB,2004,0,1716,173,0,4281.1,432.9,0,91,9,0,91,9
647,SK,2004,1087.489,210.511,0,2244.555,470.445,0,84,16,0,83,17,0
650,AB,2004,203.273,2995.032,400.444,899,9296.684,1038.316,6,83,11,8,83,9
652,SK,2004,35.304,274.696,0,76.235,592.765,0,11,89,0,11,89,0
657,SK,2004,218.549,2387.949,0,645.235,7082.768,0,8,92,0,8,92,0
658,SK,2004,1258.582,640.368,0,711.652,361.348,0,66,34,0,66,34,0
660,SK,2004,693.019,9613.733,0,1146.877,15191.123,0,7,93,0,7,93,0
661,SK,2004,56.483,4656.516,0,60.209,5180.789,0,1,99,0,1,99,0
662,SK,2004,54.8,219.2,0,33.8,135.2,0,20,80,0,20,80,0
667,MB,2004,0,262,0,0,422,0,0,100,0,0,100,0
669,MB,2004,0,15585.852,0,0,14318,0,0,100,0,0,100,0
669,SK,2004,0,0,459,0,0,684,0,0,100,0,0,100
672,SK,2004,5509.642,4284.487,310.423,5443.397,3644.925,249.676,55,42,3,58,39,3
677,MB,2004,0,0,3141,0,0,5917,0,0,100,0,0,100
678,AB,2004,4094.632,88099.02,4196.156,7992.114,159807.605,7381.941,4,91,4,5,91,4
679,AB,2004,0,11481.771,0,0,32126,0,0,100,0,0,100,0
680,AB,2004,3797.581,57561.66,0,7289.65,115789,0,6,94,0,6,94,0
680,SK,2004,1165.528,18816.424,0,4209.504,36790.496,0,6,94,0,10,90,0
681,AB,2004,2567.377,74955.166,20425.41,2744.118,57130.83,13586.44,3,77,21,4,78,18
682,SK,2004,3551.983,4345.512,2811.357,6938.315,11363.473,2613.21,33,41,26,33,54,12
683,AB,2004,43117.77,18059.998,0,36150,9973,0,70,30,0,78,22,0
684,AB,2004,476.513,64466.009,22851.098,1547.979,165532.815,62386.406,1,73,26,1,72,27
685,SK,2004,818.195,18932.356,11098.001,1170.055,32403.226,13255.723,3,61,36,2,69,28
686,AB,2004,0,10957.391,0,0,21072,0,0,100,0,0,100,0
686,SK,2004,37.26,1543.74,0,152,5453.999,0,2,98,0,3,97,0
687,AB,2004,2704.222,9300.778,0,4430.744,14314.406,0,23,77,0,24,76,0
687,SK,2004,7897.2,81748.799,0,10171.251,80195.752,0,9,91,0,11,89,0
688,AB,2004,0,56740.498,0,0,59448.099,0,0,100,0,0,100,0
689,SK,2004,2655.633,39371.862,0,4836.978,28089.022,0,6,94,0,15,85,0
690,SK,2004,3021.113,33766.292,0,3875.942,38545.06,0,8,92,0,9,91,0
691,SK,2004,15315.574,1453.726,0,8066.652,335.348,0,91,9,0,96,4,0
692,AB,2004,34.271,25031.407,8419.003,157.192,83619.754,39924.045,0,75,25,0,68,32
693,SK,2004,9289.558,106217.437,0,12873.715,32145.285,0,8,92,0,29,71,0
694,SK,2004,38587.346,39032.809,18790.842,13411.877,11630.105,5822.019,40,40,19,43,38,19
695,SK,2004,26544.383,13811.617,0,22743.932,12946.068,0,66,34,0,64,36,0
696,SK,2004,61342.068,88059.886,0,40122.896,39901.107,0,41,59,0,50,50,0
697,SK,2004,0,7405.12,39888.878,0,3051.893,16447.105,0,16,84,0,16,84
698,SK,2004,30628.895,20871.611,0,8689.106,8513.898,0,59,41,0,51,49,0
699,SK,2004,0,29203.001,0,0,27344,0,0,100,0,0,100,0
700,SK,2004,0,9451.78,30087.269,0,7546.911,11425.089,0,24,76,0,40,60
701,SK,2004,56629.054,14150.351,0,37225.411,4613.591,0,80,20,0,89,11,0
702,SK,2004,7582.66,186860.79,17722.551,4423.881,32923.781,1221.342,4,88,8,11,85,3
703,AB,2004,0,48614.32,623.809,0,129056.839,1934.83,0,99,1,0,99,1
704,SK,2004,953.523,53805.222,19547.559,836.253,31084.583,9885.162,1,72,26,2,74,24
705,SK,2004,0,59866.417,213049.58,0,25481.7,19312.296,0,22,78,0,57,43
706,SK,2004,3554.785,105083.215,0,547.677,27717.322,0,3,97,0,2,98,0
707,SK,2004,11387.494,152066.258,1763.349,19479.307,61906.086,710.606,7,92,1,24,75,1
708,AB,2004,1349.1,46969.044,0,4274.1,134393.049,0,3,97,0,3,97,0
709,MB,2004,4139.327,135883.654,13213.869,3830.915,86864.849,4745.235,3,89,9,4,91,5
709,SK,2004,25656.61,160043.961,11726.428,14911.024,74101.987,3324.984,13,81,6,16,80,4
710,SK,2004,1106.435,12859.867,0,1467.957,21867.042,0,8,92,0,6,94,0
711,SK,2004,249.046,17085.906,0,557.611,23862.387,0,1,99,0,2,98,0
714,MB,2004,0,1345,0,0,1810,0,0,100,0,0,100,0
714,SK,2004,0,46227.068,4881.384,0,44983.996,3102.005,0,90,10,0,94,6
715,MB,2004,636.123,15655.786,10796.189,1514.772,12578.807,10664.422,2,58,40,6,51,43
715,SK,2004,0,8770.641,2558.359,0,5170.592,1205.404,0,77,23,0,81,19
716,MB,2004,3714.649,36155.05,17264.05,4330,28272.5,16862.5,7,63,30,9,57,34
717,MB,2004,41022.003,37970.785,11546.711,30645.183,33440.317,5421.501,45,42,13,44,48,8
718,MB,2004,0,2241.7,0,0,10419,0,0,100,0,0,100,0
720,MB,2004,0,0,1466.6,0,0,6280,0,0,100,0,0,100
723,MB,2004,88,24972.252,2532.7,323,109158.001,4598,0,91,9,0,96,4
724,MB,2004,2282.773,23748.687,121745.189,7780.953,25832.598,85476.448,2,16,82,7,22,72
726,MB,2004,41428.158,0,1290.794,79406.155,0,1156.845,97,0,3,99,0,1
727,AB,2004,25101.816,164625.28,127863.333,20660.53,119448.035,63483.224,8,52,40,10,59,31
728,AB,2004,3527.5,182925.539,3552.706,2416.667,58956.638,701.744,2,96,2,4,95,1
729,AB,2004,33040.304,103023.607,0,23337.316,48732.757,0,24,76,0,32,68,0
729,SK,2004,21682.961,369065.038,0,10605.82,144529.19,0,6,94,0,7,93,0
730,AB,2004,43293.415,382405.894,10618.611,27709.715,212136.367,6999.722,10,88,2,11,86,3
731,AB,2004,19722.635,416699.625,0,16198.565,189087.646,0,5,95,0,8,92,0
732,AB,2004,0,12918.6,0,0,20007.9,0,0,100,0,0,100,0
733,SK,2004,28276.199,140507.765,9144.034,7989.911,72052.12,2252.966,16,79,5,10,88,3
734,SK,2004,32314.908,12829.09,0,19380.398,2990.6,0,72,28,0,87,13,0
735,SK,2004,3706.82,153989.177,0,5635.292,43375.711,0,2,98,0,11,89,0
736,SK,2004,37976.705,216859.594,7658.711,12987.768,53533.642,1151.589,14,83,3,19,79,2
737,AB,2004,17704.4,89654.25,11853.45,17160.2,97926.95,12637.5,15,75,10,13,77,10
738,AB,2004,7000.26,123589.18,0,6720.95,31896.77,0,5,95,0,17,83,0
739,AB,2004,102660.094,8140.5,0,83860.676,9834.3,0,93,7,0,90,10,0
739,SK,2004,38643.506,4084.494,0,25087.214,1812.787,0,90,10,0,93,7,0
740,AB,2004,13514.2,139065.9,0,13164.1,86053.301,0,9,91,0,13,87,0
741,SK,2004,4179.906,152595.891,1409.205,494.55,19757.142,104.307,3,96,1,2,97,1
742,SK,2004,28760.273,11821.726,0,12520.28,364.719,0,71,29,0,97,3,0
743,AB,2004,2240.1,82355.109,0,524.7,36230.963,0,3,97,0,1,99,0
743,SK,2004,4263.66,6586.046,2440.296,1192.697,3292.345,1271.704,32,50,18,21,57,22
744,AB,2004,0,169188.24,14470.56,0,92611.49,3240.96,0,92,8,0,97,3
745,SK,2004,27338.651,708172.761,3027.591,8027.43,135819.634,876.932,4,96,0,6,94,1
746,AB,2004,0,126908.6,0,0,109413.4,0,0,100,0,0,100,0
747,SK,2004,25729.31,42167.69,0,20073.985,9561.014,0,38,62,0,68,32,0
748,SK,2004,6045.489,632825.179,828.331,2185.55,168491.413,139.036,1,99,0,1,99,0
749,SK,2004,14480.869,346707.128,0,6578.459,105455.734,0,4,96,0,6,94,0
750,AB,2004,0,49510.34,9341.46,0,109681.78,29202.42,0,84,16,0,79,21
751,MB,2004,12156.728,36001.624,0,12356.729,22487.638,95.463,25,75,0,35,64,0
751,SK,2004,14176.654,13033.198,0,8401.801,8443.202,0,52,48,0,50,50,0
752,MB,2004,0,105279.035,1506.966,0,55401.45,736.55,0,99,1,0,99,1
752,SK,2004,13806.597,398963.404,0,5584.565,151919.435,0,3,97,0,4,96,0
753,MB,2004,3113.245,429460.494,6253.26,2511.623,179550.638,3016.74,1,98,1,1,97,2
754,SK,2004,2912.746,158494.384,56813.875,2627.707,34245.658,11450.636,1,73,26,5,71,24
755,SK,2004,2402.963,180638.036,0,528.529,48814.471,0,1,99,0,1,99,0
756,SK,2004,6605.083,320228.914,0,976.015,120031.986,0,2,98,0,1,99,0
757,MB,2004,63655.409,24906.588,1572.65,42208.846,8758.154,0,71,28,2,83,17,0
758,MB,2004,39615.697,115350.151,8494.544,29004.011,45810.922,9463.747,24,71,5,34,54,11
759,MB,2004,4856.438,34436.563,0,6823.618,13841.382,0,12,88,0,33,67,0
760,MB,2004,0,81347,0,3026.696,27867.304,0,0,100,0,10,90,0
760,SK,2004,4944.646,337046.354,0,5531.585,138256.417,0,1,99,0,4,96,0
761,SK,2004,0,14443.001,1853,0,10659.998,1355,0,89,11,0,89,11
762,SK,2004,27261.7,71223.3,0,12526.534,34625.467,0,28,72,0,27,73,0
763,MB,2004,88589.346,54967.324,5301.327,71012.505,33311.874,7272.618,60,37,4,64,30,7
763,SK,2004,34193.435,15418.565,0,20595.446,4929.553,0,69,31,0,81,19,0
764,MB,2004,0,68088.001,0,1488.699,31655.303,0,0,100,0,4,96,0
765,MB,2004,2854.941,334118.057,0,7773.183,98445.21,820.757,1,99,0,7,92,1
766,MB,2004,985.973,177190.03,0,732.715,56434.285,0,1,99,0,1,99,0
767,SK,2004,3861.666,438321.405,46442.917,653.374,52411.821,5736.804,1,90,10,1,89,10
768,SK,2004,0,42193.997,0,0,9330.999,0,0,100,0,0,100,0
769,AB,2004,0,92556.45,0,0,72054.2,0,0,100,0,0,100,0
770,SK,2004,67336.388,226510.034,8482.581,26806.372,44633.034,1843.594,22,75,3,37,61,3
771,AB,2004,14948.177,80000.534,214.2,7525.439,45154.818,117,16,84,0,14,86,0
771,SK,2004,0,48933.56,1615.444,528.338,11385.302,462.361,0,97,3,4,92,4
772,SK,2004,12989.241,29440.764,0,12262.967,2582.033,0,31,69,0,83,17,0
773,SK,2004,11971.567,263290.863,30301.571,2878.779,42125.331,6000.881,4,86,10,6,83,12
774,SK,2004,0,68198.004,0,0,6793.003,0,0,100,0,0,100,0
775,SK,2004,3386.376,72345.624,0,236.732,11126.267,0,4,96,0,2,98,0
776,SK,2004,42576.908,9556.094,0,23874.782,2518.216,0,82,18,0,90,10,0
777,AB,2004,11608.65,2637,0,11433.2,2635.95,0,81,19,0,81,19,0
778,SK,2004,20470.899,8624.103,0,4717.558,1987.441,0,70,30,0,70,30,0
779,AB,2004,0,27133.2,0,0,19958.4,0,0,100,0,0,100,0
780,SK,2004,8830.936,53984.282,272186.783,1213.247,3528.596,17458.156,3,16,81,5,16,79
781,AB,2004,11818.8,54685.07,147958.029,5530,14667.931,18687.268,6,25,69,14,38,48
782,SK,2004,17637.432,547844.574,0,6525.035,86221.957,0,3,97,0,7,93,0
783,SK,2004,0,274516.002,0,0,48513.003,0,0,100,0,0,100,0
784,SK,2004,12563.549,75122.387,2134.064,3942.746,16526.813,346.442,14,84,2,19,79,2
785,SK,2004,0,79340.778,6273.222,0,14935.374,548.627,0,93,7,0,96,4
786,AB,2004,0,96052.05,20.8,0,34854.6,14.6,0,100,0,0,100,0
787,AB,2004,0,47148.8,0,0,11304.8,0,0,100,0,0,100,0
788,AB,2004,0,47788.2,15661.8,0,15129.8,2926.2,0,75,25,0,84,16
789,SK,2004,16109.079,129527.632,2758.288,10194.225,21660.487,28.284,11,87,2,32,68,0
790,AB,2004,14611.8,41952.501,0,3987.9,9094.9,0,26,74,0,30,70,0
791,AB,2004,0,192079,0,0,31139,0,0,100,0,0,100,0
792,SK,2004,34007.451,62351.983,622460.572,17612.679,15211.196,40993.122,5,9,87,24,21,56
793,AB,2004,45961.597,342748.298,22564.306,17756.269,123544.811,6309.235,11,83,5,12,84,4
794,SK,2004,0,463970.998,0,0,79862,0,0,100,0,0,100,0
795,SK,2004,0,250818.002,0,1082.88,48071.119,0,0,100,0,2,98,0
796,SK,2004,13247.699,54635.298,0,9199.193,12795.791,0,20,80,0,42,58,0
797,AB,2004,1938.3,16959.5,61.5,851.2,7213.955,42,10,89,0,10,89,1
798,AB,2004,31873.8,320555.35,29365.1,18065.1,141354.89,14839.86,8,84,8,10,81,9
799,AB,2004,0,59717,0,0,63910,0,0,100,0,0,100,0
800,AB,2004,0,72297.25,73370.9,0,59097.12,43293.64,0,50,50,0,58,42
801,AB,2004,0,30592.55,2757.45,0,48571.55,3978.45,0,92,8,0,92,8
802,AB,2004,0,69605.9,0,666.99,39086.55,0,0,100,0,2,98,0
803,SK,2004,7093.134,105960.112,55089.758,1548.231,11963.544,5315.227,4,63,33,8,64,28
804,AB,2004,13158.63,36564.42,0,10343.62,19887.78,0,26,74,0,34,66,0
805,AB,2004,4431.821,6764.851,3834.328,1501.405,1712.147,970.448,29,45,26,36,41,23
805,SK,2004,4692.587,43291.39,24415.023,1032.22,6742.627,3588.153,6,60,34,9,59,32
806,AB,2004,1798.1,60588.32,480.9,1916,71407.32,410.55,3,96,1,3,97,1
807,SK,2004,0,66711.895,8950.105,0,7520.958,773.041,0,88,12,0,91,9
808,SK,2004,3396.886,113225.883,436662.227,299.408,9341.962,32672.631,1,20,79,1,22,77
809,AB,2004,4148.65,101920.2,0,2813.105,36069.045,0,4,96,0,7,93,0
809,SK,2004,4155.309,108398.394,27679.298,677.034,10800.586,1098.378,3,77,20,5,86,9
810,SK,2004,0,96945.003,0,0,16393.001,0,0,100,0,0,100,0
811,AB,2004,4194,4512.031,33190.969,1079.4,924.267,4721.432,10,11,79,16,14,70
811,SK,2004,0,361.364,963.636,0,53.181,141.818,0,27,73,0,27,73
812,AB,2004,23499.426,14903.555,19925.55,31699.175,23588.975,16051.3,40,26,34,44,33,22
813,SK,2004,2896.163,87023.184,39732.658,1378.983,14130.637,5658.382,2,67,31,7,67,27
814,AB,2004,1293.75,11083.05,0,861.3,7770.51,0,10,90,0,10,90,0
815,AB,2004,21060.201,15325.846,0,10348.3,9260.279,0,58,42,0,53,47,0
815,SK,2004,22978.427,8668.571,0,2090.985,1079.014,0,73,27,0,66,34,0
816,SK,2004,44596.346,327857.995,25703.664,28604.293,77696.682,3794.816,11,82,6,26,71,3
817,SK,2004,0,89153.199,3544.8,0,8704.127,324.874,0,96,4,0,96,4
818,AB,2004,0,28448.75,0,0,20245.3,0,0,100,0,0,100,0
819,SK,2004,21910.18,6248.821,0,4833.315,1374.687,0,78,22,0,78,22,0
820,SK,2004,739.92,169944.917,749.169,0,39993.301,59.7,0,99,0,0,100,0
821,AB,2004,1851.022,82804.175,684.134,759.21,25383.753,451.192,2,97,1,3,95,2
821,SK,2004,726.328,164505.671,0,969.767,38669.233,0,0,100,0,2,98,0
822,SK,2004,6172.03,139822.104,1281.862,1407.001,41051.705,922.296,4,95,1,3,95,2
823,AB,2004,23514.944,116966.555,0,7495.011,33134.49,0,17,83,0,18,82,0
824,SK,2004,21808.06,62750.623,1387.309,9204.758,26101.238,0,25,73,2,26,74,0
825,SK,2004,0,444899.997,0,1338.203,100431.592,0,0,100,0,1,99,0
826,SK,2004,15842.431,606594.56,92704.013,9018.687,137106.437,7795.001,2,85,13,6,89,5
827,SK,2004,28297.366,11868.862,1937.77,21482.641,8224.361,1108.999,67,28,5,70,27,4
828,AB,2004,18670.051,555357.2,0,3277.637,96484.655,0,3,97,0,3,97,0
829,AB,2004,20593.65,10237.75,0,6771.45,3233.15,0,67,33,0,68,32,0
830,SK,2004,15412.105,257224.189,37638.71,5565.354,65214.495,6009.177,5,83,12,7,85,8
831,SK,2004,5930.128,132786.081,1345.788,1199.194,26628.808,0,4,95,1,4,96,0
832,SK,2004,13289.554,257229.802,750.645,7627.872,114409.957,865.172,5,95,0,6,93,1
833,AB,2004,79,18013.8,23.7,75.5,5790.2,22.65,0,99,0,1,98,0
833,SK,2004,0,33549.034,22110.966,0,22283.435,13974.565,0,60,40,0,61,39
834,SK,2004,0,58671.171,142716.829,0,12408.981,38514.019,0,29,71,0,24,76
835,SK,2004,0,6092.71,14893.291,0,1821.483,4452.515,0,29,71,0,29,71
836,AB,2004,0,8942,0,0,1846,0,0,100,0,0,100,0
837,AB,2004,0,19261,0,0,10943,0,0,100,0,0,100,0
837,SK,2004,0,13488.842,2614.159,0,9999.519,1962.482,0,84,16,0,84,16
838,AB,2004,775.2,3124.799,0,863.4,2506.6,0,20,80,0,26,74,0
838,SK,2004,0,52473.289,2391.713,0,21533.355,1747.894,0,96,4,0,92,8
839,MB,2004,7589.087,68639.009,8401.904,3137.565,32816.171,4054.265,9,81,10,8,82,10
840,MB,2004,39929.452,11189.118,13879.432,31056.665,13088.646,5101.686,61,17,21,63,27,10
841,MB,2004,19415.545,16660.954,0,2117.627,60990.373,0,54,46,0,3,97,0
843,MB,2004,13648.922,7316.078,0,18155.67,9610.331,0,65,35,0,65,35,0
844,MB,2004,9372,35013.084,5327.914,9274.943,33295.404,4827.653,19,70,11,20,70,10
846,MB,2004,0,12256,0,0,43791.001,0,0,100,0,0,100,0
847,MB,2004,0,27949.65,19322.05,0,13234.15,5246.85,0,59,41,0,72,28
848,MB,2004,860.947,8107.802,0,672.316,6904.684,0,10,90,0,9,91,0
849,MB,2004,10545.666,38073.889,616604.445,5096.44,20964.657,101466.905,2,6,93,4,16,80
850,MB,2004,114018.003,27649.995,0,77593.885,10980.116,0,80,20,0,88,12,0
851,MB,2004,0,41550.848,33235.151,0,9135.766,6917.235,0,56,44,0,57,43
852,MB,2004,39726.995,93388.326,110853.677,10176.376,11265.133,12663.497,16,38,45,30,33,37
853,MB,2004,0,17252.971,31779.029,0,1489.121,2742.879,0,35,65,0,35,65
854,MB,2004,5139.375,68070.623,0,2560.25,25704.749,0,7,93,0,9,91,0
855,MB,2004,0,10758,0,0,5571,0,0,100,0,0,100,0
940,BC,2004,62,13,0,296,60,0,83,17,0,83,17,0
943,BC,2004,0,2,0,0,4,0,0,100,0,0,100,0
944,BC,2004,118.325,19.479,0.2,805.743,119.959,2.3,86,14,0,87,13,0
948,BC,2004,0,0,0,1,0,0,,,,100,0,0
950,BC,2004,41.225,563.243,0,198.133,1798.869,0,7,93,0,10,90,0
955,BC,2004,32.958,11.743,55.2,260.186,90.114,449.7,33,12,55,33,11,56
956,BC,2004,951.929,872.986,446.589,4280.45,3835.081,1446.47,42,38,20,45,40,15
957,BC,2004,96.021,55.82,0,434.14,301.858,0,63,37,0,59,41,0
958,BC,2004,11.465,1.535,0,27.144,12.856,0,88,12,0,68,32,0
959,BC,2004,3566.178,19286.919,438.75,4819.777,27546.939,785.273,15,83,2,15,83,2
960,BC,2004,21,0,0,40,0,0,100,0,0,100,0,0
962,BC,2004,0,20,0,0,94,0,0,100,0,0,100,0
969,BC,2004,0,32.49,0,0,236,0,0,100,0,0,100,0
971,BC,2004,63.65,4.35,0,440.8,30.199,0,94,6,0,94,6,0
972,BC,2004,2381.333,1273.783,2386.697,21577.381,10906.593,18901.03,39,21,40,42,21,37
974,BC,2004,179.333,70.067,80.6,2077.233,631.567,848.2,54,21,24,58,18,24
975,BC,2004,4,0,0,697,0,0,100,0,0,100,0,0
976,BC,2004,286.607,500.955,0,4118.415,7577.586,0,36,64,0,35,65,0
977,BC,2004,439.103,641.332,0,6240.162,7450.841,0,41,59,0,46,54,0
978,BC,2004,557.464,1340.852,0,5334.145,11961.857,0,29,71,0,31,69,0
979,BC,2004,2857.712,6563.29,0,18598.209,50200.79,0,30,70,0,27,73,0
980,BC,2004,20.25,5.4,1.35,196.5,52.4,13.1,75,20,5,75,20,5
981,BC,2004,0,23,8,8,435,159,0,74,26,1,72,26
982,BC,2004,1734.5,1567.537,2220.166,17342.931,17823.482,24300.588,31,28,40,29,30,41
987,BC,2004,6,6,0,98,116,0,50,50,0,46,54,0
988,BC,2004,289.615,139.385,0,1097.89,645.11,0,68,32,0,63,37,0
990,BC,2004,140.294,26.697,0,764.499,78.506,0,84,16,0,91,9,0
991,BC,2004,108.476,3602.268,338.207,333.053,5438.274,1765.673,3,89,8,4,72,23
992,BC,2004,13.067,35.933,0,22.133,60.867,0,27,73,0,27,73,0
995,BC,2004,52.117,229.885,0,103.857,438.145,0,18,82,0,19,81,0
1001,BC,2004,1220.748,907.282,0,3878.894,2849.105,0,57,43,0,58,42,0
1002,BC,2004,158,28,0,989.2,172.8,0,85,15,0,85,15,0
1003,BC,2004,35,0,0,35,0,0,100,0,0,100,0,0
1004,BC,2004,486.988,1141.883,394.85,3501.079,6641.718,2727.2,24,56,20,27,52,21
1005,BC,2004,1821.253,2653.48,0,12562.107,19366.892,0,41,59,0,39,61,0
1006,BC,2004,2839.251,2359.972,0,22218.232,33937.764,0,55,45,0,40,60,0
1007,BC,2004,3178.407,2975.975,2438.744,4678.147,4784.854,5704.001,37,35,28,31,32,38
1008,BC,2004,1422.803,585.859,319.342,4976.512,2254.125,1437.363,61,25,14,57,26,17
1009,BC,2004,1177.863,299.264,0,2732.668,687.334,0,80,20,0,80,20,0
1010,BC,2004,2269.552,910.578,0,933.381,772.616,0,71,29,0,55,45,0
1011,BC,2004,721.976,137.005,0,2998.298,616.699,0,84,16,0,83,17,0
1012,BC,2004,288.141,49.857,0,965.047,180.954,0,85,15,0,84,16,0
1013,BC,2004,296.171,140.222,123.611,2065.166,1280.222,1253.612,53,25,22,45,28,27
1015,BC,2004,1311.205,1294.798,0,3214.456,2781.543,0,50,50,0,54,46,0
1016,AB,2004,1249,1466,0,2919,3766,0,46,54,0,44,56,0
1017,BC,2004,137.04,104.96,0,586.601,438.4,0,57,43,0,57,43,0
1018,AB,2004,354.65,13168.9,219.05,545.05,23352.9,320.95,3,96,2,2,96,1
9593,AB,2004,0,10875.2,43500.8,0,6552.2,26208.8,0,20,80,0,20,80
9607,AB,2004,0,0,576,0,0,317,0,0,100,0,0,100
9609,AB,2004,417.333,4083.547,2473.1,1464.55,8112.55,3970.9,6,59,35,11,60,29
9687,AB,2004,6173.594,110481.637,0,6663.888,122603.863,0,5,95,0,5,95,0
9787,AB,2004,0,77387.71,0,0,18714.95,0,0,100,0,0,100,0
244,AB,2005,0,0,1180,0,0,1205,0,0,100,0,0,100
244,BC,2005,0,23.999,16,0,318.999,63,0,60,40,0,84,16
252,BC,2005,0,32,0,0,186,0,0,100,0,0,100,0
371,MB,2005,0,0,113,0,0,83,0,0,100,0,0,100
374,ON,2005,8,0,0,182,0,0,100,0,0,100,0,0
375,MB,2005,1934.152,14940.5,37534.768,2257.064,11207.445,20555.142,4,27,69,7,33,60
376,MB,2005,0,18,0,0,32,0,0,100,0,0,100,0
378,ON,2005,36,585,0,349,7091,0,6,94,0,5,95,0
379,MB,2005,842.045,445.352,0,1903.146,1451.852,0,65,35,0,57,43,0
380,MB,2005,1224.204,76.536,1384.56,4983.051,1807.622,3690.327,46,3,52,48,17,35
381,ON,2005,0,1864,0,0,43076,0,0,100,0,0,100,0
383,ON,2005,281.857,2848.14,0,1464,11294.999,0,9,91,0,11,89,0
386,ON,2005,55,0,0,628,0,0,100,0,0,100,0,0
391,ON,2005,8,0,0,159,0,0,100,0,0,100,0,0
400,ON,2005,0,0,302,0,0,2614,0,0,100,0,0,100
401,ON,2005,64.388,522.827,1149.783,1004.986,3945.308,15350.707,4,30,66,5,19,76
401,QC,2005,872,46,14563.23,6795,260,79591.131,6,0,94,8,0,92
402,ON,2005,0,70,0,0,664,0,0,100,0,0,100,0
407,ON,2005,179.807,0,122.195,1591.489,0,821.511,60,0,40,66,0,34
408,ON,2005,0,17838,0,0,39730,0,0,100,0,0,100,0
408,QC,2005,1669.467,650.117,10529.856,3958.133,2960.778,25991.089,13,5,82,12,9,79
409,ON,2005,75,620.998,0,572,5573.999,0,11,89,0,9,91,0
410,ON,2005,58.1,207.9,0,263.8,799.2,0,22,78,0,25,75,0
411,ON,2005,4078.316,2337.682,0,30706.034,8765.966,0,64,36,0,78,22,0
412,ON,2005,0,209.4,837.6,0,1988,7952,0,20,80,0,20,80
413,ON,2005,4400.451,1163.085,301.046,56948.05,8631.286,1767.33,75,20,5,85,13,3
415,QC,2005,698.22,0,0,1685,0,0,100,0,0,100,0,0
418,QC,2005,10181.079,1045.7,802,17944.999,2170,2192.001,85,9,7,80,10,10
419,QC,2005,175,0,0,593,0,0,100,0,0,100,0,0
421,QC,2005,748.66,0,0,3484,0,0,100,0,0,100,0,0
422,QC,2005,84,0,0,326,0,0,100,0,0,100,0,0
423,QC,2005,895.66,613,0,6045,4342,0,59,41,0,58,42,0
424,QC,2005,1917,1159.998,1343,4240,4226.101,727.9,43,26,30,46,46,8
425,QC,2005,7594.981,3006.2,6177.979,40210.099,24198.93,26325.77,45,18,37,44,27,29
426,QC,2005,3484,490,0,6433,609,0,88,12,0,91,9,0
431,QC,2005,7,0,0,41,0,0,100,0,0,100,0,0
438,QC,2005,348.42,0,0,705,0,0,100,0,0,100,0,0
439,QC,2005,234,0,0,400,0,0,100,0,0,100,0,0
440,QC,2005,314,0,0,760,0,0,100,0,0,100,0,0
441,QC,2005,24780.15,33688.996,4591.514,30816.12,44536.247,4891.334,39,53,7,38,56,6
455,NF,2005,18.11,0,0,284,0,0,100,0,0,100,0,0
458,NF,2005,44,199.37,0,105,991.999,0,18,82,0,10,90,0
460,NF,2005,0,17,0,0,60.001,0,0,100,0,0,100,0
461,NF,2005,0,306.669,0,0,923,0,0,100,0,0,100,0
462,NF,2005,0,25.001,0,0,90,0,0,100,0,0,100,0
463,NF,2005,0,176,0,0,935.999,0,0,100,0,0,100,0
466,NF,2005,47,365.96,0,39,997,0,11,89,0,4,96,0
468,NF,2005,0,39.8,0,0,196,0,0,100,0,0,100,0
471,NF,2005,153,172.041,0,98,549,0,47,53,0,15,85,0
475,NF,2005,0,550.68,0,0,2266,0,0,100,0,0,100,0
477,NF,2005,13.67,0,0,169,0,0,100,0,0,100,0,0
478,QC,2005,805,1056.7,0,3357,4072.101,0,43,57,0,45,55,0
479,QC,2005,5478.65,29331.79,5420.12,13540.688,83114.013,10336.3,14,73,13,13,78,10
481,QC,2005,0,5140,0,0,11210,0,0,100,0,0,100,0
482,QC,2005,15354.46,16585.539,0,79397,68653.401,0,48,52,0,54,46,0
483,QC,2005,11696.299,27538.002,663.701,45888.048,71557.451,1594.501,29,69,2,39,60,1
484,NB,2005,0,184,0,0,395,0,0,100,0,0,100,0
484,QC,2005,330,3499.97,0,1701,7701,0,9,91,0,18,82,0
485,NB,2005,412.589,514.412,0,1332.993,1012.007,0,45,55,0,57,43,0
486,NB,2005,788.6,5715.4,0,594.39,5609.61,0,12,88,0,10,90,0
487,NB,2005,377.219,742.781,0,1090.667,2678.334,0,34,66,0,29,71,0
487,QC,2005,31.609,1765.388,0,69.695,3777.305,0,2,98,0,2,98,0
488,NB,2005,30,287,0,95.333,906.667,0,9,91,0,10,90,0
489,NB,2005,243,847,0,408,1568,0,22,78,0,21,79,0
490,NB,2005,291,734,0,955.592,855.408,0,28,72,0,53,47,0
493,NB,2005,1622.136,17346.478,1152.387,1939.537,16004.139,700.323,8,86,6,10,86,4
494,NB,2005,0,14938.001,0,0,14173.999,0,0,100,0,0,100,0
495,NB,2005,201.75,473.25,0,1226.24,2332.76,0,30,70,0,34,66,0
496,NB,2005,2270.717,363.368,172.915,18080.624,3217.206,1558.171,81,13,6,79,14,7
497,NB,2005,135.25,627.75,0,1031.353,2893.647,0,18,82,0,26,74,0
498,NB,2005,338,0,0,1738,0,0,100,0,0,100,0,0
499,NB,2005,349.6,305.05,12.35,1560.519,2848.98,84.5,52,46,2,35,63,2
500,NB,2005,3691.092,118.005,183.9,11898.834,272.067,866.1,92,3,5,91,2,7
501,NB,2005,665.7,1488.3,0,1618.389,3809.61,0,31,69,0,30,70,0
502,NB,2005,387.323,733.678,0,1300.653,3050.345,0,35,65,0,30,70,0
503,NB,2005,1543.509,1606.489,17,9006.479,14229.523,133,49,51,1,39,61,1
504,NB,2005,1277,408,0,7243.999,289,0,76,24,0,96,4,0
504,NS,2005,4154.615,1283.879,0,21211.069,8199.927,0,76,24,0,72,28,0
505,NB,2005,242,756,0,975,5069.001,0,24,76,0,16,84,0
506,NB,2005,20,389,0,772.96,1520.04,0,5,95,0,34,66,0
507,NB,2005,185.999,1035.999,0,1683.001,7285.5,0,15,85,0,19,81,0
507,NS,2005,3402.838,1637.093,0,8131.562,4542.939,0,68,32,0,64,36,0
508,NB,2005,262,0,0,752.001,0,0,100,0,0,100,0,0
509,NS,2005,259.001,1643,0,645,4123.001,0,14,86,0,14,86,0
510,NS,2005,114.316,73.332,0,205.5,192.5,0,61,39,0,52,48,0
511,NS,2005,0,121.997,0,0,98.003,0,0,100,0,0,100,0
512,NS,2005,0,2747.522,0,0,4139.999,0,0,100,0,0,100,0
513,NS,2005,155.571,389.005,0,348.701,1171.301,0,29,71,0,23,77,0
514,NS,2005,12.69,0,0,19,0,0,100,0,0,100,0,0
516,NS,2005,248.123,562.784,0,1788.774,2295.229,0,31,69,0,44,56,0
517,NS,2005,686.046,4576.78,0,3197.817,23468.183,0,13,87,0,12,88,0
518,NS,2005,8835.035,4537.672,0,15587.804,11954.74,0,66,34,0,57,43,0
519,NS,2005,0,270,0,0,880,0,0,100,0,0,100,0
520,NS,2005,6.583,385.417,0,88.333,2323.666,0,2,98,0,4,96,0
521,NS,2005,0,47,0,0,774,0,0,100,0,0,100,0
522,NS,2005,103.802,295.12,0,884.647,3449.352,0,26,74,0,20,80,0
523,NS,2005,174.521,903.01,0,727.978,3785.023,0,16,84,0,16,84,0
524,NS,2005,34,26,0,202,102,0,57,43,0,66,34,0
525,NS,2005,460.172,1999.491,0,1609.593,6724.408,0,19,81,0,19,81,0
527,NS,2005,69.567,844.436,0,211.1,1915.897,0,8,92,0,10,90,0
528,NS,2005,1301.936,1077.841,0,1664.571,1595.423,0,55,45,0,51,49,0
529,NS,2005,0,509.002,0,0,581.004,0,0,100,0,0,100,0
530,NS,2005,30,1002.999,0,94,1726.999,0,3,97,0,5,95,0
531,NS,2005,534.486,1542.796,0,715.969,3950.036,0,26,74,0,15,85,0
534,PE,2005,16553.365,4968.639,0,15325.342,4219.657,0,77,23,0,78,22,0
535,PE,2005,19562,0,0,14610,0,0,100,0,0,100,0,0
536,PE,2005,40838.751,2155.25,0,40997.875,2571.125,0,95,5,0,94,6,0
537,PE,2005,19282.445,469.556,0,26768.777,667.222,0,98,2,0,98,2,0
538,PE,2005,5716,0,0,4372,0,0,100,0,0,100,0,0
539,QC,2005,39,280.21,64.98,172.326,864.674,236,10,73,17,14,68,19
540,QC,2005,184826.56,99941.395,73043.465,208815.56,74668.878,72222.174,52,28,20,59,21,20
541,ON,2005,0,13805.551,2342.45,1475.701,4095.6,1261.7,0,85,15,22,60,18
541,QC,2005,139810.918,41650.174,268796.332,60892.633,15776.603,95142.761,31,9,60,35,9,55
542,ON,2005,0,637.191,11769.132,3324.56,2464.707,41580.733,0,5,95,7,5,88
543,ON,2005,5027.001,30898.418,12287.124,9444.532,28110.148,14483.453,10,64,25,18,54,28
543,QC,2005,0,193,996,0,894,3005.4,0,16,84,0,23,77
544,ON,2005,2024.235,52221.892,13407.064,5505.493,34288.008,8065.494,3,77,20,12,72,17
545,ON,2005,2564.464,12375.066,9691.775,8430.593,10568.518,14498.888,10,50,39,25,32,43
546,ON,2005,0,29308.548,6292.415,0,39640.889,9322.106,0,82,18,0,81,19
546,QC,2005,0,284,0,0,374,0,0,100,0,0,100,0
547,ON,2005,4273.879,17891.215,12355.486,19043.396,32384.956,37678.938,12,52,36,21,36,42
548,QC,2005,329.96,0,0,424,0,0,100,0,0,100,0,0
549,ON,2005,0,378.189,4200.929,0,1483.217,16677.782,0,8,92,0,8,92
550,ON,2005,870.981,3462.4,1242.703,6960.039,37288.872,11122.1,16,62,22,13,67,20
551,ON,2005,26097.259,59047.641,37861.504,51753.324,57511.62,77916.056,21,48,31,28,31,42
552,ON,2005,22373.925,3489.167,0,78348.412,27394.119,0,87,13,0,74,26,0
553,ON,2005,57032.198,94924.931,16620.361,66818.394,82110.722,19545.812,34,56,10,40,49,12
554,ON,2005,13277.225,2835.957,0,44606.41,6378.591,0,82,18,0,87,13,0
555,ON,2005,6980.886,5652.549,14626.394,18607.902,23496.243,32873.604,26,21,54,25,31,44
556,ON,2005,19552.334,92033.838,1807.3,45156.927,106242.329,2364.75,17,81,2,29,69,2
557,ON,2005,10208.368,271439.471,0,4295.631,96744.368,0,4,96,0,4,96,0
558,ON,2005,14920.213,208494.637,884.348,17269.215,102310.514,296.272,7,93,0,14,85,0
559,ON,2005,0,310.4,0,0,0,0,0,100,0,,,
560,ON,2005,24682.368,59780.689,0,13947.383,27804.617,0,29,71,0,33,67,0
561,ON,2005,779.963,20507.043,2387.888,351.875,10284.041,1206.333,3,87,10,3,87,10
562,ON,2005,0,23992.666,11479.333,0,16080.778,7906.222,0,68,32,0,67,33
563,ON,2005,0,170,0,0,123,0,0,100,0,0,100,0
564,ON,2005,10341.275,62241.448,20545.794,14102.367,28030.197,14668.443,11,67,22,25,49,26
565,ON,2005,90229.775,206740.21,84616.016,15667.612,46273.25,15526.141,24,54,22,20,60,20
566,ON,2005,224,11664.7,8014.9,76.25,3994.049,3408.7,1,59,40,1,53,46
567,ON,2005,7125.834,159142.418,19788.75,1939.722,45033.986,5818.296,4,86,11,4,85,11
568,ON,2005,76759.642,8882.554,294.8,15230.449,1816.951,55.6,89,10,0,89,11,0
569,ON,2005,3381.234,24298.27,82030.497,1237.811,11142.995,44403.196,3,22,75,2,20,78
570,ON,2005,10942.55,218904.251,53925.6,1105.007,30589.87,6828.124,4,77,19,3,79,18
571,ON,2005,9730.556,2006.334,2675.11,1711.778,266.667,355.555,68,14,19,73,11,15
572,ON,2005,3478.194,15759.392,3344.274,559.65,2313.35,860,15,70,15,15,62,23
581,BC,2005,66,2073.08,0,208.4,6688,0,3,97,0,3,97,0
583,AB,2005,0,32.052,46.947,0,99.158,146.842,0,41,59,0,40,60
583,BC,2005,0,2689.324,759.017,0,8323.666,2103.333,0,78,22,0,80,20
584,AB,2005,0,0,621,0,0,1946,0,0,100,0,0,100
585,BC,2005,480.444,14188.888,0.25,2268.389,69463.987,1.625,3,97,0,3,97,0
586,AB,2005,6570.541,59740.268,26559.092,5445.176,28486.838,16191.987,7,64,29,11,57,32
587,AB,2005,18889.98,1192.5,0,10458.65,631.05,0,94,6,0,94,6,0
588,AB,2005,2935.694,7880.59,70171.906,4153.552,8338.907,61360.841,4,10,87,6,11,83
589,AB,2005,572.005,1859.016,0,399.294,1297.706,0,24,76,0,24,76,0
590,AB,2005,0,17753.605,33500.775,0,16495.341,48727.659,0,35,65,0,25,75
591,AB,2005,240.3,2037.835,94516.333,251.2,1846,107997.999,0,2,98,0,2,98
591,BC,2005,11456.325,52284.981,14026.841,35959.827,159436.392,28583.154,15,67,18,16,71,13
592,AB,2005,842.771,17140.576,87702.113,1129.412,23439.603,86396.987,1,16,83,1,21,78
593,AB,2005,0,6248.147,73053.854,0,3391.735,50510.265,0,8,92,0,6,94
594,AB,2005,0,0,38996.998,0,0,52994.001,0,0,100,0,0,100
595,AB,2005,0,3151.295,70851.706,0,1595.765,35267.235,0,4,96,0,4,96
596,AB,2005,7137.521,35466.928,41609.745,4727.067,25825.119,29508.714,8,42,49,8,43,49
597,AB,2005,1021.1,12884.6,20511.002,1774.7,22295,27485,3,37,60,3,43,53
598,AB,2005,0,1129.8,68176.2,0,1381.8,70289.2,0,2,98,0,2,98
599,AB,2005,0,3834,54464,0,5552,45128,0,7,93,0,11,89
600,AB,2005,1285.343,136.117,1204,2951.247,486.353,3372,49,5,46,43,7,50
609,AB,2005,0,0,314,0,0,395,0,0,100,0,0,100
610,AB,2005,683.704,8605.998,19233.93,903.104,16725.91,49935.987,2,30,67,1,25,74
610,BC,2005,0,0,0,0,0.999,0,,,,0,100,0
611,AB,2005,141,816.6,2893.4,184.5,1164.45,4239.05,4,21,75,3,21,76
612,AB,2005,0,3777.758,973.902,0,11960.125,3184.875,0,80,20,0,79,21
615,AB,2005,2787.126,10143.374,0,6456.089,21004.162,0,22,78,0,24,76,0
616,AB,2005,12958.224,2962.536,0,9431.358,5174.643,0,81,19,0,65,35,0
617,AB,2005,1232,3116,955,2765.142,7406.357,2214.5,23,59,18,22,60,18
618,AB,2005,932.497,7219.789,526.56,1359.796,8047.132,1196,11,83,6,13,76,11
618,BC,2005,238.842,3335.145,707.274,1353.659,16400.666,4771.674,6,78,17,6,73,21
619,AB,2005,0,372,0,0,853,0,0,100,0,0,100,0
622,AB,2005,1915.339,6644.623,0,6232.874,21495.127,0,22,78,0,22,78,0
623,AB,2005,2864.109,13575.68,2403.949,9578.301,48454.354,13440.344,15,72,13,13,68,19
625,AB,2005,30.666,61.334,0,91,182,0,33,67,0,33,67,0
626,AB,2005,0,945.999,0,0,4134.001,0,0,100,0,0,100,0
629,AB,2005,169.4,2100.993,664.799,699.6,9201.755,2139.944,6,72,23,6,76,18
630,AB,2005,60.875,3180.91,43.556,284,22280.221,187.777,2,97,1,1,98,1
631,AB,2005,0,1704.8,171.2,0,4211.2,425.8,0,91,9,0,91,9
647,SK,2005,1154.068,222.932,0,2177.716,459.284,0,84,16,0,83,17,0
650,AB,2005,238.273,3173.558,417.918,838,8958.999,1016,6,83,11,8,83,9
652,SK,2005,32.721,254.279,0,73.53,571.468,0,11,89,0,11,89,0
657,SK,2005,187.471,2079.028,0,670.936,7097.064,0,8,92,0,9,91,0
658,SK,2005,1149.912,585.038,0,758.086,384.914,0,66,34,0,66,34,0
660,SK,2005,662.314,9007.437,0,1127.055,15035.944,0,7,93,0,7,93,0
661,SK,2005,60.783,5087.216,0,55.049,4682.953,0,1,99,0,1,99,0
662,SK,2005,50.6,202.4,0,36.4,145.6,0,20,80,0,20,80,0
667,MB,2005,0,265,0,0,415,0,0,100,0,0,100,0
669,MB,2005,0,15431.85,0,0,14305.001,0,0,100,0,0,100,0
669,SK,2005,0,0,296,0,0,773,0,0,100,0,0,100
672,SK,2005,5258.388,4091.326,293.835,5585.848,3764.408,253.746,55,42,3,58,39,3
677,MB,2005,0,0,2873,0,0,6073,0,0,100,0,0,100
678,AB,2005,4169.204,89452.966,4260.215,7903.027,157312.9,7310.647,4,91,4,5,91,4
679,AB,2005,0,11651.77,0,0,31978,0,0,100,0,0,100,0
680,AB,2005,3841.04,56935.659,0,7213.14,115042.001,0,6,94,0,6,94,0
680,SK,2005,971.768,17250.184,0,4076.372,35912.629,0,5,95,0,10,90,0
681,AB,2005,2553.259,75347.283,20398.41,2753.53,56685.421,13433.44,3,77,21,4,78,18
682,SK,2005,3221.405,3990.768,2505.68,6651.869,10728.181,2904.951,33,41,26,33,53,14
683,AB,2005,43860.77,18075.999,0,35377,9705,0,71,29,0,78,22,0
684,AB,2005,512.374,65888.018,24227.23,1510.932,163521.382,60938.987,1,73,27,1,72,27
685,SK,2005,779.635,16390.914,10350.001,1156.398,31063.364,13627.243,3,60,38,3,68,30
686,AB,2005,0,10909.39,0,0,21030.001,0,0,100,0,0,100,0
686,SK,2005,33.435,1472.566,0,150.211,5442.788,0,2,98,0,3,97,0
687,AB,2005,2605.5,8990.499,0,4485.132,14600.185,0,22,78,0,24,76,0
687,SK,2005,7403.947,77029.053,0,10157.791,80218.208,0,9,91,0,11,89,0
688,AB,2005,0,56033.099,0,0,59637.6,0,0,100,0,0,100,0
689,SK,2005,2545.315,37798.19,0,4889.174,28830.825,0,6,94,0,14,86,0
690,SK,2005,2872.297,31248.101,0,3898.826,38768.174,0,8,92,0,9,91,0
691,SK,2005,14977.786,1422.516,0,8162.845,360.156,0,91,9,0,96,4,0
692,AB,2005,36.505,26878.451,8966.081,146.367,81368.078,39212.54,0,75,25,0,67,32
693,SK,2005,8650.078,103964.919,0,13188.876,33328.127,0,8,92,0,28,72,0
694,SK,2005,38544.067,38437.751,18278.181,13193.769,11821.431,6076.801,40,40,19,42,38,20
695,SK,2005,25526.682,13196.318,0,23319.999,12586.001,0,66,34,0,65,35,0
696,SK,2005,58813.005,85723.935,0,40537.508,40861.489,0,41,59,0,50,50,0
697,SK,2005,0,7327.158,39478.841,0,3063.694,16505.305,0,16,84,0,16,84
698,SK,2005,30468.133,20556.366,0,8732.712,8681.289,0,60,40,0,50,50,0
699,SK,2005,0,27622,0,0,27770,0,0,100,0,0,100,0
700,SK,2005,0,9330.353,29932.696,0,7570.59,11476.412,0,24,76,0,40,60
701,SK,2005,55345.335,13925.064,0,37006.41,4599.591,0,80,20,0,89,11,0
702,SK,2005,7392.507,184156.543,17474.95,4521.228,34356.829,1468.941,4,88,8,11,85,4
703,AB,2005,0,49913.22,600.409,0,127043.289,1874.83,0,99,1,0,99,1
704,SK,2005,952.192,52566.424,18917.68,834.53,31745.743,10303.104,1,73,26,2,74,24
705,SK,2005,0,59358.957,210872.044,0,24869.452,21416.554,0,22,78,0,54,46
706,SK,2005,3523.982,102879.017,0,558.119,29135.881,0,3,97,0,2,98,0
707,SK,2005,11333.398,147529.78,1758.921,18848.956,63476.769,715.274,7,92,1,23,76,1
708,AB,2005,1348.2,47968.144,0,4258.8,132880.95,0,3,97,0,3,97,0
709,MB,2005,4164.781,134350.051,13251.022,3685.089,87963.829,4708.082,3,89,9,4,91,5
709,SK,2005,25253.174,155650.031,11548.795,14887.676,76145.126,3486.193,13,81,6,16,81,4
710,SK,2005,1028.616,12113.685,0,1492.337,21965.663,0,8,92,0,6,94,0
711,SK,2005,251.7,16229.249,0,161.42,23811.581,0,2,98,0,1,99,0
714,MB,2005,0,1377,0,0,1732,0,0,100,0,0,100,0
714,SK,2005,0,45724.755,4952.694,0,45298.988,2974.011,0,90,10,0,94,6
715,MB,2005,616.749,15610.527,10878.824,1535.661,12581.694,10524.646,2,58,40,6,51,43
715,SK,2005,0,8740.328,2556.673,0,5108.725,1170.274,0,77,23,0,81,19
716,MB,2005,3614.65,35894.05,16939.05,4415.999,28519,17162,6,64,30,9,57,34
717,MB,2005,41165.874,37695.551,11558.078,30461.024,33476.842,5410.132,46,42,13,44,48,8
718,MB,2005,0,2183.7,0,0,10471,0,0,100,0,0,100,0
720,MB,2005,0,0,1377.6,0,0,6373,0,0,100,0,0,100
723,MB,2005,78,24898.251,2197.7,332,109124.001,4825,0,92,8,0,95,4
724,MB,2005,2185.678,23625.293,120587.681,7858.345,25944.504,86638.15,1,16,82,7,22,72
726,MB,2005,40113.701,0,1202.248,80461.948,0,1210.054,97,0,3,99,0,1
727,AB,2005,25853.64,166408.281,128467.946,19874.411,117537.661,62652.034,8,52,40,10,59,31
728,AB,2005,3481.111,182385.422,3538.765,2410.278,59101.689,715.685,2,96,2,4,95,1
729,AB,2005,32715.282,101507.846,0,23304.969,49939.924,0,24,76,0,32,68,0
729,SK,2005,20866.691,357383.315,0,10885.707,147082.292,0,6,94,0,7,93,0
730,AB,2005,42756.153,376703.408,10392.778,27685.658,214692.777,7168.889,10,88,2,11,86,3
731,AB,2005,19638.112,415199.217,0,16054.188,189126.361,0,5,95,0,8,92,0
732,AB,2005,0,13162.5,0,0,19672.2,0,0,100,0,0,100,0
733,SK,2005,27557.377,135729.372,8869.246,8483.746,72629.238,2455.018,16,79,5,10,87,3
734,SK,2005,30510.234,12552.76,0,19211.585,3059.415,0,71,29,0,86,14,0
735,SK,2005,3639.237,150258.756,0,5291.304,44139.697,0,2,98,0,11,89,0
736,SK,2005,37110.325,212330.714,7509.96,13516.778,55058.24,1224.98,14,83,3,19,79,2
737,AB,2005,18025.2,90600.099,12146.05,16796.6,96519.7,12330.05,15,75,10,13,77,10
738,AB,2005,6742.71,121912.51,0,6878.2,33034.49,0,5,95,0,17,83,0
739,AB,2005,100924.471,8344.8,0,84842.042,9630,0,92,8,0,90,10,0
739,SK,2005,36724.894,4022.107,0,25306.961,1713.035,0,90,10,0,94,6,0
740,AB,2005,13538.4,138940,0,13035.9,85485.3,0,9,91,0,13,87,0
741,SK,2005,4087.696,149487.047,1398.254,545.114,21550.628,115.258,3,96,1,2,97,1
742,SK,2005,27613.59,11789.41,0,12344.191,354.811,0,70,30,0,97,3,0
743,AB,2005,2235.6,81146.544,0,523.8,36911.329,0,3,97,0,1,99,0
743,SK,2005,4203.136,6415.53,2381.333,1192.246,3358.322,1289.185,32,49,18,20,58,22
744,AB,2005,0,167247.71,14171.04,0,93719.88,3540.32,0,92,8,0,96,4
745,SK,2005,26696.973,693412.838,2973.193,8145.818,144422.856,931.332,4,96,0,5,94,1
746,AB,2005,0,127498.55,0,0,108630.6,0,0,100,0,0,100,0
747,SK,2005,25124.732,41698.267,0,20166.736,9761.263,0,38,62,0,67,33,0
748,SK,2005,5864.048,613890.763,807.187,2200.141,181556.026,152.831,1,99,0,1,99,0
749,SK,2005,13755.957,340354.047,0,7159.733,108823.459,0,4,96,0,6,94,0
750,AB,2005,0,48283.17,8904.23,0,109622.78,29290.82,0,84,16,0,79,21
751,MB,2005,11856.836,35820.516,0,12606.339,22663.176,95.549,25,75,0,36,64,0
751,SK,2005,13826.152,12753.701,0,8472.639,8564.36,0,52,48,0,50,50,0
752,MB,2005,0,101996.022,1482.978,0,58258.459,760.538,0,99,1,0,99,1
752,SK,2005,13178.686,382509.319,0,5674.975,161879.022,0,3,97,0,3,97,0
753,MB,2005,3008.639,422354.041,6262.317,2589.315,185776.004,3007.68,1,98,1,1,97,2
754,SK,2005,2833.997,153973.149,55145.853,2545.864,37257.249,12559.885,1,73,26,5,71,24
755,SK,2005,2341.365,175370.636,0,574.338,51662.664,0,1,99,0,1,99,0
756,SK,2005,6531.014,309139.987,0,1007.327,126118.672,0,2,98,0,1,99,0
757,MB,2005,63241.445,24777.55,1572.65,42496.174,8804.827,0,71,28,2,83,17,0
758,MB,2005,38934.769,113597.361,8495.272,29613.187,47347,9385.492,24,71,5,34,55,11
759,MB,2005,4891.91,34688.088,0,6789.145,13589.854,0,12,88,0,33,67,0
760,MB,2005,0,79748,0,2982.454,29364.547,0,0,100,0,9,91,0
760,SK,2005,4688.354,323638.643,0,4967.646,146039.354,0,1,99,0,3,97,0
761,SK,2005,0,13556,1763,0,11065.999,1366,0,88,12,0,89,11
762,SK,2005,26045.087,67621.917,0,13075.965,36824.033,0,28,72,0,26,74,0
763,MB,2005,88312.805,54335.678,5435.516,71099.169,33907.401,7116.429,60,37,4,63,30,6
763,SK,2005,32294.436,15418.565,0,21907.086,4582.913,0,68,32,0,83,17,0
764,MB,2005,0,66432.001,0,1472.539,33144.462,0,0,100,0,4,96,0
765,MB,2005,2515.919,331062.084,0,7945.38,100621.97,735.9,1,99,0,7,92,1
766,MB,2005,976.224,175286.774,0,728.817,58083.188,0,1,99,0,1,99,0
767,SK,2005,3797.725,434763.379,46173.896,717.382,55976.238,6007.388,1,90,10,1,89,10
768,SK,2005,0,41913.999,0,0,9611.001,0,0,100,0,0,100,0
769,AB,2005,0,90379.55,0,0,74239.95,0,0,100,0,0,100,0
770,SK,2005,66431.092,224373.956,8423.947,27717.745,46775.675,1902.577,22,75,3,36,61,2
771,AB,2005,14880.606,79187.888,212.4,7592.566,45968.809,118.8,16,84,0,14,86,0
771,SK,2005,0,48609.728,1606.272,528.338,11710.132,471.531,0,97,3,4,92,4
772,SK,2005,12786.901,28981.098,0,12464.716,3041.287,0,31,69,0,80,20,0
773,SK,2005,11702.63,258765.732,29729.636,3147.713,46650.566,6572.726,4,86,10,6,83,12
774,SK,2005,0,67622.001,0,0,7370.001,0,0,100,0,0,100,0
775,SK,2005,3364.144,71517.857,0,258.963,11953.034,0,4,96,0,2,98,0
776,SK,2005,42278.613,9479.386,0,24174.548,2595.454,0,82,18,0,90,10,0
777,AB,2005,11173,2547.75,0,11870.5,2725.35,0,81,19,0,81,19,0
778,SK,2005,19883.402,8376.598,0,5305.758,2235.242,0,70,30,0,70,30,0
779,AB,2005,0,26101.8,0,0,20990.7,0,0,100,0,0,100,0
780,SK,2005,8763.556,53716.337,270549.109,1281.077,3797.587,19098.339,3,16,81,5,16,79
781,AB,2005,11609.92,54160.728,147462.013,5739.44,15193.094,19185.086,5,25,69,14,38,48
782,SK,2005,17155.195,539511.808,0,7008.901,94564.097,0,3,97,0,7,93,0
783,SK,2005,0,269412.002,0,0,53623,0,0,100,0,0,100,0
784,SK,2005,12480.404,74097.656,2090.943,4026.461,17551.976,389.563,14,84,2,18,80,2
785,SK,2005,0,77915.902,6220.098,0,16361.006,601.996,0,93,7,0,96,4
786,AB,2005,0,95149.05,19.9,0,35758.6,15.5,0,100,0,0,100,0
787,AB,2005,0,46562.8,0,0,11891.4,0,0,100,0,0,100,0
788,AB,2005,0,47273.4,15273.6,0,15644.6,3314.4,0,76,24,0,83,17
789,SK,2005,15749.861,127600.201,2689.941,10557.445,23587.922,96.631,11,87,2,31,69,0
790,AB,2005,14917,41595.098,0,3682.7,9453.3,0,26,74,0,28,72,0
791,AB,2005,0,190401,0,0,32817,0,0,100,0,0,100,0
792,SK,2005,32871.486,61975.131,616006.384,18747.633,15594.302,47451.068,5,9,87,23,19,58
793,AB,2005,45334.463,340652.203,22443.33,18383.202,125635.547,6427.165,11,83,5,12,84,4
794,SK,2005,0,452673.999,0,0,91120.999,0,0,100,0,0,100,0
795,SK,2005,0,244967.996,0,1083.48,53569.519,0,0,100,0,2,98,0
796,SK,2005,12376.287,53835.715,0,10071.604,13595.38,0,19,81,0,43,57,0
797,AB,2005,1930.6,16825,61,858.9,7348.455,42.5,10,89,0,10,89,1
798,AB,2005,31584.5,318792.9,29064.45,18212,141882.34,15028.91,8,84,8,10,81,9
799,AB,2005,0,58127,0,0,63831,0,0,100,0,0,100,0
800,AB,2005,0,71361.6,73279.75,0,58956.82,43005.14,0,49,51,0,58,42
801,AB,2005,0,27610.25,2631.75,0,50391.3,4022.7,0,91,9,0,93,7
802,AB,2005,0,66929.85,0,657.54,40956.1,0,0,100,0,2,98,0
803,SK,2005,7076.658,105309.817,54769.527,1564.025,12613.987,5636.986,4,63,33,8,64,28
804,AB,2005,12922.2,36245.3,0,10580.77,20208.98,0,26,74,0,34,66,0
805,AB,2005,4337.868,6692.699,3793.433,1596.533,1784.825,1011.641,29,45,26,36,41,23
805,SK,2005,4666.029,43095.322,24313.651,1058.255,6940.968,3690.781,6,60,34,9,59,32
806,AB,2005,1720.5,58736.29,459.55,1993.6,73257.35,431.9,3,96,1,3,97,1
807,SK,2005,0,65950.386,8866.61,0,8284.973,857.022,0,88,12,0,91,9
808,SK,2005,3396.456,112499.361,433835.182,299.84,10068.482,35505.679,1,20,79,1,22,77
809,AB,2005,3977.6,99837.05,0,2978.755,38152.495,0,4,96,0,7,93,0
809,SK,2005,4130.812,107451.229,27638.961,702.383,11751.508,1140.106,3,77,20,5,86,8
810,SK,2005,0,95554,0,0,17784.999,0,0,100,0,0,100,0
811,AB,2005,4102.8,4424.977,32662.422,1170.6,1010.821,5248.479,10,11,79,16,14,71
811,SK,2005,0,355.636,948.364,0,59.181,157.818,0,27,73,0,27,73
812,AB,2005,23416.399,15435.21,20090.2,31773.099,23057.84,15889.4,40,26,34,45,33,22
813,SK,2005,2721.048,85937.074,39173.881,1539.957,15212.891,6217.158,2,67,31,7,66,27
814,AB,2005,1252.8,10804.5,0,902.25,8048.33,0,10,90,0,10,90,0
815,AB,2005,20139.9,15223.445,0,11268.899,9361.669,0,57,43,0,55,45,0
815,SK,2005,22750.498,8572.503,0,2318.914,1175.086,0,73,27,0,66,34,0
816,SK,2005,43244.873,320867.132,25281,29955.848,84626.125,4217.807,11,82,6,25,71,4
817,SK,2005,0,88763.892,3536.106,0,9094.432,333.568,0,96,4,0,96,4
818,AB,2005,0,28287.25,0,0,20407.25,0,0,100,0,0,100,0
819,SK,2005,21658.398,6176.6,0,5084.094,1446.905,0,78,22,0,78,22,0
820,SK,2005,739.92,167485.915,749.169,0,42452.302,60.7,0,99,0,0,100,0
821,AB,2005,1819.635,81336.722,698.823,790.597,26853.154,436.503,2,97,1,3,96,2
821,SK,2005,737.016,161638.986,0,959.238,41540.762,0,0,100,0,2,98,0
822,SK,2005,6102.033,136238.711,1215.254,1476,44582.098,988.904,4,95,1,3,95,2
823,AB,2005,23654.889,117141.112,0,7355.689,32960.312,0,17,83,0,18,82,0
824,SK,2005,21446.873,60790.816,1387.309,9566.95,28061.051,0,26,73,2,25,75,0
825,SK,2005,0,436580.999,0,1325.657,108748.128,0,0,100,0,1,99,0
826,SK,2005,15292.089,594291.53,91344.381,9570.408,149066.162,9151.546,2,85,13,6,89,5
827,SK,2005,27574.742,11546.487,1826.77,22205.748,8546.251,1221,67,28,4,69,27,4
828,AB,2005,18647.116,552220.438,0,3301.767,99620.234,0,3,97,0,3,97,0
829,AB,2005,20833.05,10330.15,0,6531.9,3141.3,0,67,33,0,68,32,0
830,SK,2005,14846.085,250633.499,36857.417,6130.738,71809.672,6790.62,5,83,12,7,85,8
831,SK,2005,5801.718,130119.492,1345.788,1327.605,29297.396,0,4,95,1,4,96,0
832,SK,2005,12583.659,249859.82,723.522,8333.767,121782.861,892.369,5,95,0,6,93,1
833,AB,2005,71.5,18139,21.45,83,5662,24.9,0,99,0,1,98,0
833,SK,2005,0,32998.526,21638.473,0,22833.461,14445.537,0,60,40,0,61,39
834,SK,2005,0,57264.71,139108.291,0,13815.444,42121.557,0,29,71,0,25,75
835,SK,2005,0,6012,14696,0,1902.483,4650.515,0,29,71,0,29,71
836,AB,2005,0,8933,0,0,1855,0,0,100,0,0,100,0
837,AB,2005,0,18662,0,0,11543,0,0,100,0,0,100,0
837,SK,2005,0,13268.014,2415.986,0,10220.74,2160.261,0,85,15,0,83,17
838,AB,2005,751.2,3037.798,0,887.2,2592.801,0,20,80,0,25,75,0
838,SK,2005,0,52049.339,2290.665,0,21954.524,1847.762,0,96,4,0,92,8
839,MB,2005,7461.357,67714.91,8290.732,3202.694,33250.216,4106.091,9,81,10,8,82,10
840,MB,2005,39463.427,11210.291,13940.284,31440.073,12795.722,4985.205,61,17,22,64,26,10
841,MB,2005,19400.545,16164.954,0,2134.252,61502.749,0,55,45,0,3,97,0
843,MB,2005,13423.589,6628.411,0,18272.582,10080.418,0,67,33,0,64,36,0
844,MB,2005,9320.811,34605.335,5292.853,9229.381,33282.145,4818.475,19,70,11,20,70,10
846,MB,2005,0,11512.998,0,0,44089.997,0,0,100,0,0,100,0
847,MB,2005,0,27690.4,18918.3,0,13469.049,5358.95,0,59,41,0,72,28
848,MB,2005,828,7832.75,0,696.105,7101.895,0,10,90,0,9,91,0
849,MB,2005,10355.166,37439.501,613476.332,5278.213,21502.437,104309.346,2,6,93,4,16,80
850,MB,2005,111639.399,27046.6,0,79134.217,11534.781,0,80,20,0,87,13,0
851,MB,2005,0,41721.671,33342.33,0,8946.32,6797.681,0,56,44,0,57,43
852,MB,2005,39491.075,92898.391,110138.541,10348.06,11618.679,13218.26,16,38,45,29,33,38
853,MB,2005,0,17005.605,31323.394,0,1677.372,3089.628,0,35,65,0,35,65
854,MB,2005,5114.75,68296.25,0,2585.25,25481.751,0,7,93,0,9,91,0
855,MB,2005,0,10883,0,0,5434,0,0,100,0,0,100,0
940,BC,2005,71,15,0,286,57,0,83,17,0,83,17,0
943,BC,2005,0,2,0,0,5,0,0,100,0,0,100,0
944,BC,2005,103.296,15.5,0.2,816.075,122.629,2.3,87,13,0,87,13,0
948,BC,2005,0,0,0,1,0,0,,,,100,0,0
950,BC,2005,39.476,578.994,0,198.888,1780.115,0,6,94,0,10,90,0
955,BC,2005,40.158,10.943,55.8,249.614,91.686,440.7,38,10,52,32,12,56
956,BC,2005,961.475,913.911,462.117,4255.242,3791.274,1428.482,41,39,20,45,40,15
957,BC,2005,102.242,59.601,0,426.936,296.065,0,63,37,0,59,41,0
958,BC,2005,9.465,1.535,0,26.321,12.678,0,86,14,0,67,33,0
959,BC,2005,3712.228,20041.79,455.991,4656.146,26708.751,767.564,15,83,2,14,83,2
960,BC,2005,21,0,0,38,0,0,100,0,0,100,0,0
962,BC,2005,0,23,0,0,91,0,0,100,0,0,100,0
969,BC,2005,0,30.49,0,0,237,0,0,100,0,0,100,0
971,BC,2005,65.55,4.45,0,433.2,29.799,0,94,6,0,94,6,0
972,BC,2005,2460.294,1292.05,2395.467,21262.712,10772.717,18667.571,40,21,39,42,21,37
974,BC,2005,174.68,57.2,81.12,2070.777,638.983,842.24,56,18,26,58,18,24
975,BC,2005,3,0,0,688,0,0,100,0,0,100,0,0
976,BC,2005,315.774,550.79,0,4042.092,7447.907,0,36,64,0,35,65,0
977,BC,2005,469.474,725.966,0,6153.447,7281.554,0,39,61,0,46,54,0
978,BC,2005,467.641,1499.671,0,5352.278,11661.718,0,24,76,0,31,69,0
979,BC,2005,2738.908,6222.093,0,18378.848,49867.155,0,31,69,0,27,73,0
980,BC,2005,19.5,5.2,1.3,197.25,52.6,13.15,75,20,5,75,20,5
981,BC,2005,1,29,10,9,425,154,3,73,25,2,72,26
982,BC,2005,1570.683,1522.796,2117.727,17378.528,17724.183,24275.289,30,29,41,29,30,41
987,BC,2005,8,7,0,96,113,0,53,47,0,46,54,0
988,BC,2005,362.315,219.685,0,1012.935,553.065,0,62,38,0,65,35,0
990,BC,2005,93.364,21.626,0,812.676,82.326,0,81,19,0,91,9,0
991,BC,2005,117.19,1870.328,330.432,320.662,7167.89,1773.448,5,81,14,3,77,19
992,BC,2005,14.134,38.866,0,20.533,56.466,0,27,73,0,27,73,0
995,BC,2005,68.436,305.566,0,86.832,359.167,0,18,82,0,19,81,0
1001,BC,2005,1160.33,886.699,0,3906.621,2841.38,0,57,43,0,58,42,0
1002,BC,2005,137.5,25.5,0,999,173,0,84,16,0,85,15,0
1003,BC,2005,41,0,0,27,0,0,100,0,0,100,0,0
1004,BC,2005,489.795,1201.469,381.45,3465.438,6508.965,2734.6,24,58,18,27,51,22
1005,BC,2005,1739.889,2494.841,0,12555.022,19428.98,0,41,59,0,39,61,0
1006,BC,2005,3061.234,2370.997,0,21477.485,32737.516,0,56,44,0,40,60,0
1007,BC,2005,3292.475,3165.561,2489.087,4541.304,4573.265,5652.434,37,35,28,31,31,38
1008,BC,2005,1536.14,620.531,346.329,4794.947,2186.388,1411.662,61,25,14,57,26,17
1009,BC,2005,1173.999,304.131,0,2730.714,675.291,0,79,21,0,80,20,0
1010,BC,2005,2250.776,966.356,0,953.02,717.98,0,70,30,0,57,43,0
1011,BC,2005,724.258,140.72,0,2995.471,610.528,0,84,16,0,83,17,0
1012,BC,2005,301.557,52.441,0,933.251,173.749,0,85,15,0,84,16,0
1013,BC,2005,290.89,136.11,120.001,2057.999,1275.889,1247.111,53,25,22,45,28,27
1015,BC,2005,1228.876,926.123,0,3272.539,3136.458,0,57,43,0,51,49,0
1016,AB,2005,1087,1270,0,3037,3905,0,46,54,0,44,56,0
1017,BC,2005,153,112,0,569.64,431.36,0,58,42,0,57,43,0
1018,AB,2005,335.05,12439.25,196.7,546.05,23623.9,334.15,3,96,2,2,96,1
9593,AB,2005,0,10714.8,42859.2,0,6712.6,26850.4,0,20,80,0,20,80
9607,AB,2005,0,0,578,0,0,321,0,0,100,0,0,100
9609,AB,2005,368.883,4400.897,2602.2,1508.75,7753.65,3844.6,5,60,35,12,59,29
9687,AB,2005,6012.484,108964.745,0,6696.112,123370.836,0,5,95,0,5,95,0
9787,AB,2005,0,76358.85,0,0,19742.91,0,0,100,0,0,100,0
244,AB,2006,0,0,1055,0,0,1300,0,0,100,0,0,100
244,BC,2006,0,21.998,17,0,326.999,65,0,56,44,0,83,17
252,BC,2006,0,33,0,0,184,0,0,100,0,0,100,0
371,MB,2006,0,0,118,0,0,85,0,0,100,0,0,100
374,ON,2006,7,0,0,176,0,0,100,0,0,100,0,0
375,MB,2006,2070.9,14903.007,37292.512,2150.204,11298.245,20578.2,4,27,69,6,33,60
376,MB,2006,0,17,0,0,32,0,0,100,0,0,100,0
378,ON,2006,28,560,0,323,7174,0,5,95,0,4,96,0
379,MB,2006,714.86,279.541,0,1961.152,1537.848,0,72,28,0,56,44,0
380,MB,2006,1107.739,48.468,1341.093,5103.241,1831.527,3763.231,44,2,54,48,17,35
381,ON,2006,0,1823,0,0,42893,0,0,100,0,0,100,0
383,ON,2006,285.714,2933.287,0,1409.571,11184.428,0,9,91,0,11,89,0
386,ON,2006,53,0,0,628,0,0,100,0,0,100,0,0
391,ON,2006,5,0,0,151,0,0,100,0,0,100,0,0
400,ON,2006,0,0,240,0,0,2488,0,0,100,0,0,100
401,ON,2006,47.148,455.906,1083.944,973.315,4009.416,15440.27,3,29,68,5,20,76
401,QC,2006,796,45,14530.229,6747,259,79413.131,5,0,95,8,0,92
402,ON,2006,0,57,0,0,633,0,0,100,0,0,100,0
407,ON,2006,171.687,0,119.313,1565.693,0,798.306,59,0,41,66,0,34
408,ON,2006,0,18082,0,0,39624,0,0,100,0,0,100,0
408,QC,2006,1710.845,622.672,10807.523,3918.156,2986.333,25840.311,13,5,82,12,9,79
409,ON,2006,79,645.999,0,538,5549.001,0,11,89,0,9,91,0
410,ON,2006,52.3,227.7,0,255.8,745.2,0,19,81,0,26,74,0
411,ON,2006,4000.397,2376.605,0,30669.55,8688.449,0,63,37,0,78,22,0
412,ON,2006,0,216,864,0,1980.4,7921.6,0,20,80,0,20,80
413,ON,2006,4335.832,1181.124,306.727,56736.408,8599.321,1759.943,74,20,5,85,13,3
415,QC,2006,749.22,0,0,1644,0,0,100,0,0,100,0,0
418,QC,2006,10282.08,1128.7,782.001,17678,2048,2175,84,9,6,81,9,10
419,QC,2006,173,0,0,594,0,0,100,0,0,100,0,0
421,QC,2006,755.66,0,0,3464,0,0,100,0,0,100,0,0
422,QC,2006,91,0,0,317,0,0,100,0,0,100,0,0
423,QC,2006,881.66,607,0,6045,4344,0,59,41,0,58,42,0
424,QC,2006,1949,1180.001,1351,4170,4172.101,719.9,44,26,30,46,46,8
425,QC,2006,7583.681,3031.5,6104.98,39998.701,24091.33,26248.77,45,18,37,44,27,29
426,QC,2006,3448,523,0,6384,564,0,87,13,0,92,8,0
431,QC,2006,7,0,0,41,0,0,100,0,0,100,0,0
438,QC,2006,332.42,0,0,713,0,0,100,0,0,100,0,0
439,QC,2006,276,0,0,371,0,0,100,0,0,100,0,0
440,QC,2006,326,0,0,762,0,0,100,0,0,100,0,0
441,QC,2006,24528.15,34042.785,4703.726,31544.52,44049.775,4777.807,39,54,7,39,55,6
455,NF,2006,11.11,0,0,291,0,0,100,0,0,100,0,0
458,NF,2006,47,225.37,0,101,987,0,17,83,0,9,91,0
460,NF,2006,0,19,0,0,57.999,0,0,100,0,0,100,0
461,NF,2006,0,307.671,0,0,931.999,0,0,100,0,0,100,0
462,NF,2006,0,28,0,0,87,0,0,100,0,0,100,0
463,NF,2006,0,210,0,0,912.999,0,0,100,0,0,100,0
466,NF,2006,57,405.96,0,28,974.999,0,12,88,0,3,97,0
468,NF,2006,0,44.8,0,0,201,0,0,100,0,0,100,0
471,NF,2006,169,191.04,0,86,532,0,47,53,0,14,86,0
475,NF,2006,0,441.79,0,0,2385,0,0,100,0,0,100,0
477,NF,2006,10.67,0,0,173,0,0,100,0,0,100,0,0
478,QC,2006,756,1011.1,0,3388,4107.6,0,43,57,0,45,55,0
479,QC,2006,5487.803,28854.636,5388.12,13446.54,83398.157,10320.3,14,73,14,13,78,10
481,QC,2006,0,4986,0,0,11429,0,0,100,0,0,100,0
482,QC,2006,15568.46,16795.64,0,78906,68202.599,0,48,52,0,54,46,0
483,QC,2006,12046.118,27669.374,679.502,45321.15,71052.35,1566.501,30,68,2,38,60,1
484,NB,2006,0,206,0,0,370,0,0,100,0,0,100,0
484,QC,2006,321,3519.97,0,1713,7608,0,8,92,0,18,82,0
485,NB,2006,416.423,549.577,0,1282.563,951.437,0,43,57,0,57,43,0
486,NB,2006,772.2,5581.8,0,614.59,5752.41,0,12,88,0,10,90,0
487,NB,2006,396.073,774.926,0,1068.233,2623.767,0,34,66,0,29,71,0
487,QC,2006,31.609,1784.391,0,69.695,3704.308,0,2,98,0,2,98,0
488,NB,2006,28.667,275.333,0,97.333,924.667,0,9,91,0,10,90,0
489,NB,2006,255,846,0,400,1619,0,23,77,0,20,80,0
490,NB,2006,288,746,0,952.816,849.184,0,28,72,0,53,47,0
493,NB,2006,1619.151,17027.559,1137.29,1903.97,16363.902,709.129,8,86,6,10,86,4
494,NB,2006,0,15010,0,0,14147.999,0,0,100,0,0,100,0
495,NB,2006,205.25,477.75,0,1229.74,2326.26,0,30,70,0,35,65,0
496,NB,2006,2235.319,353.654,169.029,18075.671,3229.213,1560.114,81,13,6,79,14,7
497,NB,2006,144.75,632.25,0,1023.964,2866.035,0,19,81,0,26,74,0
498,NB,2006,345,0,0,1727,0,0,100,0,0,100,0,0
499,NB,2006,333.48,322.52,13,1562.641,2827.46,81.9,50,48,2,35,63,2
500,NB,2006,3403.137,112.564,178.3,11776.189,270.711,856.1,92,3,5,91,2,7
501,NB,2006,706.1,1525.9,0,1642.435,3758.565,0,32,68,0,30,70,0
502,NB,2006,367.424,737.575,0,1302.042,3049.957,0,33,67,0,30,70,0
503,NB,2006,1531.013,1591.987,17,8894.982,14169.018,132,49,51,1,38,61,1
504,NB,2006,1323,370,0,7179.001,283,0,78,22,0,96,4,0
504,NS,2006,3985.08,1194.417,0,21109.756,8147.243,0,77,23,0,72,28,0
505,NB,2006,234,757,0,959,5044.999,0,24,76,0,16,84,0
506,NB,2006,19,391,0,760.96,1480.04,0,5,95,0,34,66,0
507,NB,2006,177.999,1012,0,1642,7297.499,0,15,85,0,18,82,0
507,NS,2006,3213.071,1567.234,0,8087.662,4524.086,0,67,33,0,64,36,0
508,NB,2006,230,0,0,683,0,0,100,0,0,100,0,0
509,NS,2006,250.001,1585,0,657,4165,0,14,86,0,14,86,0
510,NS,2006,78.817,67.834,0,238.833,196.166,0,54,46,0,55,45,0
511,NS,2006,0,134,0,0,84.001,0,0,100,0,0,100,0
512,NS,2006,0,2784.516,0,0,4072.999,0,0,100,0,0,100,0
513,NS,2006,147.62,369.956,0,339.984,1151.016,0,29,71,0,23,77,0
514,NS,2006,12.69,0,0,16,0,0,100,0,0,100,0,0
516,NS,2006,218.128,437.784,0,1790.765,2280.237,0,33,67,0,44,56,0
517,NS,2006,695.074,4557.752,0,3182.749,23431.253,0,13,87,0,12,88,0
518,NS,2006,8546.915,4418.786,0,15666.358,12016.192,0,66,34,0,57,43,0
519,NS,2006,0,261,0,0,889,0,0,100,0,0,100,0
520,NS,2006,5.833,374.165,0,88.833,2312.166,0,2,98,0,4,96,0
521,NS,2006,0,52,0,0,773,0,0,100,0,0,100,0
522,NS,2006,98.828,272.093,0,874.864,3440.137,0,27,73,0,20,80,0
523,NS,2006,169.521,883.009,0,722.533,3771.466,0,16,84,0,16,84,0
524,NS,2006,41,25,0,200,102,0,62,38,0,66,34,0
525,NS,2006,438.535,2013.128,0,1558.804,6634.197,0,18,82,0,19,81,0
527,NS,2006,66.54,830.462,0,205.602,1857.399,0,7,93,0,10,90,0
528,NS,2006,1213.911,998.865,0,1673.712,1593.285,0,55,45,0,51,49,0
529,NS,2006,0,474.002,0,0,592.001,0,0,100,0,0,100,0
530,NS,2006,28,929.004,0,93.333,1752.665,0,3,97,0,5,95,0
531,NS,2006,508.786,1411.497,0,693.265,3933.732,0,26,74,0,15,85,0
534,PE,2006,16276.303,4910.696,0,15360.827,4256.171,0,77,23,0,78,22,0
535,PE,2006,19147,0,0,14763,0,0,100,0,0,100,0,0
536,PE,2006,40289.163,2080.833,0,41268.292,2586.708,0,95,5,0,94,6,0
537,PE,2006,18834,459,0,27018.333,676.666,0,98,2,0,98,2,0
538,PE,2006,5608,0,0,4477,0,0,100,0,0,100,0,0
539,QC,2006,38,244.21,63.98,165.637,876.363,235,11,71,18,13,69,18
540,QC,2006,186033.35,100409.507,72845.564,206801.73,73726.462,71938.416,52,28,20,59,21,20
541,ON,2006,0,13973.75,2373.25,1522.657,3944.043,1235.3,0,85,15,23,59,18
541,QC,2006,139525.098,41741.176,267703.152,60276.251,15366.308,93887.442,31,9,60,36,9,55
542,ON,2006,0,637.19,11859.131,3287.561,2463.117,41424.323,0,5,95,7,5,88
543,ON,2006,4991,31109.446,12324.342,9449.554,27711.878,14412.055,10,64,25,18,54,28
543,QC,2006,0,190,1005,0,894,2987.4,0,16,84,0,23,77
544,ON,2006,1997.311,52380.681,13464.209,5552.534,34027.799,7991.668,3,77,20,12,72,17
545,ON,2006,2480.473,12427.723,9508.105,8477.739,10348.744,14532.518,10,51,39,25,31,44
546,ON,2006,0,29203.254,6246.707,0,39853.96,9385.042,0,82,18,0,81,19
546,QC,2006,0,291,0,0,361,0,0,100,0,0,100,0
547,ON,2006,4251.627,17670.707,12009.243,19055.239,32560.087,38007.967,13,52,35,21,36,42
548,QC,2006,320.96,0,0,432,0,0,100,0,0,100,0,0
549,ON,2006,0,340.124,4129.997,0,1493.043,16681.956,0,8,92,0,8,92
550,ON,2006,838.016,3478.88,1204.188,6889.369,36856.134,11453.989,15,63,22,12,67,21
551,ON,2006,25924.147,58890.197,37339.059,51233.667,57394.434,78201.897,21,48,31,27,31,42
552,ON,2006,22236.293,3424.043,0,78308.604,27384.219,0,87,13,0,74,26,0
553,ON,2006,56758.59,94665.062,16541.495,66189.54,81149.531,19519.786,34,56,10,40,49,12
554,ON,2006,12980.712,2741.469,0,44681.128,6444.872,0,83,17,0,87,13,0
555,ON,2006,6856.661,5803.789,14453.901,18703.292,23302.955,32798.281,25,21,53,25,31,44
556,ON,2006,19479.344,92385.769,1803.363,44895.774,105538.29,2361.937,17,81,2,29,69,2
557,ON,2006,10249.49,272117.35,0,4218.09,95310.909,0,4,96,0,4,96,0
558,ON,2006,15025.348,209122.961,904.891,17066.83,101051.442,275.729,7,93,0,14,85,0
559,ON,2006,0,310.4,0,0,0,0,0,100,0,,,
560,ON,2006,24760.552,59590.509,0,13456.271,27376.728,0,29,71,0,33,67,0
561,ON,2006,762.463,19998.21,2328.222,309.375,10082.209,1190.667,3,87,10,3,87,10
562,ON,2006,0,23174.112,11184.889,0,15664.334,7640.666,0,67,33,0,67,33
563,ON,2006,0,175,0,0,100,0,0,100,0,0,100,0
564,ON,2006,10119.205,61526.481,20496.837,13975.003,27792.897,14587.531,11,67,22,25,49,26
565,ON,2006,90297.697,206778.173,84429.131,15493.123,45759.682,15537.195,24,54,22,20,60,20
566,ON,2006,226.75,11654.2,7942.25,59.25,3775.5,3319.45,1,59,40,1,53,46
567,ON,2006,7132.5,158756.127,19749.375,1883.611,44610.32,5718.069,4,86,11,4,85,11
568,ON,2006,76703.234,8859.667,294.1,14909.246,1794.454,54.3,89,10,0,89,11,0
569,ON,2006,3347.817,24186.126,82152.056,1241.523,11034.729,43563.748,3,22,75,2,20,78
570,ON,2006,10930.477,218441.93,53896.994,1105.185,30483.197,6769.618,4,77,19,3,79,18
571,ON,2006,9680,1995,2660,1718.778,269.667,359.555,68,14,19,73,11,15
572,ON,2006,3507.726,15726.233,3346.9,522.594,2233.48,844.924,16,70,15,15,62,23
581,BC,2006,66.8,1825.08,0,208,6950,0,4,96,0,3,97,0
583,AB,2006,0,26.052,37.947,0,105.158,154.842,0,41,59,0,40,60
583,BC,2006,0,2610.1,677.24,0,8385.666,2181.333,0,79,21,0,79,21
584,AB,2006,0,0,503,0,0,2050,0,0,100,0,0,100
585,BC,2006,398.5,12561.832,0.25,2348.5,70824.878,1.625,3,97,0,3,97,0
586,AB,2006,6290.13,59551.837,26410.934,5660.118,29167.581,16268.299,7,65,29,11,57,32
587,AB,2006,18747.381,1213.8,0,10563.999,615.75,0,94,6,0,94,6,0
588,AB,2006,2897.95,7888.28,67672.56,4113.887,8228.875,63361.74,4,10,86,5,11,84
589,AB,2006,542.828,1764.192,0,425.647,1383.353,0,24,76,0,24,76,0
590,AB,2006,0,17129.472,32792.909,0,17000.835,49115.165,0,34,66,0,26,74
591,AB,2006,247.4,2035.835,94418.335,245.7,1847.5,106954.498,0,2,98,0,2,98
591,BC,2006,11275.549,50215.168,13735.495,35820.72,160492.071,28598.818,15,67,18,16,71,13
592,AB,2006,822.653,17729.471,89046.336,1154.118,22788.565,85284.319,1,16,83,1,21,78
593,AB,2006,0,6200.735,72090.265,0,3414.147,50975.854,0,8,92,0,6,94
594,AB,2006,0,0,38003.001,0,0,53491.002,0,0,100,0,0,100
595,AB,2006,0,3113.411,71993.588,0,1611.059,33820.941,0,4,96,0,5,95
596,AB,2006,7117.055,34880.396,40814.64,4733.492,26170.902,29863.606,9,42,49,8,43,49
597,AB,2006,1061.4,12787.6,21482,1716.7,22286.4,26261.999,3,36,61,3,44,52
598,AB,2006,0,1098.3,68285.698,0,1403.5,69761.499,0,2,98,0,2,98
599,AB,2006,0,3306,53701,0,5900,45413,0,6,94,0,11,89
600,AB,2006,1230.464,131.529,1180.666,2957.41,484.823,3358.667,48,5,46,43,7,49
609,AB,2006,0,0,335,0,0,367,0,0,100,0,0,100
610,AB,2006,670.398,8804.133,19466.098,912.892,16467.875,49750.233,2,30,67,1,25,74
610,BC,2006,0,0,0,0,0.999,0,,,,0,100,0
611,AB,2006,133.5,805.8,2899.7,191,1175.25,4238.75,3,21,76,3,21,76
612,AB,2006,0,3693.844,937.816,0,12000.327,3202.673,0,80,20,0,79,21
615,AB,2006,2775.62,10195.432,0,6446.094,20919.256,0,21,79,0,24,76,0
616,AB,2006,13563.865,3029.893,0,8863.964,5062.036,0,82,18,0,64,36,0
617,AB,2006,1290.858,3163.143,963,2710.858,7362.143,2208,24,58,18,22,60,18
618,AB,2006,865.081,7079.838,487.31,1414.745,8198.751,1224.25,10,84,6,13,76,11
618,BC,2006,219.392,3228.684,694.185,1372.933,16467.938,4794.126,5,78,17,6,73,21
619,AB,2006,0,340,0,0,882,0,0,100,0,0,100,0
622,AB,2006,1887.115,6685.845,0,6216.169,21316.828,0,22,78,0,23,77,0
623,AB,2006,2959.247,13859.403,2462.094,9446.925,48037.103,13353.972,15,72,13,13,68,19
625,AB,2006,34,68,0,91,182,0,33,67,0,33,67,0
626,AB,2006,0,954.999,0,0,4137,0,0,100,0,0,100,0
629,AB,2006,153.8,2037.751,693.688,715.6,9219.076,2113.222,5,71,24,6,77,18
630,AB,2006,56.375,3371.076,40.89,287.5,22108.945,189.556,2,97,1,1,98,1
631,AB,2006,0,1690.9,169.1,0,4173.1,421.9,0,91,9,0,91,9
647,SK,2006,1276.789,246.211,0,2081.347,439.653,0,84,16,0,83,17,0
650,AB,2006,271.607,3367.28,440.866,781,8654.579,996.421,7,83,11,7,83,10
652,SK,2006,29.967,233.033,0,70.777,550.223,0,11,89,0,11,89,0
657,SK,2006,158.138,1765.362,0,701.704,7147.296,0,8,92,0,9,91,0
658,SK,2006,1043.874,531.076,0,803.204,407.796,0,66,34,0,66,34,0
660,SK,2006,630.131,8418.619,0,1118.867,14958.133,0,7,93,0,7,93,0
661,SK,2006,64.797,5526.203,0,49.888,4213.113,0,1,99,0,1,99,0
662,SK,2006,46.4,185.6,0,39.4,157.6,0,20,80,0,20,80,0
667,MB,2006,0,261,0,0,416,0,0,100,0,0,100,0
669,MB,2006,0,15306.851,0,0,14282,0,0,100,0,0,100,0
669,SK,2006,0,0,135,0,0,855,0,0,100,0,0,100
672,SK,2006,5018.37,3908.182,277.998,5733.403,3897.395,258.204,55,42,3,58,39,3
677,MB,2006,0,0,2703,0,0,6142,0,0,100,0,0,100
678,AB,2006,4231.777,90889.851,4334.333,7855.146,155263.608,7246.941,4,91,4,5,91,4
679,AB,2006,0,11967.771,0,0,31782,0,0,100,0,0,100,0
680,AB,2006,3917.09,56548.659,0,7129.819,114184,0,6,94,0,6,94,0
680,SK,2006,776.427,15650.522,0,3958.986,35140.011,0,5,95,0,10,90,0
681,AB,2006,2540.906,75755.635,20398.41,2763.53,56201.421,13268.44,3,77,21,4,78,18
682,SK,2006,2896.525,3655.871,2184.456,6362.787,10106.778,3217.434,33,42,25,32,51,16
683,AB,2006,44550.77,17722.999,0,34543,9805,0,72,28,0,78,22,0
684,AB,2006,549.5,67250.303,25595.417,1478.421,161392.342,59488.637,1,72,27,1,73,27
685,SK,2006,742.28,13814.269,9625.002,1143.947,29381.393,14225.659,3,57,40,3,66,32
686,AB,2006,0,10665.39,0,0,21303.999,0,0,100,0,0,100,0
686,SK,2006,30.721,1456.278,0,148.854,5430.144,0,2,98,0,3,97,0
687,AB,2006,2610.833,8965.167,0,4437.948,14606.395,0,23,77,0,23,77,0
687,SK,2006,6945.817,72484.181,0,10143.958,80301.044,0,9,91,0,11,89,0
688,AB,2006,0,55333.901,0,0,59906.501,0,0,100,0,0,100,0
689,SK,2006,2471.106,36566.399,0,4938.28,29375.722,0,6,94,0,14,86,0
690,SK,2006,2759.18,28786.214,0,3909.794,39133.204,0,9,91,0,9,91,0
691,SK,2006,14636.096,1394.204,0,8261.392,381.608,0,91,9,0,96,4,0
692,AB,2006,41.177,28506.512,9504.825,134.15,79439.631,38551.159,0,75,25,0,67,33
693,SK,2006,8034.899,101774.1,0,13510.013,34526.983,0,7,93,0,28,72,0
694,SK,2006,38492.783,37794.861,17752.357,12972.634,12003.85,6321.514,41,40,19,41,38,20
695,SK,2006,24668.682,12620.317,0,23799.891,12227.11,0,66,34,0,66,34,0
696,SK,2006,56470.197,83472.744,0,40869.566,41847.429,0,40,60,0,49,51,0
697,SK,2006,0,7254.022,39093.98,0,3076.251,16567.749,0,16,84,0,16,84
698,SK,2006,30371.757,20270.747,0,8768.474,8852.526,0,60,40,0,50,50,0
699,SK,2006,0,26164.001,0,0,28280,0,0,100,0,0,100,0
700,SK,2006,0,9225.676,29853.375,0,7620.741,11510.261,0,24,76,0,40,60
701,SK,2006,54210.278,13827.118,0,36910.263,4491.743,0,80,20,0,89,11,0
702,SK,2006,7259.872,181421.032,17222.1,4569.282,35744.551,1711.171,4,88,8,11,85,4
703,AB,2006,0,50774.12,585.709,0,125582.289,1805.38,0,99,1,0,99,1
704,SK,2006,954.485,51437.324,18316.491,791.847,32310.452,10734.077,1,73,26,2,74,24
705,SK,2006,0,58871.713,208670.284,0,24215.696,23546.308,0,22,78,0,51,49
706,SK,2006,3499.443,100790.551,0,569.605,30521.393,0,3,97,0,2,98,0
707,SK,2006,11286.347,143166.468,1759.28,18268.02,65087.117,718.865,7,92,1,22,77,1
708,AB,2006,1357.2,48900.195,0,4222.8,131586.75,0,3,97,0,3,97,0
709,MB,2006,4191.864,133669.957,13276.027,3537.408,88258.514,4683.077,3,88,9,4,91,5
709,SK,2006,24919.63,151777.978,11460.39,14860.081,78189.654,3556.264,13,81,6,15,81,4
710,SK,2006,954.923,11471.378,0,1509.788,22139.211,0,8,92,0,6,94,0
711,SK,2006,254.411,15524.539,0,149.902,23337.098,0,2,98,0,1,99,0
714,MB,2006,0,1326,0,0,1735,0,0,100,0,0,100,0
714,SK,2006,0,45724.587,5046.86,0,45478.525,2862.476,0,90,10,0,94,6
715,MB,2006,593.367,15475.567,10975.167,1562.613,12704.595,10373.793,2,57,41,6,52,42
715,SK,2006,0,8728.798,2559.202,0,5062.327,1137.674,0,77,23,0,82,18
716,MB,2006,3532.649,35791.55,16680.55,4513.999,28839,17489,6,64,30,9,57,34
717,MB,2006,41145.79,37167.573,11572.137,30518.823,33819.103,5396.073,46,41,13,44,48,8
718,MB,2006,0,2191.7,0,0,10638,0,0,100,0,0,100,0
720,MB,2006,0,0,1326.6,0,0,6569,0,0,100,0,0,100
723,MB,2006,69,25363.249,1878.7,344,110341.998,5078,0,93,7,0,95,4
724,MB,2006,2097.802,23557.854,119616.993,7967.348,26112.956,87830.701,1,16,82,7,21,72
726,MB,2006,39136.755,0,1117.195,81627.395,0,1268.606,97,0,3,98,0,2
727,AB,2006,26443.463,167282.473,128315.387,18968.588,115043.668,61244.322,8,52,40,10,59,31
728,AB,2006,3434.444,181905.345,3526.412,2405.556,59191.856,728.038,2,96,2,4,95,1
729,AB,2006,32049.679,99647.669,0,23644.875,51405.11,0,24,76,0,32,68,0
729,SK,2006,20081.881,346168.128,0,11158.172,149391.823,0,5,95,0,7,93,0
730,AB,2006,42207.165,371284.46,10169.722,27668.523,217132.105,7338.056,10,88,2,11,86,3
731,AB,2006,19559.2,413743.4,0,15914,189177.27,0,5,95,0,8,92,0
732,AB,2006,0,13271.4,0,0,19208.7,0,0,100,0,0,100,0
733,SK,2006,26899.648,131340.45,8585.901,8927.55,73377.184,2624.262,16,79,5,11,86,3
734,SK,2006,28770.403,12287.6,0,18920.848,3116.154,0,70,30,0,86,14,0
735,SK,2006,3569.695,146533.305,0,4974,44925.999,0,2,98,0,10,90,0
736,SK,2006,36222.825,207850.937,7359.238,13966.836,56577.281,1297.876,14,83,3,19,79,2
737,AB,2006,18260.7,91362.6,12427.3,16366.4,94974.85,12007.6,15,75,10,13,77,10
738,AB,2006,6481.76,120275.14,0,7032.9,34183.04,0,5,95,0,17,83,0
739,AB,2006,99948.218,8601.3,0,85361.882,9351.9,0,92,8,0,90,10,0
739,SK,2006,35112.894,3981.104,0,25357.887,1606.114,0,90,10,0,94,6,0
740,AB,2006,13567.8,138206.6,0,12911.9,85636.899,0,9,91,0,13,87,0
741,SK,2006,3992.253,146322.003,1385.738,594.135,23326.099,127.774,3,96,1,2,97,1
742,SK,2006,26449.093,11757.908,0,12130.688,342.312,0,69,31,0,97,3,0
743,AB,2006,2231.1,79995.963,0,522,37489.031,0,3,97,0,1,99,0
743,SK,2006,4143.569,6265.059,2330.371,1192.651,3426.247,1307.851,33,49,18,20,58,22
744,AB,2006,0,166470.73,14090.72,0,93726.52,3610.88,0,92,8,0,96,4
745,SK,2006,26063.422,678927.12,2919.459,8481.335,152603.563,961.094,4,96,0,5,94,1
746,AB,2006,0,128056.2,0,0,107658.75,0,0,100,0,0,100,0
747,SK,2006,24578.248,41388.753,0,20283.315,10015.685,0,37,63,0,67,33,0
748,SK,2006,5680.674,595641.163,786.162,2220.399,194048.973,166.627,1,99,0,1,99,0
749,SK,2006,13295.493,334194.509,0,7472.998,112105.201,0,4,96,0,6,94,0
750,AB,2006,0,46070.38,8232.02,0,109081.01,29421.99,0,85,15,0,79,21
751,MB,2006,11692.695,35660.656,0,12697.249,22792.975,95.377,25,75,0,36,64,0
751,SK,2006,13455.201,12556.651,0,8624.157,8655.841,0,52,48,0,50,50,0
752,MB,2006,0,98579.639,1437.359,0,61024.055,801.947,0,99,1,0,99,1
752,SK,2006,12542.431,366046.566,0,5898.419,171681.574,0,3,97,0,3,97,0
753,MB,2006,2902.931,415261.591,6268.476,2658.019,191685.458,3001.521,1,98,1,1,97,2
754,SK,2006,2754.07,149389.788,53445.14,2461.087,40307.452,13698.462,1,73,26,4,71,24
755,SK,2006,2275.759,169882.241,0,621.881,54571.12,0,1,99,0,1,99,0
756,SK,2006,6455.599,297987.393,0,1039.31,132199.684,0,2,98,0,1,99,0
757,MB,2006,62751.885,24629.112,1572.65,42723.891,8838.111,0,71,28,2,83,17,0
758,MB,2006,38194.719,111807.222,8493.454,30142.087,48804.411,9303.38,24,71,5,34,55,11
759,MB,2006,4924.539,34919.461,0,6739.517,13358.484,0,12,88,0,34,66,0
760,MB,2006,0,78110,0,2906.696,30828.304,0,0,100,0,9,91,0
760,SK,2006,4433.17,310257.834,0,4425.312,153650.687,0,1,99,0,3,97,0
761,SK,2006,0,12716.999,1677,0,11463.001,1375,0,88,12,0,89,11
762,SK,2006,24853.092,64111.912,0,13624.63,38991.367,0,28,72,0,26,74,0
763,MB,2006,88081.61,53554.319,5490.07,70943.144,34573.261,7028.596,60,36,4,63,31,6
763,SK,2006,30377.436,15418.565,0,23207.17,4218.832,0,66,34,0,85,15,0
764,MB,2006,0,64976.002,0,1454.514,34416.489,0,0,100,0,4,96,0
765,MB,2006,2159.31,327876.69,0,8082.809,102706.756,638.186,1,99,0,7,92,1
766,MB,2006,966.547,173629.46,0,722.966,59466.035,0,1,99,0,1,99,0
767,SK,2006,3732.165,431089.605,45893.222,781.968,59579.378,6281.655,1,90,10,1,89,9
768,SK,2006,0,41619.001,0,0,9896.003,0,0,100,0,0,100,0
769,AB,2006,0,88127.45,0,0,76362.2,0,0,100,0,0,100,0
770,SK,2006,65446.999,222126.458,8360.54,28618.579,48930.514,1961.91,22,75,3,36,62,2
771,AB,2006,14793.089,78305.791,210.4,7651.055,46740.689,120.6,16,84,0,14,86,0
771,SK,2006,0,48262.584,1596.418,523.685,12044.386,480.931,0,97,3,4,92,4
772,SK,2006,12529.088,28398.91,0,12536.216,3584.78,0,31,69,0,78,22,0
773,SK,2006,11427.215,253880.35,29100.432,3415.284,51133.609,7142.104,4,86,10,6,83,12
774,SK,2006,0,66974.001,0,0,7941.001,0,0,100,0,0,100,0
775,SK,2006,3341.338,70673.662,0,281.521,12788.478,0,5,95,0,2,98,0
776,SK,2006,41710.432,9380.568,0,24348.793,2662.206,0,82,18,0,90,10,0
777,AB,2006,10729.1,2455.95,0,12296.95,2812.05,0,81,19,0,81,19,0
778,SK,2006,19284.648,8124.353,0,5892.552,2482.449,0,70,30,0,70,30,0
779,AB,2006,0,25049.7,0,0,22003.2,0,0,100,0,0,100,0
780,SK,2006,8685.833,53434.794,268822.373,1349.903,4069.674,20749.422,3,16,81,5,16,79
781,AB,2006,11384.24,53579.741,146850.039,5938.24,15701.377,19662.102,5,25,69,14,38,48
782,SK,2006,16653.923,530848.069,0,7477.728,102900.275,0,3,97,0,7,93,0
783,SK,2006,0,264134.001,0,0,58725,0,0,100,0,0,100,0
784,SK,2006,12388.255,73018.927,2047.822,4110.449,18578.869,432.684,14,83,2,18,80,2
785,SK,2006,0,76467.76,6166.239,0,17790.635,655.365,0,93,7,0,96,4
786,AB,2006,0,94155.5,19,0,36619.9,16.4,0,100,0,0,100,0
787,AB,2006,0,45970.2,0,0,12468.9,0,0,100,0,0,100,0
788,AB,2006,0,46728.8,14875.2,0,16145.6,3695.4,0,76,24,0,81,19
789,SK,2006,15378.17,125614.06,2619.776,10871.093,25533.111,166.796,11,87,2,30,70,0
790,AB,2006,15195.6,41205.901,0,3373.3,9798.2,0,27,73,0,26,74,0
791,AB,2006,0,188636,0,0,34468,0,0,100,0,0,100,0
792,SK,2006,31549.661,61516.761,608724.575,19843.186,15216.378,54608.439,4,9,87,22,17,61
793,AB,2006,44675.395,338149.328,22284.577,18985.997,127550.944,6532.071,11,83,6,12,83,4
794,SK,2006,0,440845.997,0,0,102685,0,0,100,0,0,100,0
795,SK,2006,0,238964.003,0,1067.88,59126.123,0,0,100,0,2,98,0
796,SK,2006,11474.099,52897.901,0,10881.123,14409.858,0,18,82,0,43,57,0
797,AB,2006,1918,16671.5,60.5,864.5,7473.512,43,10,89,0,10,89,1
798,AB,2006,31207.8,314644.6,28657.45,18318.7,142958.09,15162.81,8,84,8,10,81,9
799,AB,2006,0,56891,0,0,63767,0,0,100,0,0,100,0
800,AB,2006,0,70180.3,72817.4,0,59230.52,43137.79,0,49,51,0,58,42
801,AB,2006,0,24207.45,2474.55,0,52820.6,4115.4,0,91,9,0,93,7
802,AB,2006,0,64306.6,0,655.59,42989.1,0,0,100,0,2,98,0
803,SK,2006,7056.282,104630.18,54450.542,1580.499,13268.306,5946.198,4,63,33,8,64,29
804,AB,2006,12675.49,35899.56,0,10806.69,20512.56,0,26,74,0,35,65,0
805,AB,2006,4239.817,6614.228,3748.957,1689.136,1855.923,1051.94,29,45,26,37,40,23
805,SK,2006,4643.56,42912.31,24231.126,1078.969,7116.279,3771.747,6,60,34,9,59,32
806,AB,2006,1632.3,56831.78,437.85,2057,75024.36,452.55,3,96,1,3,97,1
807,SK,2006,0,65170.187,8780.814,0,9053.016,940.982,0,88,12,0,91,9
808,SK,2006,3393.871,111747.637,430920.498,300.27,10776.739,38320.989,1,20,79,1,22,78
809,AB,2006,3803.8,97685.9,0,2995.055,40184.145,0,4,96,0,7,93,0
809,SK,2006,4104.696,106479.311,27593.987,726.454,12704.245,1182.296,3,77,20,5,87,8
810,SK,2006,0,94125,0,0,19181,0,0,100,0,0,100,0
811,AB,2006,4010.4,4337.324,32106.877,1260.6,1096.775,5767.525,10,11,79,16,13,71
811,SK,2006,0,349.636,932.364,0,64.908,173.091,0,27,73,0,27,73
812,AB,2006,23328.101,15959.17,20256.9,31804.675,22495.985,15727.15,39,27,34,45,32,22
813,SK,2006,2542.281,84810.714,38593.006,1688.866,16288.878,6780.261,2,67,31,7,66,27
814,AB,2006,1210.95,10516.78,0,942.3,8319.88,0,10,90,0,10,90,0
815,AB,2006,19192.5,15060.414,0,12160.7,9421.708,0,56,44,0,56,44,0
815,SK,2006,22519.145,8473.855,0,2548.391,1271.609,0,73,27,0,67,33,0
816,SK,2006,41886.688,313652.527,24821.782,31252.463,91640.689,4671.632,11,82,7,24,72,4
817,SK,2006,0,88355.4,3526.6,0,9490.441,342.558,0,96,4,0,97,3
818,AB,2006,0,28119.75,0,0,20563.7,0,0,100,0,0,100,0
819,SK,2006,21397.59,6101.411,0,5337.418,1519.583,0,78,22,0,78,22,0
820,SK,2006,739.92,164932.91,749.169,0,44955.304,43.7,0,99,0,0,100,0
821,AB,2006,1786.248,79821.445,712.465,821.183,28283.515,421.113,2,97,1,3,96,1
821,SK,2006,746.588,158725.414,0,948.23,44415.771,0,0,100,0,2,98,0
822,SK,2006,6012.032,132558.91,1148.057,1543,48125.684,1055.316,4,95,1,3,95,2
823,AB,2006,23790.456,117304.547,0,7217.667,32794.335,0,17,83,0,18,82,0
824,SK,2006,21052.239,58776.451,1387.309,9928.258,30017.744,0,26,72,2,25,75,0
825,SK,2006,0,427813.003,0,1313.949,117040.839,0,0,100,0,1,99,0
826,SK,2006,14714.763,581740.582,89793.651,10137.446,160904.583,10693.094,2,85,13,6,89,6
827,SK,2006,26823.638,11214.591,1709.77,22929.373,8868.627,1329,67,28,4,69,27,4
828,AB,2006,18612.569,548786.03,0,3323.419,102641.531,0,3,97,0,3,97,0
829,AB,2006,21055.55,10415.45,0,6284.6,3045.4,0,67,33,0,67,33,0
830,SK,2006,14260.712,243875.604,36055.686,6697.052,78426.053,7576.917,5,83,12,7,85,8
831,SK,2006,5669.495,127364.715,1345.788,1456.176,31966.826,0,4,95,1,4,96,0
832,SK,2006,11860.722,242216.92,695.363,9041.589,129182.63,919.788,5,95,0,6,93,1
833,AB,2006,63.5,18258.8,19.05,90.5,5533.8,27.15,0,100,0,2,98,0
833,SK,2006,0,32429.354,21171.647,0,23384.144,14899.858,0,61,39,0,61,39
834,SK,2006,0,55832.552,135414.448,0,15229.887,45749.115,0,29,71,0,25,75
835,SK,2006,0,5927.226,14488.774,0,1984.064,4849.935,0,29,71,0,29,71
836,AB,2006,0,8912,0,0,1863,0,0,100,0,0,100,0
837,AB,2006,0,18056,0,0,12133,0,0,100,0,0,100,0
837,SK,2006,0,13109.69,2227.31,0,10367.036,2346.964,0,85,15,0,82,18
838,AB,2006,727.4,2951.599,0,910.5,2677.502,0,20,80,0,25,75,0
838,SK,2006,0,51584.578,2187.424,0,22392.059,1950.223,0,96,4,0,92,8
839,MB,2006,7334.262,66800.907,8180.832,3264.029,33645.795,4153.175,9,81,10,8,82,10
840,MB,2006,37506.456,10967.189,13829.356,33401.176,12811.432,5047.392,60,18,22,65,25,10
841,MB,2006,19396.915,15991.583,0,2154.229,62123.771,0,55,45,0,3,97,0
843,MB,2006,13284.144,6234.855,0,18334.589,10283.412,0,68,32,0,64,36,0
844,MB,2006,9695.478,34660.668,5367.855,8815.616,32909.507,4701.876,19,70,11,19,71,10
846,MB,2006,0,10896.999,0,0,44742,0,0,100,0,0,100,0
847,MB,2006,0,27456.45,18520.25,0,13700.901,5470.1,0,60,40,0,71,29
848,MB,2006,794.947,7560.802,0,719.368,7291.632,0,10,90,0,9,91,0
849,MB,2006,10140.167,36709.277,608999.553,5460.517,21969.356,106752.128,2,6,93,4,16,80
850,MB,2006,109444.419,26478.581,0,80665.345,12080.652,0,81,19,0,87,13,0
851,MB,2006,0,41794.783,33414.218,0,8835.146,6632.855,0,56,44,0,57,43
852,MB,2006,39206.801,92290.201,109321.996,10463.7,11962.082,13740.219,16,38,45,29,33,38
853,MB,2006,0,16746.276,30845.726,0,1859.29,3424.71,0,35,65,0,35,65
854,MB,2006,5091.5,68519.502,0,2608.75,25245.25,0,7,93,0,9,91,0
855,MB,2006,0,10982,0,0,5345,0,0,100,0,0,100,0
940,BC,2006,72,14,0,284,58,0,84,16,0,83,17,0
943,BC,2006,0,2,0,0,5,0,0,100,0,0,100,0
944,BC,2006,93.064,12.736,0.2,827.403,126.195,2.4,88,12,0,87,13,0
948,BC,2006,0,0,0,1,0,0,,,,100,0,0
950,BC,2006,42.94,626.531,0,193.173,1726.829,0,6,94,0,10,90,0
955,BC,2006,34.528,9.171,56.2,246.914,91.486,430.6,35,9,56,32,12,56
956,BC,2006,980.912,947.95,465.649,4193.427,3677.552,1367.021,41,40,19,45,40,15
957,BC,2006,105.115,62.729,0,419.095,288.905,0,63,37,0,59,41,0
958,BC,2006,14.286,1.713,0,20.501,12.499,0,89,11,0,62,38,0
959,BC,2006,3669.918,19978.093,463.503,4477.138,25753.147,721.779,15,83,2,14,83,2
960,BC,2006,22,0,0,36,0,0,100,0,0,100,0,0
962,BC,2006,0,21,0,0,86,0,0,100,0,0,100,0
969,BC,2006,0,22.49,0,0,245,0,0,100,0,0,100,0
971,BC,2006,62.7,4.3,0,440.8,30.199,0,94,6,0,94,6,0
972,BC,2006,2695.934,1362.775,2450.101,20995.656,10676.929,18519.413,41,21,38,42,21,37
974,BC,2006,162.343,39.817,77.84,2085.846,655.833,847.32,58,14,28,58,18,24
975,BC,2006,0,0,0,684,0,0,,,,100,0,0
976,BC,2006,330.076,540.482,0,4003.794,7418.205,0,38,62,0,35,65,0
977,BC,2006,462.646,759.794,0,6110.93,7200.068,0,38,62,0,46,54,0
978,BC,2006,375.24,1306.071,0,5370.6,11719.4,0,22,78,0,31,69,0
979,BC,2006,2272.089,5217.91,0,18607.495,50472.506,0,30,70,0,27,73,0
980,BC,2006,18.75,5,1.25,198,52.8,13.2,75,20,5,75,20,5
981,BC,2006,1,33,12,9,425,153,2,72,26,2,72,26
982,BC,2006,1521.985,1522.342,2117.876,17370.604,17640.05,24259.346,29,29,41,29,30,41
987,BC,2006,9,9,0,94,111,0,50,50,0,46,54,0
988,BC,2006,387.835,244.165,0,970.11,514.89,0,61,39,0,65,35,0
990,BC,2006,83.562,17.435,0,808.483,86.52,0,83,17,0,90,10,0
991,BC,2006,125.673,1914.62,322.657,305.583,7099.409,1761.008,5,81,14,3,77,19
992,BC,2006,10.4,28.6,0,24.267,66.733,0,27,73,0,27,73,0
995,BC,2006,73.35,322.652,0,82.14,342.86,0,19,81,0,19,81,0
1001,BC,2006,1095.385,890.647,0,3861.35,2775.649,0,55,45,0,58,42,0
1002,BC,2006,107,19,0,1018.9,168.1,0,85,15,0,86,14,0
1003,BC,2006,41,0,0,22,0,0,100,0,0,100,0,0
1004,BC,2006,507.614,1657.651,366.45,3418.715,5962.986,2726.3,20,65,14,28,49,23
1005,BC,2006,1545.679,2215.612,0,12507.638,19527.363,0,41,59,0,39,61,0
1006,BC,2006,3352.321,2365.917,0,20671.3,31933.703,0,59,41,0,39,61,0
1007,BC,2006,3283.792,3169.096,2408.246,4314.991,4299.578,5566.431,37,36,27,30,30,39
1008,BC,2006,1592.718,655.606,372.673,4669.318,2118.356,1367.326,61,25,14,57,26,17
1009,BC,2006,1164.843,294.286,0,2690.978,661.023,0,80,20,0,80,20,0
1010,BC,2006,2206.142,1011.991,0,943.337,640.66,0,69,31,0,60,40,0
1011,BC,2006,718.62,147.359,0,2952.908,601.09,0,83,17,0,83,17,0
1012,BC,2006,328.833,42.165,0,890.802,180.198,0,89,11,0,83,17,0
1013,BC,2006,261.721,124,117.277,2093.834,1287.333,1246.834,52,25,23,45,28,27
1015,BC,2006,1122.157,866.844,0,3355.985,3143.013,0,56,44,0,52,48,0
1016,AB,2006,910.5,1063.5,0,3172.5,4055.5,0,46,54,0,44,56,0
1017,BC,2006,164.841,124.16,0,549.919,414.08,0,57,43,0,57,43,0
1018,AB,2006,307.1,11595.95,171.55,542.8,24048.05,351.35,3,96,1,2,96,1
9593,AB,2006,0,10851.4,43405.6,0,6574.4,26297.6,0,20,80,0,20,80
9607,AB,2006,0,0,673,0,0,371,0,0,100,0,0,100
9609,AB,2006,331.483,4745.997,2753.5,1552.95,7412.65,3743.4,4,61,35,12,58,29
9687,AB,2006,5906.372,107293.058,0,6700,124419.946,0,5,95,0,5,95,0
9787,AB,2006,0,75294.07,0,0,20750.34,0,0,100,0,0,100,0
244,AB,2007,0,0,1008,0,0,1323,0,0,100,0,0,100
244,BC,2007,0,22,17,0,335,69,0,56,44,0,83,17
252,BC,2007,0,29,0,0,189,0,0,100,0,0,100,0
371,MB,2007,0,0,124,0,0,83,0,0,100,0,0,100
374,ON,2007,7,0,0,179,0,0,100,0,0,100,0,0
375,MB,2007,2086.533,15108.12,37880.768,2084.004,10800.795,19683.85,4,27,69,6,33,60
376,MB,2007,0,16,0,0,32,0,0,100,0,0,100,0
378,ON,2007,33,517,0,359,7240,0,6,94,0,5,95,0
379,MB,2007,706.553,307.849,0,1907.315,1486.684,0,70,30,0,56,44,0
380,MB,2007,1129.246,50.294,1316.76,4941.503,1777.98,3656.518,45,2,53,48,17,35
381,ON,2007,0,1814,0,0,42741,0,0,100,0,0,100,0
383,ON,2007,333.285,3044.713,0,1397.714,11048.286,0,10,90,0,11,89,0
386,ON,2007,66,0,0,612,0,0,100,0,0,100,0,0
391,ON,2007,15,0,0,149,0,0,100,0,0,100,0,0
400,ON,2007,0,0,301,0,0,2520,0,0,100,0,0,100
401,ON,2007,49.51,486.177,1087.313,961.925,3917.93,15304.145,3,30,67,5,19,76
401,QC,2007,806,43,13811.23,6728,259,79473.13,5,0,94,8,0,92
402,ON,2007,0,75,0,0,637,0,0,100,0,0,100,0
407,ON,2007,197.688,0,156.312,1567.927,0,777.073,56,0,44,67,0,33
408,ON,2007,0,19460,0,0,38102,0,0,100,0,0,100,0
408,QC,2007,1866.7,642.227,11543.412,3764.4,2952.556,24781.644,13,5,82,12,9,79
409,ON,2007,76,636.002,0,557,5559.999,0,11,89,0,9,91,0
410,ON,2007,62.5,247.5,0,245.5,724.5,0,20,80,0,25,75,0
411,ON,2007,4168.807,2537.189,0,30152.91,8459.088,0,62,38,0,78,22,0
412,ON,2007,0,221.6,886.4,0,1962.2,7848.8,0,20,80,0,20,80
413,ON,2007,4629.068,1204.178,309.284,56206.349,8472.433,1734.943,75,20,5,85,13,3
415,QC,2007,779.22,0,0,1622,0,0,100,0,0,100,0,0
418,QC,2007,10421.078,1105.7,801,17367.999,2041,2116,85,9,6,81,9,10
419,QC,2007,164,0,0,600,0,0,100,0,0,100,0,0
421,QC,2007,834.66,0,0,3434,0,0,100,0,0,100,0,0
422,QC,2007,87,0,0,320,0,0,100,0,0,100,0,0
423,QC,2007,900.66,657,0,5977,4250,0,58,42,0,58,42,0
424,QC,2007,1937,1201,1336,4097.999,4079.099,734.9,43,27,30,46,46,8
425,QC,2007,7855.579,3079.6,6343.981,39308.399,23841.63,25782.771,45,18,37,44,27,29
426,QC,2007,3377,543,0,6279,534,0,86,14,0,92,8,0
431,QC,2007,6,0,0,40,0,0,100,0,0,100,0,0
438,QC,2007,376.42,0,0,675,0,0,100,0,0,100,0,0
439,QC,2007,264,0,0,392,0,0,100,0,0,100,0,0
440,QC,2007,333,0,0,774,0,0,100,0,0,100,0,0
441,QC,2007,25304.75,33657.257,4660.253,30900.72,43745.09,4790.492,40,53,7,39,55,6
455,NF,2007,13.11,0,0,287,0,0,100,0,0,100,0,0
458,NF,2007,50,225.37,0,99,1011,0,18,82,0,9,91,0
460,NF,2007,0,18,0,0,57.999,0,0,100,0,0,100,0
461,NF,2007,0,326.669,0,0,922.001,0,0,100,0,0,100,0
462,NF,2007,0,28,0,0,88.999,0,0,100,0,0,100,0
463,NF,2007,0,179.999,0,0,951.001,0,0,100,0,0,100,0
466,NF,2007,32,413.961,0,53,980,0,7,93,0,5,95,0
468,NF,2007,0,42.8,0,0,214,0,0,100,0,0,100,0
471,NF,2007,163,187.04,0,96,536.001,0,47,53,0,15,85,0
475,NF,2007,0,552.681,0,0,2283.999,0,0,100,0,0,100,0
477,NF,2007,33.67,0,0,152,0,0,100,0,0,100,0,0
478,QC,2007,743,1035.9,0,3336,4042.9,0,42,58,0,45,55,0
479,QC,2007,5511.805,28792.637,5290.12,13274.924,82589.774,10286.3,14,73,13,13,78,10
481,QC,2007,0,5119,0,0,11249,0,0,100,0,0,100,0
482,QC,2007,15775.46,16585.443,0,77948,67791.699,0,49,51,0,53,47,0
483,QC,2007,12126.527,27341.974,692.498,44665.851,70690.55,1553.599,30,68,2,38,60,1
484,NB,2007,0,146,0,0,357,0,0,100,0,0,100,0
484,QC,2007,316,3458.97,0,1712,7621,0,8,92,0,18,82,0
485,NB,2007,381.812,461.188,0,1241.307,1001.694,0,45,55,0,55,45,0
486,NB,2007,758.9,5544.1,0,616.29,5635.71,0,12,88,0,10,90,0
487,NB,2007,380.095,722.906,0,1075.341,2636.659,0,34,66,0,29,71,0
487,QC,2007,27.881,1696.117,0,73.676,3715.326,0,2,98,0,2,98,0
488,NB,2007,28.667,287.333,0,98,913,0,9,91,0,10,90,0
489,NB,2007,238,896,0,403,1581,0,21,79,0,20,80,0
490,NB,2007,272,715,0,973.696,894.304,0,28,72,0,52,48,0
493,NB,2007,1622.742,17240.707,1125.548,1841.45,15971.197,692.355,8,86,6,10,86,4
494,NB,2007,0,15446,0,0,13527.001,0,0,100,0,0,100,0
495,NB,2007,203.25,500.75,0,1223.74,2285.259,0,29,71,0,35,65,0
496,NB,2007,2320.401,373.372,179.228,17837.24,3187.646,1543.114,81,13,6,79,14,7
497,NB,2007,172.25,702.75,0,1001.27,2775.731,0,20,80,0,27,73,0
498,NB,2007,332,0,0,1760,0,0,100,0,0,100,0,0
499,NB,2007,350.76,331.24,13,1458.319,2756.38,79.3,50,48,2,34,64,2
500,NB,2007,3750.117,118.186,202.7,11078.686,258.513,821.8,92,3,5,91,2,7
501,NB,2007,760.95,1659.05,0,1624.548,3601.452,0,31,69,0,31,69,0
502,NB,2007,377.615,781.383,0,1278.24,2975.762,0,33,67,0,30,70,0
503,NB,2007,1575.4,1711.597,17,8695.481,13925.522,129,48,52,1,38,61,1
504,NB,2007,1322,351,0,6999.001,287,0,79,21,0,96,4,0
504,NS,2007,4120.069,1293.43,0,20735.004,7946.998,0,76,24,0,72,28,0
505,NB,2007,256,828,0,935,4841,0,24,76,0,16,84,0
506,NB,2007,23,404,0,740.96,1447.04,0,5,95,0,34,66,0
507,NB,2007,184.002,1134.999,0,1626,7169.501,0,14,86,0,18,82,0
507,NS,2007,3328.435,1661.741,0,7907.848,4402.531,0,67,33,0,64,36,0
508,NB,2007,268.001,0,0,646.001,0,0,100,0,0,100,0,0
509,NS,2007,250.001,1556.999,0,646.999,4148.001,0,14,86,0,13,87,0
510,NS,2007,83.567,76.084,0,235.167,188.834,0,52,48,0,55,45,0
511,NS,2007,0,121.002,0,0,90.001,0,0,100,0,0,100,0
512,NS,2007,0,2884.523,0,0,3989.999,0,0,100,0,0,100,0
513,NS,2007,154.522,390.056,0,330.834,1122.166,0,28,72,0,23,77,0
514,NS,2007,14.69,0,0,16,0,0,100,0,0,100,0,0
516,NS,2007,253.782,497.128,0,1749.057,2243.942,0,34,66,0,44,56,0
517,NS,2007,720.237,4661.591,0,3121.629,23018.373,0,13,87,0,12,88,0
518,NS,2007,8823.148,4640.547,0,15164.456,11683.096,0,66,34,0,56,44,0
519,NS,2007,0,284,0,0,859,0,0,100,0,0,100,0
520,NS,2007,7.25,412.751,0,86.583,2258.416,0,2,98,0,4,96,0
521,NS,2007,0,61,0,0,772,0,0,100,0,0,100,0
522,NS,2007,110.446,301.473,0,862.22,3417.781,0,27,73,0,20,80,0
523,NS,2007,182.422,875.107,0,709.833,3729.164,0,17,83,0,16,84,0
524,NS,2007,41,24,0,201,102,0,63,37,0,66,34,0
525,NS,2007,446.54,1992.126,0,1572.315,6587.681,0,18,82,0,19,81,0
527,NS,2007,68.362,862.639,0,205.112,1842.889,0,7,93,0,10,90,0
528,NS,2007,1358.072,1101.703,0,1589.83,1539.171,0,55,45,0,51,49,0
529,NS,2007,0,538.003,0,0,545.002,0,0,100,0,0,100,0
530,NS,2007,32.667,1017.337,0,90.667,1711.334,0,3,97,0,5,95,0
531,NS,2007,527.133,1452.146,0,674.251,3903.75,0,27,73,0,15,85,0
534,PE,2007,16605.44,5012.562,0,14840.452,4079.548,0,77,23,0,78,22,0
535,PE,2007,18864,0,0,14427,0,0,100,0,0,100,0,0
536,PE,2007,40943.377,2171.625,0,40208.169,2465.833,0,95,5,0,94,6,0
537,PE,2007,19189.666,453.332,0,26446.332,672.666,0,98,2,0,98,2,0
538,PE,2007,5873,0,0,4310,0,0,100,0,0,100,0,0
539,QC,2007,34,232.21,57.98,164.609,862.39,240,10,72,18,13,68,19
540,QC,2007,189066.859,101348.716,73722.847,201040.028,71544.79,69848.79,52,28,20,59,21,20
541,ON,2007,0,14229.701,2401.3,1563.352,3685.448,1190.2,0,86,14,24,57,18
541,QC,2007,139673.978,41696.014,267745.434,58542.767,14932.217,90793.018,31,9,60,36,9,55
542,ON,2007,0,687.578,12849.743,3246.561,2387.271,40208.17,0,5,95,7,5,88
543,ON,2007,5146.001,32275.361,12834.842,9148.495,26477.032,13854.965,10,64,26,18,54,28
543,QC,2007,0,209,1087,0,854,2886.4,0,16,84,0,23,77
544,ON,2007,2272.505,53467.368,13689.324,5333.42,32800.014,7734.568,3,77,20,12,72,17
545,ON,2007,2755.675,12664.431,9994.195,8164.403,9946.09,13858.509,11,50,39,26,31,43
546,ON,2007,0,30743.906,6617.053,0,38363.237,9002.763,0,82,18,0,81,19
546,QC,2007,0,303,0,0,339,0,0,100,0,0,100,0
547,ON,2007,4759.001,18585.851,12765.727,18477.48,31610.634,37227.175,13,51,35,21,36,43
548,QC,2007,329.96,0,0,422,0,0,100,0,0,100,0,0
549,ON,2007,0,384.276,4498.844,0,1450.652,16277.347,0,8,92,0,8,92
550,ON,2007,875.687,3389.212,1162.179,6799.817,36171.498,11353.611,16,62,21,13,67,21
551,ON,2007,26757.948,60105.524,39438.928,49635.206,55788.861,75658.934,21,48,31,27,31,42
552,ON,2007,23265.228,3575.073,0,76881.838,27035.55,0,87,13,0,74,26,0
553,ON,2007,57520.76,95428.067,17072.807,64448.946,79057.832,18882.863,34,56,10,40,49,12
554,ON,2007,13672.007,2962.171,0,43695.077,6176.923,0,82,18,0,88,12,0
555,ON,2007,7363.359,5841.972,14828.531,18131.65,23221.496,32322.093,26,21,53,25,32,44
556,ON,2007,20217.654,94971.144,1855.675,43786.328,102364.92,2283.75,17,81,2,29,69,2
557,ON,2007,10301.895,273251.941,0,4106.529,93071.472,0,4,96,0,4,96,0
558,ON,2007,15503.803,210797.154,934.239,16448.648,98415.969,246.381,7,93,0,14,85,0
559,ON,2007,0,310.4,0,0,0,0,0,100,0,,,
560,ON,2007,24707.134,59640.926,0,13126.258,26653.742,0,29,71,0,33,67,0
561,ON,2007,720.275,19631.606,2291.889,290.938,9733.466,1151.222,3,87,10,3,87,10
562,ON,2007,0,22820.668,11077.333,0,14781.222,7187.778,0,67,33,0,67,33
563,ON,2007,0,164,0,0,90,0,0,100,0,0,100,0
564,ON,2007,10328.726,61897.552,20882.245,13426.214,26537.479,14012.6,11,66,22,25,49,26
565,ON,2007,90397.779,207013.566,84597.657,15185.946,44661.163,15073.889,24,54,22,20,60,20
566,ON,2007,216,11504.252,7888.15,59.75,3685.85,3208.8,1,59,40,1,53,46
567,ON,2007,7104.722,159116.561,19764.716,1861.389,43357.67,5554.944,4,86,11,4,85,11
568,ON,2007,76554.49,8845.307,294.2,14703.993,1763.906,52.1,89,10,0,89,11,0
569,ON,2007,3372.805,24352.721,82718.477,1171.489,10653.003,42362.507,3,22,75,2,20,78
570,ON,2007,10938.748,218191.689,53845.965,1085.271,29887.458,6664.271,4,77,19,3,79,18
571,ON,2007,9628.112,1987.667,2650.223,1728.334,272,362.667,67,14,19,73,12,15
572,ON,2007,3459.609,15646.927,3332.326,515.147,2171.553,843.3,15,70,15,15,62,24
581,BC,2007,68,1898.08,0,206.4,6844,0,3,97,0,3,97,0
583,AB,2007,0,25.052,35.947,0,107.684,158.316,0,41,59,0,40,60
583,BC,2007,0,2544.435,643.906,0,8509.666,2230.334,0,80,20,0,79,21
584,AB,2007,0,0,566,0,0,1991,0,0,100,0,0,100
585,BC,2007,417,13245.331,0.25,2319.389,70071.984,1.625,3,97,0,3,97,0
586,AB,2007,6339.13,61179.637,26858.133,5524.235,27985.093,15851.671,7,65,28,11,57,32
587,AB,2007,19205.03,1227.75,0,10039.1,594.6,0,94,6,0,94,6,0
588,AB,2007,3060.144,8254.019,71270.426,3928.002,7789.42,59560.378,4,10,86,6,11,84
589,AB,2007,552.24,1794.78,0,417.647,1357.353,0,24,76,0,24,76,0
590,AB,2007,0,17828.779,32940.6,0,16095.569,48327.431,0,35,65,0,25,75
591,AB,2007,248,2124.335,98625.834,243.3,1749.5,102212.5,0,2,98,0,2,98
591,BC,2007,11854.028,53336.957,14415.49,35183.774,157405.674,27936.388,15,67,18,16,71,13
592,AB,2007,797.947,17729.733,91635.781,1189.764,22688.533,81653.702,1,16,83,1,21,77
593,AB,2007,0,6260.588,73703.412,0,3304.676,48882.323,0,8,92,0,6,94
594,AB,2007,0,0,38554.002,0,0,52559.999,0,0,100,0,0,100
595,AB,2007,0,3266.824,75354.176,0,1449.882,30117.118,0,4,96,0,5,95
596,AB,2007,7185.233,36339.117,42028.943,4584.476,24478.064,28419.761,8,42,49,8,43,49
597,AB,2007,1065.1,12674.6,21521,1700.1,22141.4,26341,3,36,61,3,44,52
598,AB,2007,0,1070.3,67341.698,0,1376.2,69377.8,0,2,98,0,2,98
599,AB,2007,0,3471,53992.999,0,5585,43966,0,6,94,0,11,89
600,AB,2007,1119.557,129.235,1100.667,3040.355,489.412,3395.333,48,6,47,44,7,49
609,AB,2007,0,0,321,0,0,385,0,0,100,0,0,100
610,AB,2007,658.471,8675.373,19658.784,918.184,16479.608,49219.206,2,30,68,1,25,74
610,BC,2007,0,0,0,0,0.999,0,,,,0,100,0
611,AB,2007,134.5,821.85,2933.65,191.75,1144.5,4111.75,3,21,75,4,21,75
612,AB,2007,0,3840.364,949.297,0,11877.164,3201.836,0,80,20,0,79,21
615,AB,2007,2795.017,10287.132,0,6361.032,20649.869,0,21,79,0,24,76,0
616,AB,2007,13343.866,2883.893,0,8968.536,5177.464,0,82,18,0,63,37,0
617,AB,2007,1288.572,3249.929,1018.5,2657.142,7213.857,2115,23,58,18,22,60,18
618,AB,2007,856.25,7163.093,487.81,1401.082,8035.601,1215,10,84,6,13,75,11
618,BC,2007,235.08,3440.515,762.663,1358.317,16295.002,4719.679,5,78,17,6,73,21
619,AB,2007,0,337,0,0,872,0,0,100,0,0,100,0
622,AB,2007,2035.393,7161.565,0,6022.459,20645.541,0,22,78,0,23,77,0
623,AB,2007,2883.374,13876.965,2527.402,9365.544,47476.13,13132.328,15,72,13,13,68,19
625,AB,2007,36,72,0,91.667,183.334,0,33,67,0,33,67,0
626,AB,2007,0,946,0,0,4111,0,0,100,0,0,100,0
629,AB,2007,170.3,2152.177,634.465,688.6,8947.657,2074.944,6,73,21,6,76,18
630,AB,2007,52.375,3184.187,39.778,292.75,22118.695,191.556,2,97,1,1,98,1
631,AB,2007,0,1604.7,160.3,0,4169.6,422.4,0,91,9,0,91,9
647,SK,2007,1290.387,236.613,0,1908.939,385.061,0,85,15,0,83,17,0
650,AB,2007,261.94,3159.471,402.339,794.5,8826.236,1025.263,7,83,11,7,83,10
652,SK,2007,25.428,197.572,0,65.706,511.293,0,11,89,0,11,89,0
657,SK,2007,148.193,1779.308,0,660.581,6561.42,0,8,92,0,9,91,0
658,SK,2007,1007,511.95,0,759.404,385.596,0,66,34,0,66,34,0
660,SK,2007,574.929,7620.821,0,1065.461,14225.537,0,7,93,0,7,93,0
661,SK,2007,63.937,5473.063,0,49.601,4136.4,0,1,99,0,1,99,0
662,SK,2007,45.2,180.8,0,37.6,150.4,0,20,80,0,20,80,0
667,MB,2007,0,240,0,0,409,0,0,100,0,0,100,0
669,MB,2007,0,15220.849,0,0,13780,0,0,100,0,0,100,0
669,SK,2007,0,0,294,0,0,707,0,0,100,0,0,100
672,SK,2007,4983.161,3974.033,281.353,5399.42,3606.191,242.388,54,43,3,58,39,3
677,MB,2007,0,0,2808,0,0,5894,0,0,100,0,0,100
678,AB,2007,4372.077,92527.434,4470.745,7660.146,152784.373,7044.176,4,91,4,5,91,4
679,AB,2007,0,11967.771,0,0,31483,0,0,100,0,0,100,0
680,AB,2007,3752.389,57075.661,0,7211.711,112145.001,0,6,94,0,6,94,0
680,SK,2007,629.105,13617.844,0,3501.782,33017.217,0,4,96,0,10,90,0
681,AB,2007,2536.2,78720.34,21155.41,2734.118,53126.833,12621.44,2,77,21,4,78,18
682,SK,2007,2511.235,3256.839,1883.776,5918.034,9082.873,3467.091,33,43,25,32,49,19
683,AB,2007,44598.77,18132,0,33949,9369,0,71,29,0,78,22,0
684,AB,2007,558.332,69586.734,26119.155,1458.603,157373.431,58259.967,1,72,27,1,72,27
685,SK,2007,765.577,11281.971,8930.999,1067.63,26838.71,14919.66,4,54,43,2,63,35
686,AB,2007,0,10502.388,0,0,21100.002,0,0,100,0,0,100,0
686,SK,2007,25.354,1179.644,0,136.886,5043.113,0,2,98,0,3,97,0
687,AB,2007,2603.611,8899.089,0,4312.466,14526.917,0,23,77,0,23,77,0
687,SK,2007,6302.85,68312.151,0,9752.11,77298.891,0,8,92,0,11,89,0
688,AB,2007,0,56648.698,0,0,58217.2,0,0,100,0,0,100,0
689,SK,2007,2412.734,35738.769,0,4708.352,28472.649,0,6,94,0,14,86,0
690,SK,2007,2456.028,25949.372,0,3660.645,36674.355,0,9,91,0,9,91,0
691,SK,2007,15080.797,1418.503,0,7681.976,355.024,0,91,9,0,96,4,0
692,AB,2007,36.304,29238.841,9672.266,141.138,78077.101,38035.51,0,75,25,0,67,33
693,SK,2007,8153.923,102143.069,0,12804.197,32996.8,0,7,93,0,28,72,0
694,SK,2007,38692.026,38289.443,18376.531,12304.076,11192.796,5619.125,41,40,19,42,38,19
695,SK,2007,22774.183,12153.818,0,24014.566,11427.434,0,65,35,0,68,32,0
696,SK,2007,54103.796,81853.144,0,39492.14,40558.861,0,40,60,0,49,51,0
697,SK,2007,0,7481.596,40332.403,0,2806.293,15107.708,0,16,84,0,16,84
698,SK,2007,30399.945,20506.556,0,8469.456,8375.544,0,60,40,0,50,50,0
699,SK,2007,0,23910,0,0,27023.001,0,0,100,0,0,100,0
700,SK,2007,0,9265.054,30117.994,0,7321.336,10919.669,0,24,76,0,40,60
701,SK,2007,52165.426,13679.971,0,36737.964,4384.036,0,79,21,0,89,11,0
702,SK,2007,7248.215,181810.136,17314.647,4434.939,34177.437,1608.624,4,88,8,11,85,4
703,AB,2007,0,53525.172,606.109,0,121993.99,1872.58,0,99,1,0,98,2
704,SK,2007,979.342,52314.169,18532.791,767.714,30216.139,10097.522,1,73,26,2,74,25
705,SK,2007,0,58750.335,210616.664,0,22787.214,21495.785,0,22,78,0,51,49
706,SK,2007,3461.611,99987.385,0,555.751,29484.25,0,3,97,0,2,98,0
707,SK,2007,11081.524,140970.423,1748.149,17320.722,61354.127,701.151,7,92,1,22,77,1
708,AB,2007,1276.2,50059.641,0,4188.6,129129.55,0,2,98,0,3,97,0
709,MB,2007,4199.578,133803.507,13335.764,3155.281,85274.383,4491.339,3,88,9,3,92,5
709,SK,2007,24677.23,151090.064,11354.692,14189.706,74396.327,3460.971,13,81,6,15,81,4
710,SK,2007,884.041,10319.259,0,1472.173,21141.826,0,8,92,0,7,93,0
711,SK,2007,242.779,14413.171,0,147.531,22433.468,0,2,98,0,1,99,0
714,MB,2007,0,1355,0,0,1576,0,0,100,0,0,100,0
714,SK,2007,0,44977.843,5017.606,0,43624.147,2751.853,0,90,10,0,94,6
715,MB,2007,572.155,15454.693,10983.252,1510.151,12230.579,9948.269,2,57,41,6,52,42
715,SK,2007,0,8646.901,2531.097,0,4836.177,1102.823,0,77,23,0,81,19
716,MB,2007,3527.65,35949.55,16869.55,4429.999,27940.5,16846.5,6,64,30,9,57,34
717,MB,2007,40852.282,37143.596,11576.624,29615.474,31967.94,5391.586,46,41,13,44,48,8
718,MB,2007,0,1944.7,0,0,10210,0,0,100,0,0,100,0
720,MB,2007,0,0,1290.6,0,0,6292,0,0,100,0,0,100
723,MB,2007,68,23126.252,1736.7,327,106999.001,5012,0,93,7,0,95,4
724,MB,2007,2203.71,23338.15,118545.791,7535.38,25187.894,85485.726,2,16,82,6,21,72
726,MB,2007,37697.67,0,1105.279,79745.536,0,1225.463,97,0,3,98,0,2
727,AB,2007,26549.11,169971.87,129130.571,18437.353,110309.031,58781.889,8,52,40,10,59,31
728,AB,2007,3528.611,183799.924,3571.412,2304.722,56910.19,683.038,2,96,2,4,95,1
729,AB,2007,31515.211,98130.644,0,23811.039,52413.186,0,24,76,0,31,69,0
729,SK,2007,18738.149,331182.853,0,11564.945,148677.055,0,5,95,0,7,93,0
730,AB,2007,42136.785,370873.483,10159.722,27462.438,214559.723,7266.111,10,88,2,11,86,3
731,AB,2007,19559.853,413493.077,0,15555.647,185844.923,0,5,95,0,8,92,0
732,AB,2007,0,12636.9,0,0,19152.9,0,0,100,0,0,100,0
733,SK,2007,25836.338,125317.416,8521.247,9516.081,70935.64,2469.28,16,78,5,11,86,3
734,SK,2007,25683.915,11694.083,0,18682.423,3193.577,0,69,31,0,85,15,0
735,SK,2007,3492.444,142021.553,0,4282.955,44677.04,0,2,98,0,9,91,0
736,SK,2007,35832.113,203811.705,7297.177,13502.473,55293.34,1277.191,15,83,3,19,79,2
737,AB,2007,18715.7,95064.05,12660.5,15569.6,90296.301,11626.05,15,75,10,13,77,10
738,AB,2007,6415.46,119852.83,0,6966.6,33901.42,0,5,95,0,17,83,0
739,AB,2007,96226.115,8471.7,0,86773.509,9216,0,92,8,0,90,10,0
739,SK,2007,31163.167,3820.834,0,25477.9,1401.101,0,89,11,0,95,5,0
740,AB,2007,13722.4,138816.1,0,12602.6,83718.8,0,9,91,0,13,87,0
741,SK,2007,3984.596,145421.729,1347.674,563.998,22671.161,165.838,3,96,1,2,97,1
742,SK,2007,25069.119,11568.88,0,12062.028,507.973,0,68,32,0,96,4,0
743,AB,2007,2197.8,78352.757,0,547.2,38122.049,0,3,97,0,1,99,0
743,SK,2007,4006.647,5805.764,2152.593,1221.578,3420.643,1305.778,33,49,18,21,58,22
744,AB,2007,0,169430.01,14151.84,0,89964.64,3498.56,0,92,8,0,96,4
745,SK,2007,25545.513,672210.188,2875.301,8379.7,148891.177,920.128,4,96,0,5,94,1
746,AB,2007,0,131194.05,0,0,103328.65,0,0,100,0,0,100,0
747,SK,2007,23191.412,40645.591,0,20317.476,10102.526,0,36,64,0,67,33,0
748,SK,2007,5525.652,583816.998,769.355,2125.083,192563.957,165.964,1,99,0,1,99,0
749,SK,2007,12843.873,330292.125,0,7586.126,109099.073,0,4,96,0,7,93,0
750,AB,2007,0,45519.11,8628.09,0,106885.73,28301.67,0,84,16,0,79,21
751,MB,2007,11001.143,35114.214,0,12286.31,22673.488,33.92,24,76,0,35,65,0
751,SK,2007,12725.856,12411.998,0,8289.351,8167.651,0,51,49,0,50,50,0
752,MB,2007,0,95854.259,1391.741,0,60969.12,803.881,0,99,1,0,99,1
752,SK,2007,11918.583,354922.421,0,6094.222,169916.778,0,3,97,0,3,97,0
753,MB,2007,2798.325,412642.256,6184.42,2475.846,186155.574,3085.58,1,98,1,1,97,2
754,SK,2007,2697.969,147012.959,52948.066,2268.599,40386.682,13376.72,1,73,26,4,72,24
755,SK,2007,2225.769,164995.232,0,646.796,55667.204,0,1,99,0,1,99,0
756,SK,2007,6401.732,288049.26,0,1040.657,131675.342,0,2,98,0,1,99,0
757,MB,2007,62291.722,24512.272,1572.65,41051.84,8647.162,0,70,28,2,83,17,0
758,MB,2007,38121.218,110321.366,8349.819,28675.331,47985.974,9153.975,24,70,5,33,56,11
759,MB,2007,4820.101,34178.899,0,5486.955,14099.045,0,12,88,0,28,72,0
760,MB,2007,0,76531.001,0,2419.726,31287.274,0,0,100,0,7,93,0
760,SK,2007,4196.643,298394.361,0,3038.273,153797.728,0,1,99,0,2,98,0
761,SK,2007,0,11932,1447,0,11207.999,1300,0,89,11,0,90,10
762,SK,2007,23272.667,60536.336,0,13702.427,39014.571,0,28,72,0,26,74,0
763,MB,2007,85398.098,52661.625,5240.278,70008.799,33738.031,6837.172,60,37,4,63,31,6
763,SK,2007,29071.434,15418.565,0,23603.2,3681.8,0,65,35,0,87,13,0
764,MB,2007,0,64488.998,0,1408.52,33746.481,0,0,100,0,4,96,0
765,MB,2007,2299.999,322957.002,0,7249.119,103876.103,541.329,1,99,0,6,93,0
766,MB,2007,962.661,173803.34,0,705.204,57281.792,0,1,99,0,1,99,0
767,SK,2007,3726.231,430590.359,45841.406,787.037,60012.958,6328.001,1,90,10,1,89,9
768,SK,2007,0,41008.001,0,0,10493.001,0,0,100,0,0,100,0
769,AB,2007,0,87344.8,0,0,77013.1,0,0,100,0,0,100,0
770,SK,2007,65802.509,221787.36,8330.14,28178.321,49176.493,1988.185,22,75,3,36,62,3
771,AB,2007,14464.905,77165.775,207.6,7952.716,47772.838,123.2,16,84,0,14,86,0
771,SK,2007,0,47921.925,1587.076,519.807,12369.431,489.76,0,97,3,4,92,4
772,SK,2007,12423.073,28162.925,0,12454.13,3781.87,0,31,69,0,77,23,0
773,SK,2007,11351.155,252744.681,28953.165,3482.561,51869.258,7230.179,4,86,10,6,83,12
774,SK,2007,0,66572.001,0,0,8266.998,0,0,100,0,0,100,0
775,SK,2007,3342.255,70690.747,0,280.527,12760.475,0,5,95,0,2,98,0
776,SK,2007,41513.318,9384.682,0,24154.945,2626.057,0,82,18,0,90,10,0
777,AB,2007,10512,2389.8,0,12498.25,2873.25,0,81,19,0,81,19,0
778,SK,2007,19364.855,8158.144,0,5801.084,2443.916,0,70,30,0,70,30,0
779,AB,2007,0,24854.4,0,0,22159.8,0,0,100,0,0,100,0
780,SK,2007,8694.861,53434.234,269038.905,1330.541,4061.195,20460.269,3,16,81,5,16,79
781,AB,2007,11294.08,53663.279,147040.482,6000.96,15544.317,19336.103,5,25,69,15,38,47
782,SK,2007,16301.751,528223.249,0,7800.704,105204.293,0,3,97,0,7,93,0
783,SK,2007,0,263616.998,0,0,59065.999,0,0,100,0,0,100,0
784,SK,2007,12449.915,73386.043,2073.043,4042.328,18162.209,407.463,14,83,2,18,80,2
785,SK,2007,0,76637.199,6127.803,0,17602.687,693.311,0,93,7,0,96,4
786,AB,2007,0,94652.1,17.9,0,35991.3,17.4,0,100,0,0,100,0
787,AB,2007,0,45991.1,0,0,12435.4,0,0,100,0,0,100,0
788,AB,2007,0,46904.6,14822.4,0,15923.8,3730.2,0,76,24,0,81,19
789,SK,2007,15239.217,125673.079,2637.707,11022.538,25445.593,148.865,11,88,2,30,69,0
790,AB,2007,14958.3,41010.8,0,3579.8,9949.901,0,27,73,0,26,74,0
791,AB,2007,0,188308,0,0,34679,0,0,100,0,0,100,0
792,SK,2007,31206.456,61277.418,606833.119,19963.095,14623.294,56373.614,4,9,87,22,16,62
793,AB,2007,44408.089,339274.479,22261.53,19195.78,125843.761,6502.871,11,84,5,13,83,4
794,SK,2007,0,435023.998,0,0,106431.002,0,0,100,0,0,100,0
795,SK,2007,0,236695.003,0,1051.68,61273.318,0,0,100,0,2,98,0
796,SK,2007,11624.974,52700.021,0,10640.351,14484.632,0,18,82,0,42,58,0
797,AB,2007,1879.5,16392.5,57.5,896,7727.019,46,10,89,0,10,89,1
798,AB,2007,30734.8,309947.05,28641.4,18364.1,143154.04,14758.16,8,84,8,10,81,8
799,AB,2007,0,54199,0,0,64119,0,0,100,0,0,100,0
800,AB,2007,0,71049.7,72270.2,0,57218.47,42766.84,0,50,50,0,57,43
801,AB,2007,0,25854.4,2418.6,0,50225.75,4046.25,0,91,9,0,93,7
802,AB,2007,0,62468.9,0,600.99,43608.05,0,0,100,0,1,99,0
803,SK,2007,7082.984,104509.134,54435.888,1551.846,13364.552,5952.605,4,63,33,7,64,29
804,AB,2007,12360.29,34725.56,0,11100.87,21644.68,0,26,74,0,34,66,0
805,AB,2007,4230.118,6612.121,3747.763,1693.388,1850.657,1048.955,29,45,26,37,40,23
805,SK,2007,4650.488,42898.489,24244.022,1070.199,7120.402,3754.396,6,60,34,9,60,31
806,AB,2007,1506.2,55059.43,442.75,2160.3,76654.01,446.95,3,97,1,3,97,1
807,SK,2007,0,65374.902,8801.097,0,8833.465,918.539,0,88,12,0,91,9
808,SK,2007,3393.44,111341.302,429056.262,298.116,11135.678,40089.207,1,20,79,1,22,78
809,AB,2007,3682.8,96213.35,0,3261.855,41626.695,0,4,96,0,7,93,0
809,SK,2007,4111.68,106017.631,27476.684,717.434,13152.212,1296.354,3,77,20,5,87,9
810,SK,2007,0,93793,0,0,19482.001,0,0,100,0,0,100,0
811,AB,2007,3997.8,4342.261,31933.639,1270.2,1089.588,5905.512,10,11,79,15,13,71
811,SK,2007,0,351.545,937.455,0,63.273,168.727,0,27,73,0,27,73
812,AB,2007,23605.977,16241.795,19802.55,31547.149,22174.57,16184.05,40,27,33,45,32,23
813,SK,2007,2611.008,84452.144,38441.849,1619.353,16605.327,6911.318,2,67,31,6,66,27
814,AB,2007,1193.4,10279.1,0,957.6,8539.89,0,10,90,0,10,90,0
815,AB,2007,18912,14721.914,0,12383.2,9658.615,0,56,44,0,56,44,0
815,SK,2007,22363.832,8401.168,0,2701.999,1343.001,0,73,27,0,67,33,0
816,SK,2007,41405.372,310599.993,24628.636,31670.328,94134.364,4859.092,11,82,7,24,72,4
817,SK,2007,0,87767.179,3498.821,0,10066.254,369.747,0,96,4,0,96,4
818,AB,2007,0,28310.2,0,0,20360.6,0,0,100,0,0,100,0
819,SK,2007,21629.227,6166.774,0,5096.523,1451.476,0,78,22,0,78,22,0
820,SK,2007,739.92,165679.907,749.169,0,44160.301,27.7,0,99,0,0,100,0
821,AB,2007,1765.852,78934.82,717.71,838.976,29084.919,414.117,2,97,1,3,96,1
821,SK,2007,671.929,156474.071,0,1021.613,46627.385,0,0,100,0,2,98,0
822,SK,2007,5940.031,130908.866,1168.098,1592.002,49672.511,1034.489,4,95,1,3,95,2
823,AB,2007,23364.656,116004.847,0,7642.356,34092.644,0,17,83,0,18,82,0
824,SK,2007,21187.68,58533.017,1387.309,9764.537,30211.461,0,26,72,2,24,76,0
825,SK,2007,0,425669.002,0,1312.276,118712.516,0,0,100,0,1,99,0
826,SK,2007,14589.572,580337.843,89472.584,10251.799,161659.903,10986.699,2,85,13,6,88,6
827,SK,2007,26399.054,10998.176,1663.772,23324.433,9072.567,1365,68,28,4,69,27,4
828,AB,2007,18684.917,549153.886,0,3236.748,101855.499,0,3,97,0,3,97,0
829,AB,2007,21327,10540.2,0,5989.5,2909.9,0,67,33,0,67,33,0
830,SK,2007,14111.098,241160.094,35722.809,6800.86,80994.388,7892.778,5,83,12,7,85,8
831,SK,2007,5625.027,126159.181,1345.788,1496.992,33087.006,0,4,95,1,4,96,0
832,SK,2007,11870.792,241289.543,701.663,9016.292,129860.961,912.747,5,95,0,6,93,1
833,AB,2007,59.5,18216,17.85,94.5,5564.6,28.35,0,100,0,2,98,0
833,SK,2007,0,32003.348,20760.649,0,23789.483,15297.516,0,61,39,0,61,39
834,SK,2007,0,56065.146,135749.854,0,14979.268,45346.736,0,29,71,0,25,75
835,SK,2007,0,5879.322,14371.677,0,2029.064,4959.935,0,29,71,0,29,71
836,AB,2007,0,8902,0,0,1861,0,0,100,0,0,100,0
837,AB,2007,0,18117,0,0,12058,0,0,100,0,0,100,0
837,SK,2007,0,12168.697,2094.303,0,11283.214,2478.789,0,85,15,0,82,18
838,AB,2007,727.9,2949.099,0,909.1,2672.902,0,20,80,0,25,75,0
838,SK,2007,0,50550.427,2139.575,0,23400.328,1994.953,0,96,4,0,92,8
839,MB,2007,7422.153,67508.177,8266.669,3076.23,31981.97,3949.803,9,81,10,8,82,10
840,MB,2007,37040.856,10965.122,13868.022,31544.072,11960.069,4948.857,60,18,22,65,25,10
841,MB,2007,19306.502,13423.999,0,2102.177,60560.822,0,59,41,0,3,97,0
843,MB,2007,12636.588,5890.411,0,17778.494,9937.506,0,68,32,0,64,36,0
844,MB,2007,9347.947,33559.865,5176.186,8727.187,32285.001,4727.811,19,70,11,19,71,10
846,MB,2007,0,10281.998,0,0,43124.998,0,0,100,0,0,100,0
847,MB,2007,0,27168.75,18297.95,0,13360.75,5334.25,0,60,40,0,71,29
848,MB,2007,766.842,7241.907,0,696.421,7089.578,0,10,90,0,9,91,0
849,MB,2007,9990.834,36693.944,610473.223,5474.498,20706.428,101561.072,2,6,93,4,16,80
850,MB,2007,110246.076,26601.924,0,77401.765,11630.237,0,81,19,0,87,13,0
851,MB,2007,0,41673.164,33330.836,0,8658.177,6358.825,0,56,44,0,58,42
852,MB,2007,39208.166,91828.098,109113.734,9872.394,12048.422,13393.179,16,38,45,28,34,38
853,MB,2007,0,16851.134,31038.866,0,1670.335,3076.665,0,35,65,0,35,65
854,MB,2007,5062.5,68316.502,0,2535.875,24512.125,0,7,93,0,9,91,0
855,MB,2007,0,10468,0,0,5322,0,0,100,0,0,100,0
940,BC,2007,46,14,0,310,58,0,77,23,0,84,16,0
943,BC,2007,0,1,0,0,5,0,0,100,0,0,100,0
944,BC,2007,96.907,12.997,0.1,824.424,126.179,2.4,88,12,0,87,13,0
948,BC,2007,0,0,0,1,0,0,,,,100,0,0
950,BC,2007,39.966,573.501,0,193.894,1733.103,0,7,93,0,10,90,0
955,BC,2007,32.928,10.571,51.4,247.942,90.657,434.4,35,11,54,32,12,56
956,BC,2007,978.691,949.785,454.03,4151.653,3595.901,1312.444,41,40,19,46,40,14
957,BC,2007,91.954,62.882,0,427.776,285.225,0,59,41,0,60,40,0
958,BC,2007,9.465,2.535,0,25.321,12.678,0,79,21,0,67,33,0
959,BC,2007,3674.581,19819.024,462.345,4267.893,24893.731,684.365,15,83,2,14,83,2
960,BC,2007,20,0,0,39,0,0,100,0,0,100,0,0
962,BC,2007,0,13,0,0,88,0,0,100,0,0,100,0
969,BC,2007,0,8.49,0,0,261,0,0,100,0,0,100,0
971,BC,2007,42.75,2.25,0,467.4,31.599,0,95,5,0,94,6,0
972,BC,2007,2564.06,1328.232,2439.527,21236.981,10761.279,18615.735,40,21,39,42,21,37
974,BC,2007,129.41,35.15,61.44,2123.893,661.067,865.04,57,16,27,58,18,24
975,BC,2007,0,0,0,685,0,0,,,,100,0,0
976,BC,2007,343.727,556.834,0,4005.8,7416.202,0,38,62,0,35,65,0
977,BC,2007,501.699,755.743,0,5997.607,7148.395,0,40,60,0,46,54,0
978,BC,2007,385.749,1299.558,0,5322.845,11673.157,0,23,77,0,31,69,0
979,BC,2007,2582.175,5365.823,0,18268.521,50166.476,0,32,68,0,27,73,0
980,BC,2007,19.5,5.2,1.3,197.25,52.6,13.15,75,20,5,75,20,5
981,BC,2007,0,22,8,10,443,157,0,73,27,2,73,26
982,BC,2007,1590.336,1552.107,2049.765,17322.486,17608.532,24348.988,31,30,39,29,30,41
987,BC,2007,7,9,0,94,111,0,44,56,0,46,54,0
988,BC,2007,401.04,246.96,0,959.48,514.52,0,62,38,0,65,35,0
990,BC,2007,86.445,21.548,0,783.812,81.192,0,80,20,0,91,9,0
991,BC,2007,115.8,1906.73,365.419,307.852,7082.117,1698.031,5,80,15,3,78,19
992,BC,2007,13.866,38.133,0,20.8,57.2,0,27,73,0,27,73,0
995,BC,2007,68.245,299.752,0,87.403,366.598,0,19,81,0,19,81,0
1001,BC,2007,1082.889,882.139,0,3773.581,2731.421,0,55,45,0,58,42,0
1002,BC,2007,168.5,25.5,0,946.9,150.1,0,87,13,0,86,14,0
1003,BC,2007,37,0,0,22,0,0,100,0,0,100,0,0
1004,BC,2007,561.157,1313.072,384.5,3348.881,6293.164,2693.95,25,58,17,27,51,22
1005,BC,2007,1680.712,2573.582,0,12120.033,18974.966,0,40,60,0,39,61,0
1006,BC,2007,3469.695,2391.531,0,20333.976,31846.029,0,59,41,0,39,61,0
1007,BC,2007,3108.405,2840.271,2274.457,4274.258,4380.834,5541.902,38,35,28,30,31,39
1008,BC,2007,1606.1,625.578,355.324,4644.847,2139.466,1366.683,62,24,14,57,26,17
1009,BC,2007,1173.872,287.265,0,2633.465,645.533,0,80,20,0,80,20,0
1010,BC,2007,2213.569,1018.562,0,880.948,603.052,0,68,32,0,59,41,0
1011,BC,2007,692.357,147.623,0,2931.769,600.229,0,82,18,0,83,17,0
1012,BC,2007,312.271,34.727,0,907.852,186.148,0,90,10,0,83,17,0
1013,BC,2007,271.723,127.889,121.389,2101.946,1289.89,1248.166,52,25,23,45,28,27
1015,BC,2007,1098.92,841.077,0,3367.521,3121.478,0,57,43,0,52,48,0
1016,AB,2007,847,979,0,3108,3980,0,46,54,0,44,56,0
1017,BC,2007,153.322,119.68,0,545.76,410.24,0,56,44,0,57,43,0
1018,AB,2007,286.55,10762.05,171,523.15,24564.2,343.85,3,96,2,2,97,1
9593,AB,2007,0,11248.2,44992.8,0,6056.6,24226.4,0,20,80,0,20,80
9607,AB,2007,0,0,799,0,0,381,0,0,100,0,0,100
9609,AB,2007,362.933,4799.997,2785.05,1523.2,7342.3,3697.5,5,60,35,12,58,29
9687,AB,2007,5766.928,107351.904,0,6816.666,123119.184,0,5,95,0,5,95,0
9787,AB,2007,0,74758.87,0,0,21224.49,0,0,100,0,0,100,0
244,AB,2008,0,0,976,0,0,1332,0,0,100,0,0,100
244,BC,2008,0,22,18,0,341.001,71,0,55,45,0,83,17
252,BC,2008,0,27,0,0,190,0,0,100,0,0,100,0
371,MB,2008,0,0,129,0,0,82,0,0,100,0,0,100
374,ON,2008,7,0,0,182,0,0,100,0,0,100,0,0
375,MB,2008,2076.564,15329.375,38637.481,2044.426,10311.241,18735.983,4,27,69,7,33,60
376,MB,2008,0,15,0,0,31,0,0,100,0,0,100,0
378,ON,2008,39,474,0,395,7303,0,8,92,0,5,95,0
379,MB,2008,701.2,323.2,0,1858.262,1463.738,0,68,32,0,56,44,0
380,MB,2008,1124.82,49.32,1290.16,4802.634,1729.037,3524.329,46,2,52,48,17,35
381,ON,2008,0,1803,0,0,42582,0,0,100,0,0,100,0
383,ON,2008,381.571,3153.427,0,1387.857,10914.143,0,11,89,0,11,89,0
386,ON,2008,78,0,0,596,0,0,100,0,0,100,0,0
391,ON,2008,25,0,0,147,0,0,100,0,0,100,0,0
400,ON,2008,0,0,360,0,0,2552,0,0,100,0,0,100
401,ON,2008,51.988,514.99,1094.019,949.412,3826.484,15167.103,3,31,66,5,19,76
401,QC,2008,815,41,13104.23,6705,260,79513.13,6,0,94,8,0,92
402,ON,2008,0,93,0,0,641,0,0,100,0,0,100,0
407,ON,2008,225.908,0,193.091,1570.159,0,755.841,54,0,46,68,0,32
408,ON,2008,0,20825,0,0,36583,0,0,100,0,0,100,0
408,QC,2008,2016.489,658.894,12242.857,3614.611,2917.778,23735.311,14,4,82,12,10,78
409,ON,2008,74,627,0,575,5570.001,0,11,89,0,9,91,0
410,ON,2008,72.6,266.4,0,234.2,703.8,0,21,79,0,25,75,0
411,ON,2008,4339.743,2698.257,0,29631.806,8228.192,0,62,38,0,78,22,0
412,ON,2008,0,227.6,910.4,0,1943.6,7774.4,0,20,80,0,20,80
413,ON,2008,4925.304,1226.13,311.558,55674.519,8346.229,1709.659,76,19,5,85,13,3
415,QC,2008,807.22,0,0,1601,0,0,100,0,0,100,0,0
418,QC,2008,10546.079,1082.7,817.998,17057.999,2035,2057.999,85,9,7,81,10,10
419,QC,2008,156,0,0,605,0,0,100,0,0,100,0,0
421,QC,2008,912.66,0,0,3404,0,0,100,0,0,100,0,0
422,QC,2008,84,0,0,323,0,0,100,0,0,100,0,0
423,QC,2008,926.66,707,0,5907,4157,0,57,43,0,59,41,0
424,QC,2008,1926.002,1231.999,1322,4027.001,3984.1,748.9,43,27,30,46,45,9
425,QC,2008,8151.179,3140,6597.978,38602.5,23595.53,25307.77,46,18,37,44,27,29
426,QC,2008,3313,564,0,6174,502,0,85,15,0,92,8,0
431,QC,2008,6,0,0,40,0,0,100,0,0,100,0,0
438,QC,2008,419.42,0,0,636,0,0,100,0,0,100,0,0
439,QC,2008,252,0,0,413,0,0,100,0,0,100,0,0
440,QC,2008,342,0,0,786,0,0,100,0,0,100,0,0
441,QC,2008,25796.75,33135.364,4620.147,30280.519,43438.669,4801.911,41,52,7,39,55,6
455,NF,2008,6.11,0,0,294,0,0,100,0,0,100,0,0
458,NF,2008,51,237.371,0,96,1022,0,18,82,0,9,91,0
460,NF,2008,0,17,0,0,57.999,0,0,100,0,0,100,0
461,NF,2008,0,302.668,0,0,956.001,0,0,100,0,0,100,0
462,NF,2008,0,27.001,0,0,90,0,0,100,0,0,100,0
463,NF,2008,0,175.999,0,0,967,0,0,100,0,0,100,0
466,NF,2008,29,417.96,0,55,991.999,0,6,94,0,5,95,0
468,NF,2008,0,38.8,0,0,227,0,0,100,0,0,100,0
471,NF,2008,153,191.041,0,109,533,0,44,56,0,17,83,0
475,NF,2008,0,545.68,0,0,2305.001,0,0,100,0,0,100,0
477,NF,2008,23.67,0,0,163,0,0,100,0,0,100,0,0
478,QC,2008,741,1063.7,0,3285,3978.2,0,41,59,0,45,55,0
479,QC,2008,5533.333,28769.106,5190.12,13101.66,81787.039,10253.3,14,73,13,12,78,10
481,QC,2008,0,5246,0,0,11069,0,0,100,0,0,100,0
482,QC,2008,16001.46,16328.647,0,76994,67294.098,0,49,51,0,53,47,0
483,QC,2008,12225.323,27050.875,704.798,44002.2,70277.8,1540.999,31,68,2,38,61,1
484,NB,2008,0,124,0,0,343,0,0,100,0,0,100,0
484,QC,2008,312,3397.97,0,1711,7635,0,8,92,0,18,82,0
485,NB,2008,356.2,414.8,0,1213.555,1024.444,0,46,54,0,54,46,0
486,NB,2008,747.5,5509.5,0,618.39,5518.61,0,12,88,0,10,90,0
487,NB,2008,362.898,666.102,0,1082.348,2649.649,0,35,65,0,29,71,0
487,QC,2008,24.898,1610.102,0,76.66,3727.339,0,2,98,0,2,98,0
488,NB,2008,28.666,302.334,0,98.667,902.333,0,9,91,0,10,90,0
489,NB,2008,221,935,0,406,1542,0,19,81,0,21,79,0
490,NB,2008,256,683,0,993.503,938.498,0,27,73,0,51,49,0
493,NB,2008,1628.048,17367.243,1111.71,1781.075,15608.925,676,8,86,6,10,86,4
494,NB,2008,0,15871.001,0,0,12944.001,0,0,100,0,0,100,0
495,NB,2008,203.75,521.25,0,1215.24,2248.76,0,28,72,0,35,65,0
496,NB,2008,2378.135,389.952,189.915,17599.806,3147.05,1525.143,80,13,6,79,14,7
497,NB,2008,195.5,773.5,0,979.826,2686.176,0,20,80,0,27,73,0
498,NB,2008,314,0,0,1793,0,0,100,0,0,100,0,0
499,NB,2008,381.76,340.24,13,1359,2684.95,76.05,52,46,2,33,65,2
500,NB,2008,4101.014,123.888,222.1,10389.075,246.325,791.6,92,3,5,91,2,7
501,NB,2008,869,1861,0,1582.908,3386.092,0,32,68,0,32,68,0
502,NB,2008,390.298,825.7,0,1254.506,2904.497,0,32,68,0,30,70,0
503,NB,2008,1638.183,1831.817,19,8498.775,13681.222,127,47,53,1,38,61,1
504,NB,2008,1329,329,0,6823,293,0,80,20,0,96,4,0
504,NS,2008,4220.462,1382.039,0,20379.256,7743.752,0,75,25,0,72,28,0
505,NB,2008,264,820.999,0,926,4675.999,0,24,76,0,17,83,0
506,NB,2008,27,417,0,719.96,1416.04,0,6,94,0,34,66,0
507,NB,2008,188,1225,0,1612,7068.498,0,13,87,0,19,81,0
507,NS,2008,3437.504,1754.551,0,7730.323,4284.803,0,66,34,0,64,36,0
508,NB,2008,323,0,0,602.001,0,0,100,0,0,100,0,0
509,NS,2008,251.002,1536.999,0,636,4130.001,0,14,86,0,13,87,0
510,NS,2008,89.4,85.25,0,230.5,181.5,0,51,49,0,56,44,0
511,NS,2008,0,113,0,0,92,0,0,100,0,0,100,0
512,NS,2008,0,2981.518,0,0,3907.998,0,0,100,0,0,100,0
513,NS,2008,160.921,410.659,0,322.184,1092.816,0,28,72,0,23,77,0
514,NS,2008,15.69,0,0,15,0,0,100,0,0,100,0,0
516,NS,2008,287.951,553.962,0,1708.734,2206.26,0,34,66,0,44,56,0
517,NS,2008,747.393,4771.44,0,3060.965,22610.039,0,14,86,0,12,88,0
518,NS,2008,9118.074,4866.626,0,14669.832,11344.168,0,65,35,0,56,44,0
519,NS,2008,0,308,0,0,830,0,0,100,0,0,100,0
520,NS,2008,8.667,444.333,0,84.333,2210.666,0,2,98,0,4,96,0
521,NS,2008,0,68,0,0,770,0,0,100,0,0,100,0
522,NS,2008,124.994,332.928,0,849.211,3396.792,0,27,73,0,20,80,0
523,NS,2008,192.767,851.764,0,697.132,3699.864,0,18,82,0,16,84,0
524,NS,2008,42,24,0,202,102,0,64,36,0,66,34,0
525,NS,2008,454.187,1962.47,0,1582.424,6509.579,0,19,81,0,20,80,0
527,NS,2008,70.079,900.923,0,203.818,1825.182,0,7,93,0,10,90,0
528,NS,2008,1500.436,1204.343,0,1503.996,1484.004,0,55,45,0,50,50,0
529,NS,2008,0,565.004,0,0,530.001,0,0,100,0,0,100,0
530,NS,2008,36,1106.002,0,87.333,1670.668,0,3,97,0,5,95,0
531,NS,2008,538.994,1505.283,0,655.238,3866.762,0,26,74,0,14,86,0
534,PE,2008,16965.903,5120.095,0,14318.807,3904.196,0,77,23,0,79,21,0
535,PE,2008,18609,0,0,14089,0,0,100,0,0,100,0,0
536,PE,2008,41513.622,2252.375,0,39152.044,2349.958,0,95,5,0,94,6,0
537,PE,2008,19461.445,445.556,0,25868.775,668.222,0,98,2,0,97,3,0
538,PE,2008,6068,0,0,4182,0,0,100,0,0,100,0,0
539,QC,2008,30,221.21,53.98,164,849,243,10,72,18,13,68,19
540,QC,2008,192170.842,102303.753,74610.824,195317.509,69395.707,67788.398,52,28,20,59,21,20
541,ON,2008,0,14486.101,2429.9,1604.831,3427.518,1145.65,0,86,14,26,55,19
541,QC,2008,139916.297,41666.5,267864.617,56813.219,14495.145,87734.637,31,9,60,36,9,55
542,ON,2008,0,737.699,13837.622,3203.561,2311.425,38994.014,0,5,95,7,5,88
543,ON,2008,5298.999,33437.66,13343.955,8843.916,25248.793,13298.781,10,64,26,19,53,28
543,QC,2008,0,227,1170,0,816,2785.4,0,16,84,0,23,77
544,ON,2008,2546.216,54551.568,13914.413,5113.785,31577.888,7478.327,4,77,20,12,71,17
545,ON,2008,3030.601,12900.579,10479.123,7851.113,9544.115,13183.77,11,49,40,26,31,43
546,ON,2008,0,32282.096,6985.862,0,36879.358,8622.642,0,82,18,0,81,19
546,QC,2008,0,315,0,0,317,0,0,100,0,0,100,0
547,ON,2008,5267.575,19497.935,13520.065,17903.325,30666.579,36449.385,14,51,35,21,36,43
548,QC,2008,337.96,0,0,412,0,0,100,0,0,100,0,0
549,ON,2008,0,426.428,4866.69,0,1408.261,15873.738,0,8,92,0,8,92
550,ON,2008,909.279,3294.486,1117.985,6711.279,35485.618,11254.034,17,62,21,13,66,21
551,ON,2008,27596.796,61309.042,41527.562,48031.283,54189.211,73126.503,21,47,32,27,31,42
552,ON,2008,24293.903,3726.115,0,75455.523,26683.112,0,87,13,0,74,26,0
553,ON,2008,58286.943,96198.427,17601.986,62705.3,76965.971,18246.158,34,56,10,40,49,12
554,ON,2008,14359.597,3183.583,0,42706.321,5909.679,0,82,18,0,88,12,0
555,ON,2008,7895.416,5880.785,15164.373,17534.011,23139.294,31879.03,27,20,52,24,32,44
556,ON,2008,20943.961,97518.219,1906.301,42685.496,99198.94,2205.563,17,81,2,30,69,2
557,ON,2008,10354.57,274394.274,0,3995.411,90831.589,0,4,96,0,4,96,0
558,ON,2008,15977.32,212472.298,963.587,15834.61,95783.355,217.033,7,93,0,14,86,0
559,ON,2008,0,310.4,0,0,0,0,0,100,0,,,
560,ON,2008,24651.836,59690.224,0,12796.856,25931.146,0,29,71,0,33,67,0
561,ON,2008,678.712,19271.459,2256.222,272.5,9381.166,1111.333,3,87,10,3,87,10
562,ON,2008,0,22463.555,10966.445,0,13902.557,6736.445,0,67,33,0,67,33
563,ON,2008,0,154,0,0,80,0,0,100,0,0,100,0
564,ON,2008,10538.839,62266.792,21261.889,12876.545,25285.383,13440.793,11,66,23,25,49,26
565,ON,2008,90507.41,207269.592,84770.994,14875.478,43563.561,14608.958,24,54,22,20,60,20
566,ON,2008,205.25,11353.301,7834.05,59.75,3597.549,3099.1,1,59,40,1,53,46
567,ON,2008,7077.5,159481.466,19779.034,1838.889,42107.779,5392.329,4,86,11,4,85,11
568,ON,2008,76463.948,8834.848,294.2,14446.443,1730.458,50.1,89,10,0,89,11,0
569,ON,2008,3399.572,24518.821,83271.61,1101.906,10273.631,41172.463,3,22,75,2,20,78
570,ON,2008,10948.029,217954.361,53799.014,1065.207,29294.57,6558.224,4,77,19,3,79,18
571,ON,2008,9583.222,1980.333,2640.445,1730.666,274,365.333,67,14,19,73,12,15
572,ON,2008,3411.2,15567.71,3316.948,507.991,2109.16,841.85,15,70,15,15,61,24
581,BC,2008,72.4,2031.08,0,201.6,6675,0,3,97,0,3,97,0
583,AB,2008,0,24.052,33.947,0,111.21,161.789,0,41,59,0,41,59
583,BC,2008,0,1695.879,395.462,0,9418.332,2496.667,0,81,19,0,79,21
584,AB,2008,0,0,613,0,0,1951,0,0,100,0,0,100
585,BC,2008,607.723,14116.547,0.312,2120.778,69127.724,1.5,4,96,0,3,97,0
586,AB,2008,6403.365,62703.33,27182.203,5368.176,26897.651,15555.171,7,65,28,11,56,33
587,AB,2008,19686.48,1241.25,0,9350.939,572.7,0,94,6,0,94,6,0
588,AB,2008,3225.902,8634.775,74946.814,3741.177,7335.001,55671.823,4,10,86,6,11,83
589,AB,2008,564.946,1836.074,0,407.059,1322.941,0,24,76,0,24,76,0
590,AB,2008,0,17889.892,32707.486,0,15820.913,47900.087,0,35,65,0,25,75
591,AB,2008,249.2,2213.335,101913.836,240.3,1651.5,98437.501,0,2,98,0,2,98
591,BC,2008,12443.284,56420.805,15089.036,34538.176,154359.979,27280.515,15,67,18,16,71,13
592,AB,2008,749.594,17753.864,95064,1250.118,22561.009,77094.873,1,16,84,1,22,76
593,AB,2008,0,6432,75657,0,3082.706,46435.294,0,8,92,0,6,94
594,AB,2008,0,0,39125.002,0,0,51605.001,0,0,100,0,0,100
595,AB,2008,0,3421.177,78758.823,0,1287.529,26348.471,0,4,96,0,5,95
596,AB,2008,7303.145,37778.646,43153.697,4384.294,22805.03,27067.975,8,43,49,8,42,50
597,AB,2008,1076.5,12622.6,21713,1675.6,21927.8,26290.001,3,36,61,3,44,53
598,AB,2008,0,1092,67580.002,0,1295.7,67760.3,0,2,98,0,2,98
599,AB,2008,0,3375,54283.001,0,5532,42480,0,6,94,0,12,88
600,AB,2008,1045.452,127.706,1036,3089.829,492.471,3416,47,6,47,44,7,49
609,AB,2008,0,0,301,0,0,407,0,0,100,0,0,100
610,AB,2008,648.432,8596.349,19850.849,921.735,16448.494,48684.773,2,30,68,1,25,74
610,BC,2008,0,0,0,0,0.999,0,,,,0,100,0
611,AB,2008,133.25,827.1,2965.65,195.25,1123.95,3978.8,3,21,76,4,21,75
612,AB,2008,0,3812.576,906.084,0,11939.731,3259.269,0,81,19,0,79,21
615,AB,2008,2780.531,10589.269,0,6306.343,20162.007,0,21,79,0,24,76,0
616,AB,2008,13133.366,2645.393,0,9048.142,5385.857,0,83,17,0,63,37,0
617,AB,2008,1288.57,3372.428,1034,2597.142,7027.857,2060,23,59,18,22,60,18
618,AB,2008,843.218,7243.216,491.31,1390.909,7870.105,1204.25,10,84,6,13,75,12
618,BC,2008,240.686,3604.877,825.695,1353.808,16167.912,4651.279,5,77,18,6,73,21
619,AB,2008,0,331,0,0,862,0,0,100,0,0,100,0
622,AB,2008,2178.975,7637.984,0,5831.903,19971.1,0,22,78,0,23,77,0
623,AB,2008,2828.84,13979.572,2607.327,9259.217,46812.549,12891.234,15,72,13,13,68,19
625,AB,2008,36.333,72.667,0,94,188,0,33,67,0,33,67,0
626,AB,2008,0,972.001,0,0,4045.999,0,0,100,0,0,100,0
629,AB,2008,182.7,2251.325,569.465,666.9,8683.75,2034.5,6,75,19,6,76,18
630,AB,2008,51.875,3045.91,41.556,294.5,22072.611,190.889,2,97,1,1,98,1
631,AB,2008,0,1527.8,153.2,0,4153.9,421.1,0,91,9,0,91,9
647,SK,2008,1303.026,225.974,0,1732.313,330.687,0,85,15,0,84,16,0
650,AB,2008,256.44,2984.392,369.918,805,8967.209,1047.789,7,83,10,7,83,10
652,SK,2008,24.703,192.296,0,64.716,503.285,0,11,89,0,11,89,0
657,SK,2008,152.986,1984.514,0,646.728,6250.274,0,7,93,0,9,91,0
658,SK,2008,1022.804,520.146,0,738.332,374.668,0,66,34,0,66,34,0
660,SK,2008,589.039,7678.709,0,1051.062,14062.939,0,7,93,0,7,93,0
661,SK,2008,65.371,5564.628,0,48.741,4084.258,0,1,99,0,1,99,0
662,SK,2008,46,184,0,36.6,146.4,0,20,80,0,20,80,0
667,MB,2008,0,217,0,0,401,0,0,100,0,0,100,0
669,MB,2008,0,15112.85,0,0,13320.001,0,0,100,0,0,100,0
669,SK,2008,0,0,465,0,0,598,0,0,100,0,0,100
672,SK,2008,5078.605,4121.273,294.673,5163.602,3378.714,230.684,53,43,3,59,39,3
677,MB,2008,0,0,3005,0,0,5567,0,0,100,0,0,100
678,AB,2008,4518.84,94540.022,4616.156,7456.877,149882.55,6831,4,91,4,5,91,4
679,AB,2008,0,12086.77,0,0,31064,0,0,100,0,0,100,0
680,AB,2008,3710.48,57818.659,0,7170.62,109904.999,0,6,94,0,6,94,0
680,SK,2008,621.938,13501.008,0,3401.612,32557.388,0,4,96,0,9,91,0
681,AB,2008,2530.318,81701.221,21918.41,2703.53,50043.423,11963.44,2,77,21,4,77,18
682,SK,2008,2531.871,3348.889,1896.088,5857.231,8902.959,3447.81,33,43,24,32,49,19
683,AB,2008,44647.77,18570,0,33341,8915,0,71,29,0,79,21,0
684,AB,2008,566.95,71978.919,26637.752,1437.318,153274.73,57004.151,1,73,27,1,72,27
685,SK,2008,829.442,10933.107,8983,1019.43,27159.57,14809,4,53,43,2,63,34
686,AB,2008,0,10355.389,0,0,20879.001,0,0,100,0,0,100,0
686,SK,2008,27.266,1155.733,0,135.282,4952.717,0,2,98,0,3,97,0
687,AB,2008,2632.11,8846.489,0,4170.611,14409.889,0,23,77,0,22,78,0
687,SK,2008,6272.121,68842.876,0,9671.438,76675.561,0,8,92,0,11,89,0
688,AB,2008,0,58057.799,0,0,56467.399,0,0,100,0,0,100,0
689,SK,2008,2451.352,35981.147,0,4631.531,28225.467,0,6,94,0,14,86,0
690,SK,2008,2399.264,25735.14,0,3538.429,35698.568,0,9,91,0,9,91,0
691,SK,2008,15648.363,1449.937,0,7140.58,325.418,0,92,8,0,96,4,0
692,AB,2008,34.686,29923.501,9938.58,145.827,76760.975,37420.337,0,75,25,0,67,33
693,SK,2008,8351.629,102995.36,0,12165.146,31570.854,0,8,92,0,28,72,0
694,SK,2008,38795.052,38682.028,19054.915,11579.186,10413.04,4957.78,40,40,20,43,39,18
695,SK,2008,22126.681,12248.318,0,23949.99,11512.011,0,64,36,0,68,32,0
696,SK,2008,53764.127,81506.823,0,38895.339,39798.659,0,40,60,0,49,51,0
697,SK,2008,0,7719.767,41618.236,0,2539.284,13663.716,0,16,84,0,16,84
698,SK,2008,30521.454,20757.054,0,8155.235,7898.766,0,60,40,0,51,49,0
699,SK,2008,0,23475.002,0,0,26500,0,0,100,0,0,100,0
700,SK,2008,0,9356.951,30430.104,0,6994.978,10404.021,0,24,76,0,40,60
701,SK,2008,51984.157,13630.243,0,37047.487,4370.515,0,79,21,0,89,11,0
702,SK,2008,7196.717,181858.21,17311.071,4469.619,32321.687,1576.699,3,88,8,12,84,4
703,AB,2008,0,55063.321,630.409,0,119570.089,1936.03,0,99,1,0,98,2
704,SK,2008,1006.566,53782.922,18930.809,741.458,28413.196,9556.721,1,73,26,2,73,25
705,SK,2008,0,58371.433,211383.57,0,19998.972,20590.026,0,22,78,0,49,51
706,SK,2008,3468.03,99517.969,0,544.112,28524.885,0,3,97,0,2,98,0
707,SK,2008,11180.182,141503.222,1738.693,16922.572,58185.875,683.556,7,92,1,22,77,1
708,AB,2008,1207.8,51320.345,0,4137.3,126578.201,0,2,98,0,3,97,0
709,MB,2008,4211.345,134132.058,13399.446,2771.961,82016.742,4389.299,3,88,9,3,92,5
709,SK,2008,24706.532,152209.963,11500.509,13675.998,71394.03,3230.976,13,81,6,15,81,4
710,SK,2008,906,10205.301,0,1467.092,20873.908,0,8,92,0,7,93,0
711,SK,2008,241.312,14558.638,0,148.039,22337.961,0,2,98,0,1,99,0
714,MB,2008,0,1400,0,0,1392,0,0,100,0,0,100,0
714,SK,2008,0,45655.017,5051.433,0,42494.085,2665.914,0,90,10,0,94,6
715,MB,2008,560.288,15444.285,10989.528,1445.775,11720.555,9520.672,2,57,41,6,52,42
715,SK,2008,0,8667.334,2522.667,0,4672.875,1076.124,0,77,23,0,81,19
716,MB,2008,3524.65,36104.05,17054.05,4347.999,27043.5,16209.5,6,64,30,9,57,34
717,MB,2008,40520.924,37026.667,11582.907,28717.87,30163.827,5385.303,45,42,13,45,47,8
718,MB,2008,0,1724.7,0,0,9689,0,0,100,0,0,100,0
720,MB,2008,0,0,1256.6,0,0,5979,0,0,100,0,0,100
723,MB,2008,67,21127.252,1625.7,308,102996.001,4930,0,93,7,0,95,5
724,MB,2008,2311.794,23051.695,117230.159,7081.576,24282.804,83134.622,2,16,82,6,21,73
726,MB,2008,35322.558,0,1094.39,78794.27,0,1182.731,97,0,3,99,0,1
727,AB,2008,26768.347,172734.04,130114.667,17791.764,105519.465,56161.53,8,52,39,10,59,31
728,AB,2008,3627.778,185726.253,3617.118,2201.944,54602.923,637.332,2,96,2,4,95,1
729,AB,2008,31034.884,96723.978,0,23932.628,53331.875,0,24,76,0,31,69,0
729,SK,2008,18443.736,327494.261,0,11732.037,148984.976,0,5,95,0,7,93,0
730,AB,2008,41685.588,370301.217,10166.666,27655.013,212233.321,7178.889,10,88,2,11,86,3
731,AB,2008,19163.147,412737.914,0,15584.853,182959.877,0,4,96,0,8,92,0
732,AB,2008,0,12033,0,0,19047.6,0,0,100,0,0,100,0
733,SK,2008,25630.885,124386.404,8531.705,9615.217,70052.379,2331.411,16,78,5,12,85,3
734,SK,2008,24771.478,11403.522,0,18710.289,3268.706,0,68,32,0,85,15,0
735,SK,2008,3478.472,140860.527,0,4008.613,44062.384,0,2,98,0,8,92,0
736,SK,2008,35757.641,202034.609,7259.743,13108.99,54245.388,1248.624,15,82,3,19,79,2
737,AB,2008,19174.6,98751.65,12892.55,14766.6,85646.85,11240.35,15,75,10,13,77,10
738,AB,2008,6374.66,119468.54,0,6875.65,33573.93,0,5,95,0,17,83,0
739,AB,2008,93161.988,8393.4,0,87501.608,9018,0,92,8,0,91,9,0
739,SK,2008,30073.19,3769.81,0,25796.976,1391.025,0,89,11,0,95,5,0
740,AB,2008,13900.5,138853.599,0,12268.9,82380.3,0,9,91,0,13,87,0
741,SK,2008,3980.789,144438.251,1305.957,529.422,21847.032,189.545,3,96,1,2,97,1
742,SK,2008,24722.232,11460.77,0,12094.96,621.041,0,68,32,0,95,5,0
743,AB,2008,2133.9,76791.265,0,604.8,38661.942,0,3,97,0,2,98,0
743,SK,2008,3942.883,5604.301,2070.815,1253.328,3443.71,1314.964,34,48,18,21,57,22
744,AB,2008,0,172535.39,14214.56,0,86088.85,3386.4,0,92,8,0,96,4
745,SK,2008,25324.034,668658.106,2863.862,8332.449,145828.941,888.606,4,96,0,5,94,1
746,AB,2008,0,134407.9,0,0,98938.7,0,0,100,0,0,100,0
747,SK,2008,22428.746,40335.254,0,20523.011,10307.989,0,36,64,0,67,33,0
748,SK,2008,5445.943,576768.547,753.512,2101.079,191780.822,164.096,1,99,0,1,99,0
749,SK,2008,12658.67,328764.327,0,7605.938,106865.261,0,4,96,0,7,93,0
750,AB,2008,0,45105.14,9050.46,0,104562.48,27169.72,0,83,17,0,79,21
751,MB,2008,10210.001,34593.352,0,11930.818,22190.181,0,23,77,0,35,65,0
751,SK,2008,12511.625,12509.228,0,8033.676,7807.33,0,50,50,0,51,49,0
752,MB,2008,0,93115.092,1346.91,0,61041.446,805.554,0,99,1,0,99,1
752,SK,2008,11585.487,350001.516,0,6266.214,169584.789,0,3,97,0,4,96,0
753,MB,2008,2687.59,410014.944,6097.462,2382.038,180633.421,3172.535,1,98,1,1,97,2
754,SK,2008,2660.265,145602.794,52704.938,2114.035,39987.509,12855.458,1,72,26,4,73,23
755,SK,2008,2199.347,161868.654,0,653.071,56085.929,0,1,99,0,1,99,0
756,SK,2008,6380.521,282303.475,0,1033.924,131940.079,0,2,98,0,1,99,0
757,MB,2008,61802.166,24428.834,1572.65,39526.259,8478.739,0,70,28,2,82,18,0
758,MB,2008,38086.946,108810.088,8192.364,27184.732,47232.825,9033.323,25,70,5,33,57,11
759,MB,2008,4714.304,33428.696,0,4258.753,14849.248,0,12,88,0,22,78,0
760,MB,2008,0,74928,0,1915.786,31731.213,0,0,100,0,6,94,0
760,SK,2008,4088.293,292683.707,0,3012.098,153668.904,0,1,99,0,2,98,0
761,SK,2008,0,11894.999,1342,0,11111.001,1245,0,90,10,0,90,10
762,SK,2008,22487.046,58870.956,0,14053.499,39038.505,0,28,72,0,26,74,0
763,MB,2008,82824.607,51731.055,4987.34,68896.726,32891.434,6630.841,59,37,4,64,30,6
763,SK,2008,28493.436,15418.565,0,23899.465,3515.533,0,65,35,0,87,13,0
764,MB,2008,0,64595.003,0,1374.956,32578.041,0,0,100,0,4,96,0
765,MB,2008,2443.62,318000.383,0,6476.588,104500.655,466.757,1,99,0,6,94,0
766,MB,2008,959.27,174336.726,0,692.124,54897.876,0,1,99,0,1,99,0
767,SK,2008,3680.889,424829.529,45269.579,777.352,59287.426,6267.218,1,90,10,1,89,9
768,SK,2008,0,40065.002,0,0,11000,0,0,100,0,0,100,0
769,AB,2008,0,86563.95,0,0,77662.25,0,0,100,0,0,100,0
770,SK,2008,65253.517,219215.799,8201.684,27500.116,48781.739,1988.142,22,75,3,35,62,3
771,AB,2008,14137.116,76021.812,204.6,8251.317,48804.997,125.8,16,84,0,14,85,0
771,SK,2008,0,47176.2,1564.804,481.807,12631.134,495.057,0,97,3,4,93,4
772,SK,2008,12242.602,27759.399,0,12146.932,4117.065,0,31,69,0,75,25,0
773,SK,2008,11174.821,249100.729,28467.445,3518.031,51926.929,7256.035,4,86,10,6,83,12
774,SK,2008,0,65421.001,0,0,8460.999,0,0,100,0,0,100,0
775,SK,2008,3329.666,69837.332,0,275.311,12514.691,0,5,95,0,2,98,0
776,SK,2008,41077.1,9363.899,0,23844.188,2579.812,0,81,19,0,90,10,0
777,AB,2008,10295.6,2323.8,0,12698.6,2934.45,0,82,18,0,81,19,0
778,SK,2008,19259.32,8113.681,0,5657.551,2383.448,0,70,30,0,70,30,0
779,AB,2008,0,24656.4,0,0,22317.3,0,0,100,0,0,100,0
780,SK,2008,8419.032,52617.089,264231.877,1261.939,3911.003,19382.06,3,16,81,5,16,79
781,AB,2008,11204.48,53750.936,147235.825,6063.12,15384.638,19006.803,5,25,69,15,38,47
782,SK,2008,15565.981,519438.011,0,7968.059,105693.942,0,3,97,0,7,93,0
783,SK,2008,0,260210.002,0,0,58736.997,0,0,100,0,0,100,0
784,SK,2008,12380.807,72937.716,2075.486,3925.929,17405.049,405.02,14,83,2,18,80,2
785,SK,2008,0,75889.64,6054.359,0,17215.82,723.178,0,93,7,0,96,4
786,AB,2008,0,95153.25,16.9,0,35359.8,18.4,0,100,0,0,100,0
787,AB,2008,0,46008.4,0,0,12403.9,0,0,100,0,0,100,0
788,AB,2008,0,47082.4,14769.6,0,15702.4,3765.6,0,76,24,0,81,19
789,SK,2008,14818.337,124198.952,2624.713,10741.324,25074.818,161.859,10,88,2,30,70,0
790,AB,2008,14721.7,40815.999,0,3786.3,10101.7,0,27,73,0,27,73,0
791,AB,2008,0,187986,0,0,34886,0,0,100,0,0,100,0
792,SK,2008,30130.381,60638.083,593383.531,19734.741,5036.951,64537.306,4,9,87,22,6,72
793,AB,2008,44145.031,340428.43,22236.541,19403.714,124103.302,6473.517,11,84,5,13,83,4
794,SK,2008,0,424550.998,0,0,113207.997,0,0,100,0,0,100,0
795,SK,2008,0,231811.003,0,868.08,63186.92,0,0,100,0,1,99,0
796,SK,2008,11573.6,52110.398,0,10311.796,14693.188,0,18,82,0,41,59,0
797,AB,2008,1841,16111.5,54.5,927.5,7981.525,49,10,89,0,10,89,1
798,AB,2008,30274.4,305713.25,28524.35,18396.2,142861.84,14454.31,8,84,8,10,81,8
799,AB,2008,0,51810,0,0,64121,0,0,100,0,0,100,0
800,AB,2008,0,71797.8,71906.55,0,55359.47,42189.19,0,50,50,0,57,43
801,AB,2008,0,27309.15,2357.85,0,47841.4,3978.6,0,92,8,0,92,8
802,AB,2008,0,60854.05,0,546.84,43987.45,0,0,100,0,1,99,0
803,SK,2008,7034.015,102909.194,53589.794,1493.215,13077.989,5767.798,4,63,33,7,64,28
804,AB,2008,12045.21,33556.04,0,11395.58,22772.62,0,26,74,0,33,67,0
805,AB,2008,4220.593,6610.542,3746.866,1697.814,1845.916,1046.268,29,45,26,37,40,23
805,SK,2008,4577.593,42266.289,23976.121,1024.733,6907.627,3598.641,6,60,34,9,60,31
806,AB,2008,1380.1,53296.2,447.65,2261.6,78280.16,441.35,3,97,1,3,97,1
807,SK,2008,0,64536.224,8696.773,0,8353.707,868.293,0,88,12,0,91,9
808,SK,2008,3338.297,109205.662,420467.042,286.053,11116.933,40594.008,1,20,79,1,21,78
809,AB,2008,3561.8,94746.4,0,3373.855,43016.595,0,4,96,0,7,93,0
809,SK,2008,4029.951,103877.986,27153.058,682.725,13191.124,1369.146,3,77,20,4,87,9
810,SK,2008,0,92336.002,0,0,19375,0,0,100,0,0,100,0
811,AB,2008,3985.8,4347.499,31757.402,1279.2,1082.102,6043.498,10,11,79,15,13,72
811,SK,2008,0,349.908,933.091,0,60.819,162.182,0,27,73,0,27,73
812,AB,2008,23889.65,16527.89,19353.05,31239.124,21850.825,16636.2,40,28,32,45,31,24
813,SK,2008,2573.894,83033.576,37782.529,1603.04,16362.884,6993.077,2,67,31,6,66,28
814,AB,2008,1175.85,10044.59,0,972.9,8757.95,0,10,90,0,10,90,0
815,AB,2008,18635.2,14383.717,0,12604.199,9893.307,0,56,44,0,56,44,0
815,SK,2008,21929.673,8234.33,0,2795.533,1391.466,0,73,27,0,67,33,0
816,SK,2008,40572.813,304377.912,24191.279,31553.777,96563.741,5130.268,11,82,7,24,72,4
817,SK,2008,0,86109.799,3427.2,0,10425.316,388.685,0,96,4,0,96,4
818,AB,2008,0,28509.1,0,0,20148.1,0,0,100,0,0,100,0
819,SK,2008,21626.056,6164.946,0,4807.886,1370.115,0,78,22,0,78,22,0
820,SK,2008,739.92,164658.91,749.169,0,42791.995,0,0,99,0,0,100,0
821,AB,2008,1745.658,78053.642,723.307,856.57,29878.727,407.122,2,97,1,3,96,1
821,SK,2008,597.27,152827.73,0,1094.996,48543.005,0,0,100,0,2,98,0
822,SK,2008,5775.03,128000.527,1182.44,1605,50756.857,1009.141,4,95,1,3,95,2
823,AB,2008,22939.677,114714.32,0,8065.3,35384.7,0,17,83,0,19,81,0
824,SK,2008,21087.318,57985.373,1387.309,9536.075,30314.929,0,26,72,2,24,76,0
825,SK,2008,0,419200.999,0,1304.088,119182.918,0,0,100,0,1,99,0
826,SK,2008,14240.898,572852.998,88058.106,10403.413,160598.165,12045.867,2,85,13,6,88,7
827,SK,2008,25947.863,10762.367,1616.77,23719.567,9272.433,1404,68,28,4,69,27,4
828,AB,2008,18759.004,549528.595,0,3150.872,101065.579,0,3,97,0,3,97,0
829,AB,2008,21596.7,10664.3,0,5695.1,2775.5,0,67,33,0,67,33,0
830,SK,2008,13775.749,236227.619,35037.636,6922.746,82919.84,8168.452,5,83,12,7,85,8
831,SK,2008,5520.945,123566.264,1345.788,1507.304,33541.696,0,4,95,1,4,96,0
832,SK,2008,11784.39,238645.466,707.135,8875.583,130016.024,905.396,5,95,0,6,93,1
833,AB,2008,55.5,18172.2,16.65,98,5592.2,29.4,0,100,0,2,98,1
833,SK,2008,0,31489.822,20304.181,0,24117.886,15598.114,0,61,39,0,61,39
834,SK,2008,0,55829.818,134979.183,0,14653.901,44609.099,0,29,71,0,25,75
835,SK,2008,0,5787.581,14147.42,0,2060.129,5035.871,0,29,71,0,29,71
836,AB,2008,0,8892,0,0,1859,0,0,100,0,0,100,0
837,AB,2008,0,18177,0,0,11982,0,0,100,0,0,100,0
837,SK,2008,0,10460.216,1898.786,0,11882.274,2672.728,0,85,15,0,82,18
838,AB,2008,729.3,2949.7,0,907.2,2670.799,0,20,80,0,25,75,0
838,SK,2008,0,49234.497,2083.505,0,24285.269,2031.895,0,96,4,0,92,8
839,MB,2008,7517.634,68307.404,8363.96,2894.122,30395.732,3756.147,9,81,10,8,82,10
840,MB,2008,35384.147,10829.148,13925.705,30751.265,11239.642,4825.092,59,18,23,66,24,10
841,MB,2008,19224.037,11078.465,0,2038.169,58647.833,0,63,37,0,3,97,0
843,MB,2008,12167.811,5583.189,0,17031.308,9542.693,0,69,31,0,64,36,0
844,MB,2008,9091.268,32529.303,5006.427,8525.108,31646.778,4681.113,19,70,11,19,71,10
846,MB,2008,0,9692.001,0,0,41465.001,0,0,100,0,0,100,0
847,MB,2008,0,26892.2,18078.5,0,12992.599,5198.4,0,60,40,0,71,29
848,MB,2008,736.211,6917.538,0,672.947,6861.052,0,10,90,0,9,91,0
849,MB,2008,9836.834,36675.054,612315.113,5494.012,19389.472,96397.514,1,6,93,5,16,79
850,MB,2008,111005.961,26656.037,0,74316.974,11237.026,0,81,19,0,87,13,0
851,MB,2008,0,41592.977,33275.024,0,8380.486,6165.514,0,56,44,0,58,42
852,MB,2008,39226.472,91392.316,108924.216,9294.015,12116.422,13036.563,16,38,45,27,35,38
853,MB,2008,0,16960.214,31239.787,0,1479.972,2726.028,0,35,65,0,35,65
854,MB,2008,5032.375,68118.623,0,2461.75,23766.251,0,7,93,0,9,91,0
855,MB,2008,0,9867,0,0,5319,0,0,100,0,0,100,0
940,BC,2008,59,14,0,300,57,0,81,19,0,84,16,0
943,BC,2008,0,2,0,0,5,0,0,100,0,0,100,0
944,BC,2008,109.844,16.058,0.1,811.571,124.029,2.4,87,13,0,87,13,0
948,BC,2008,0,0,0,2,0,0,,,,100,0,0
950,BC,2008,47.962,543.508,0,184.149,1716.853,0,8,92,0,10,90,0
955,BC,2008,24.758,11.543,47.6,255.814,88.886,439.3,30,14,57,33,11,56
956,BC,2008,1019.751,963.616,454.142,4060.699,3501.636,1245.67,42,40,19,46,40,14
957,BC,2008,108.941,67.897,0,406.239,277.762,0,62,38,0,59,41,0
958,BC,2008,12.465,2.535,0,22.321,12.678,0,83,17,0,64,36,0
959,BC,2008,3574.686,19211.939,461.126,4161.596,24472.914,647.459,15,83,2,14,84,2
960,BC,2008,28,0,0,32,0,0,100,0,0,100,0,0
962,BC,2008,0,14,0,0,80,0,0,100,0,0,100,0
969,BC,2008,0,9.49,0,0,264,0,0,100,0,0,100,0
971,BC,2008,49.4,3.6,0,468.35,32.649,0,93,7,0,93,7,0
972,BC,2008,2533.057,1339.346,2496.411,21367.01,10797.483,18643.508,40,21,39,42,21,37
974,BC,2008,113.56,34.8,57.64,2150.17,662.95,870.88,55,17,28,58,18,24
975,BC,2008,0,0,0,686,0,0,,,,100,0,0
976,BC,2008,320.751,529.804,0,4044.146,7461.855,0,38,62,0,35,65,0
977,BC,2008,509.137,749.301,0,5916.309,7096.691,0,40,60,0,45,55,0
978,BC,2008,379.729,1211.582,0,5287.707,11712.291,0,24,76,0,31,69,0
979,BC,2008,2784.832,5798.17,0,18038.825,49573.177,0,32,68,0,27,73,0
980,BC,2008,21.75,5.8,1.45,195,52,13,75,20,5,75,20,5
981,BC,2008,0,18,7,10,455,159,0,72,28,2,73,25
982,BC,2008,1763.398,1700.398,2042.405,17165.411,17456.359,24377.232,32,31,37,29,30,41
987,BC,2008,5,6,0,98,114,0,45,55,0,46,54,0
988,BC,2008,311.895,234.105,0,1051.73,528.27,0,57,43,0,67,33,0
990,BC,2008,133.096,28.897,0,716.399,73.599,0,82,18,0,91,9,0
991,BC,2008,111.987,1904.004,408.958,303.463,7061.26,1634.277,5,79,17,3,78,18
992,BC,2008,8.533,23.467,0,26.133,71.867,0,27,73,0,27,73,0
995,BC,2008,67.721,294.278,0,88.528,374.473,0,19,81,0,19,81,0
1001,BC,2008,691.891,594.136,0,4065.224,2964.777,0,54,46,0,58,42,0
1002,BC,2008,221.1,30.9,0,886.7,132.3,0,88,12,0,87,13,0
1003,BC,2008,35,0,0,18,0,0,100,0,0,100,0,0
1004,BC,2008,678.386,1322.734,397.6,3217.532,6263.919,2663.55,28,55,17,26,52,22
1005,BC,2008,1853.942,2922.352,0,11692.696,18429.306,0,39,61,0,39,61,0
1006,BC,2008,3495.528,2330.705,0,20052.552,31749.446,0,60,40,0,39,61,0
1007,BC,2008,3001.029,2657.853,2222.243,4162.93,4314.752,5435.321,38,34,28,30,31,39
1008,BC,2008,1703.897,624.275,350.827,4537.025,2132.785,1353.19,64,23,13,57,27,17
1009,BC,2008,1198.935,300.198,0,2560.8,609.2,0,80,20,0,81,19,0
1010,BC,2008,2223.593,1024.539,0,817.38,566.617,0,68,32,0,59,41,0
1011,BC,2008,681.123,159.858,0,2896.75,587.251,0,81,19,0,83,17,0
1012,BC,2008,335.628,26.371,0,886.792,194.209,0,93,7,0,82,18,0
1013,BC,2008,285.887,132.111,126.001,2105.056,1291.889,1249.056,53,24,23,45,28,27
1015,BC,2008,1126.749,871.256,0,3331.232,3040.769,0,56,44,0,52,48,0
1016,AB,2008,775.5,889.5,0,3047.5,3903.5,0,47,53,0,44,56,0
1017,BC,2008,158.441,130.56,0,525.6,390.4,0,55,45,0,57,43,0
1018,AB,2008,257.5,9443.45,171.75,509.9,25586.2,335,3,96,2,2,97,1
9593,AB,2008,0,11345.4,45381.6,0,5833,23332,0,20,80,0,20,80
9607,AB,2008,0,0,903,0,0,412,0,0,100,0,0,100
9609,AB,2008,397.783,4822.147,2822.05,1493.45,7304.5,3644.05,5,60,35,12,59,29
9687,AB,2008,5693.038,108118.893,0,6877.778,121091.069,0,5,95,0,5,95,0
9787,AB,2008,0,74219.6,0,0,21701.76,0,0,100,0,0,100,0
244,AB,2009,0,0,941,0,0,1345,0,0,100,0,0,100
244,BC,2009,0,20.999,19,0,350.001,73,0,52,48,0,83,17
252,BC,2009,0,25,0,0,193,0,0,100,0,0,100,0
371,MB,2009,0,0,133,0,0,82,0,0,100,0,0,100
374,ON,2009,8,0,0,185,0,0,100,0,0,100,0,0
375,MB,2009,2076.026,15572.411,39446.983,1996.75,9813.076,17802.823,4,27,69,7,33,60
376,MB,2009,0,14,0,0,31,0,0,100,0,0,100,0
378,ON,2009,45,432,0,430,7362,0,9,91,0,6,94,0
379,MB,2009,687.363,349.038,0,1823.439,1443.561,0,66,34,0,56,44,0
380,MB,2009,1110.087,49.32,1261.893,4672.048,1683.223,3366.73,46,2,52,48,17,35
381,ON,2009,0,1791,0,0,42415,0,0,100,0,0,100,0
383,ON,2009,429.857,3259.143,0,1378,10784.001,0,12,88,0,11,89,0
386,ON,2009,89,0,0,579,0,0,100,0,0,100,0,0
391,ON,2009,36,0,0,146,0,0,100,0,0,100,0,0
400,ON,2009,0,0,420,0,0,2582,0,0,100,0,0,100
401,ON,2009,54.35,542.036,1098.616,937.022,3735.602,15025.376,3,32,65,5,19,76
401,QC,2009,821,39,12393.23,6680.999,259,79535.13,6,0,94,8,0,92
402,ON,2009,0,110,0,0,645,0,0,100,0,0,100,0
407,ON,2009,251.13,0,229.87,1572.392,0,734.608,52,0,48,68,0,32
408,ON,2009,0,22179,0,0,35067,0,0,100,0,0,100,0
408,QC,2009,2159.511,677.005,12907.524,3464.033,2883.444,22709.723,14,4,82,12,10,78
409,ON,2009,71,616.998,0,594,5580.001,0,10,90,0,10,90,0
410,ON,2009,82.7,285.3,0,224,684,0,22,78,0,25,75,0
411,ON,2009,4508.12,2857.881,0,29107.527,7999.473,0,61,39,0,78,22,0
412,ON,2009,0,233.4,933.6,0,1924.2,7696.8,0,20,80,0,20,80
413,ON,2009,5222.54,1248.467,313.83,55140.46,8218.624,1684.376,77,18,5,85,13,3
415,QC,2009,833.22,0,0,1581,0,0,100,0,0,100,0,0
418,QC,2009,10662.08,1059.7,830.999,16747.999,2028,2002,85,8,7,81,10,10
419,QC,2009,147,0,0,609,0,0,100,0,0,100,0,0
421,QC,2009,991.66,0,0,3370,0,0,100,0,0,100,0,0
422,QC,2009,78,0,0,326,0,0,100,0,0,100,0,0
423,QC,2009,950.66,755,0,5834,4065,0,56,44,0,59,41,0
424,QC,2009,1918,1263.999,1309,3956,3891.1,761.9,43,28,29,46,45,9
425,QC,2009,8458.48,3204.7,6849.981,37899.001,23345.029,24831.769,46,17,37,44,27,29
426,QC,2009,3251,587,0,6068,468,0,85,15,0,93,7,0
431,QC,2009,6,0,0,40,0,0,100,0,0,100,0,0
438,QC,2009,462.42,0,0,597,0,0,100,0,0,100,0,0
439,QC,2009,240,0,0,433,0,0,100,0,0,100,0,0
440,QC,2009,350,0,0,797,0,0,100,0,0,100,0,0
441,QC,2009,26212.15,32608.626,4582.885,29686.721,43129.037,4811.544,41,51,7,38,56,6
455,NF,2009,0,0,0,301,0,0,,,,100,0,0
458,NF,2009,62,234.37,0,85,1048,0,21,79,0,8,92,0
460,NF,2009,0,17,0,0,58.999,0,0,100,0,0,100,0
461,NF,2009,0,258.671,0,0,1010.001,0,0,100,0,0,100,0
462,NF,2009,0,27,0,0,91,0,0,100,0,0,100,0
463,NF,2009,0,141,0,0,1011,0,0,100,0,0,100,0
466,NF,2009,27,423.958,0,57,996.999,0,6,94,0,5,95,0
468,NF,2009,0,33.8,0,0,241,0,0,100,0,0,100,0
471,NF,2009,137,199.04,0,128,526,0,41,59,0,20,80,0
475,NF,2009,0,568.68,0,0,2293.001,0,0,100,0,0,100,0
477,NF,2009,19.67,0,0,169,0,0,100,0,0,100,0,0
478,QC,2009,743,1090.5,0,3233,3913.499,0,41,59,0,45,55,0
479,QC,2009,5553.443,28751.997,5091.12,12929.04,80978.66,10218.3,14,73,13,12,78,10
481,QC,2009,0,5369,0,0,10889,0,0,100,0,0,100,0
482,QC,2009,16225.46,16067.14,0,76023,66787.197,0,50,50,0,53,47,0
483,QC,2009,12334.122,26761.076,717.8,43337.825,69845.074,1530.101,31,67,2,38,61,1
484,NB,2009,0,108,0,0,328.999,0,0,100,0,0,100,0
484,QC,2009,308,3335.97,0,1708,7649,0,8,92,0,18,82,0
485,NB,2009,333.133,368.867,0,1186.6,1045.399,0,47,53,0,53,47,0
486,NB,2009,733.7,5483.3,0,622.19,5392.81,0,12,88,0,10,90,0
487,NB,2009,338.549,598.451,0,1090.938,2661.064,0,36,64,0,29,71,0
487,QC,2009,21.168,1524.832,0,80.646,3738.357,0,1,99,0,2,98,0
488,NB,2009,29.333,319.667,0,99.333,891.667,0,8,92,0,10,90,0
489,NB,2009,205,973,0,409,1503,0,17,83,0,21,79,0
490,NB,2009,240,652,0,1012.592,980.408,0,27,73,0,51,49,0
493,NB,2009,1632.748,17459.541,1098.709,1722.55,15270.803,659.645,8,86,5,10,87,4
494,NB,2009,0,16286.999,0,0,12390.001,0,0,100,0,0,100,0
495,NB,2009,203.5,536.5,0,1204.49,2216.51,0,28,73,0,35,65,0
496,NB,2009,2437.882,406.003,200.114,17360.706,3106.636,1507.657,80,13,7,79,14,7
497,NB,2009,219,840,0,959.131,2598.868,0,21,79,0,27,73,0
498,NB,2009,292,0,0,1829,0,0,100,0,0,100,0,0
499,NB,2009,428.48,346.52,13,1263.04,2615.51,73.45,54,44,2,32,66,2
500,NB,2009,4431.592,128.91,234.5,9722.972,234.628,767.4,92,3,5,91,2,7
501,NB,2009,1005.95,2093.05,0,1523.973,3144.028,0,32,68,0,33,67,0
502,NB,2009,401.628,874.369,0,1231.618,2834.38,0,31,69,0,30,70,0
503,NB,2009,1698.257,1951.741,20,8306.019,13436.982,125,46,53,1,38,61,1
504,NB,2009,1345,302,0,6648,300,0,82,18,0,96,4,0
504,NS,2009,4320.308,1473.19,0,20029.842,7541.159,0,75,25,0,73,27,0
505,NB,2009,266,795,0,923,4520.001,0,25,75,0,17,83,0
506,NB,2009,30,431,0,701.96,1386.04,0,7,93,0,34,66,0
507,NB,2009,183.001,1322.999,0,1601,6961.499,0,12,88,0,19,81,0
507,NS,2009,3540.486,1846.445,0,7558.845,4172.909,0,66,34,0,64,36,0
508,NB,2009,392.002,0,0,549.999,0,0,100,0,0,100,0,0
509,NS,2009,252,1518,0,625.999,4111.001,0,14,86,0,13,87,0
510,NS,2009,95.317,95.334,0,225.833,174.166,0,50,50,0,56,44,0
511,NS,2009,0,107.997,0,0,89.998,0,0,100,0,0,100,0
512,NS,2009,0,3075.519,0,0,3826.997,0,0,100,0,0,100,0
513,NS,2009,166.454,432.13,0,313.534,1064.467,0,28,72,0,23,77,0
514,NS,2009,15.69,0,0,15,0,0,100,0,0,100,0,0
516,NS,2009,323.721,608.192,0,1667.771,2173.228,0,35,65,0,43,57,0
517,NS,2009,777.113,4879.716,0,3001.569,22210.434,0,14,86,0,12,88,0
518,NS,2009,9423.183,5097.518,0,14184.223,11007.776,0,65,35,0,56,44,0
519,NS,2009,0,335,0,0,801,0,0,100,0,0,100,0
520,NS,2009,10.167,472.834,0,82.25,2170.75,0,2,98,0,4,96,0
521,NS,2009,0,75,0,0,768,0,0,100,0,0,100,0
522,NS,2009,137.24,361.678,0,835.478,3372.524,0,28,72,0,20,80,0
523,NS,2009,203.566,824.964,0,682.878,3672.121,0,20,80,0,16,84,0
524,NS,2009,41,24,0,203,101,0,63,37,0,67,33,0
525,NS,2009,460.748,1916.906,0,1589.26,6398.738,0,19,81,0,20,80,0
527,NS,2009,71.551,945.447,0,203.328,1806.672,0,7,93,0,10,90,0
528,NS,2009,1645.219,1304.552,0,1418.303,1430.695,0,56,44,0,50,50,0
529,NS,2009,0,603,0,0,505.999,0,0,100,0,0,100,0
530,NS,2009,40,1196.001,0,84,1627.998,0,3,97,0,5,95,0
531,NS,2009,547.818,1549.46,0,637.296,3837.703,0,26,74,0,14,86,0
534,PE,2009,17344.966,5232.034,0,13799.2,3730.799,0,77,23,0,79,21,0
535,PE,2009,18398,0,0,13750,0,0,100,0,0,100,0,0
536,PE,2009,42055.546,2327.458,0,38101.042,2235.958,0,95,5,0,94,6,0
537,PE,2009,19730.112,437.89,0,25288.446,663.556,0,98,2,0,97,3,0
538,PE,2009,6231,0,0,4055,0,0,100,0,0,100,0,0
539,QC,2009,27,206.21,49.98,163,837,246,10,73,18,13,67,20
540,QC,2009,195308.409,103264.364,75504.644,189635.225,67258.212,65748.178,52,28,20,59,21,20
541,ON,2009,0,14744.95,2459.05,1648.657,3168.242,1101.1,0,86,14,28,54,19
541,QC,2009,140203.929,41647.278,268049.21,55082.93,14062.158,84715.911,31,9,60,36,9,55
542,ON,2009,0,787.821,14824.499,3162.561,2235.581,37781.86,0,5,95,7,5,87
543,ON,2009,5452,34596.088,13850.013,8541.61,24023.676,12745.165,10,64,26,19,53,28
543,QC,2009,0,245,1250,0,777,2686.4,0,16,84,0,22,78
544,ON,2009,2820.929,55634.812,14139.458,4895.669,30361.71,7223.618,4,77,19,12,71,17
545,ON,2009,3305.14,13136.276,10961.888,7540.439,9142.213,12512.346,12,48,40,26,31,43
546,ON,2009,0,33816.976,7353.991,0,35400.082,8243.918,0,82,18,0,81,19
546,QC,2009,0,329,0,0,296,0,0,100,0,0,100,0
547,ON,2009,5771.374,20408.875,14272.331,17330.144,29724.758,35673.391,14,50,35,21,36,43
548,QC,2009,346.96,0,0,403,0,0,100,0,0,100,0,0
549,ON,2009,0,469.58,5232.542,0,1365.87,15470.13,0,8,92,0,8,92
550,ON,2009,945.804,3204.592,1075.348,6623.88,34801.844,11153.87,18,61,21,13,66,21
551,ON,2009,28452.239,62496.024,43603.134,46413.223,52606.639,70604.135,21,46,32,27,31,42
552,ON,2009,25325.073,3878.222,0,74027.409,26326.619,0,87,13,0,74,26,0
553,ON,2009,59057.352,96972.676,18130.895,60962.303,74873.896,17610.799,34,56,10,40,49,11
554,ON,2009,15046.302,3402.878,0,41714.859,5643.142,0,82,18,0,88,12,0
555,ON,2009,8426.277,5921.333,15503.468,16939.483,23056.357,31438.798,28,20,52,24,32,44
556,ON,2009,21665.637,100029.472,1956.363,41585.229,96046.829,2127.937,18,81,2,30,69,2
557,ON,2009,10409.457,275548.385,0,3884.563,88592.438,0,4,96,0,4,96,0
558,ON,2009,16450.047,214144.217,992.935,15223.111,93156.202,187.685,7,92,0,14,86,0
559,ON,2009,0,310.4,0,0,0,0,0,100,0,,,
560,ON,2009,24595.918,59736.145,0,12468.981,25209.018,0,29,71,0,33,67,0
561,ON,2009,636.837,18911.639,2220.666,253.75,9024.75,1071,3,87,10,2,87,10
562,ON,2009,0,22101.111,10854.888,0,13027.776,6288.222,0,67,33,0,67,33
563,ON,2009,0,144,0,0,71,0,0,100,0,0,100,0
564,ON,2009,10751.152,62628.245,21632.124,12325.153,24037.823,12871.17,11,66,23,25,49,26
565,ON,2009,90629.978,207538.756,84945.268,14561.6,42472.11,14143.289,24,54,22,20,60,20
566,ON,2009,194.25,11200.5,7779.45,60,3510.05,2988.95,1,58,41,1,54,46
567,ON,2009,7049.722,159839.463,19791.819,1816.111,40862.149,5230.738,4,86,11,4,85,11
568,ON,2009,76459.333,8832.468,294.2,14110.423,1690.476,48.1,89,10,0,89,11,0
569,ON,2009,3426.711,24677.688,83801.602,1032.633,9898.359,40002.007,3,22,75,2,19,79
570,ON,2009,10957.283,217718.335,53753.783,1044.283,28702.416,6453.3,4,77,19,3,79,18
571,ON,2009,9549.888,1972.333,2629.778,1723.222,276.333,368.445,67,14,19,73,12,16
572,ON,2009,3362.791,15487.667,3301.4,500.485,2047.489,841.024,15,70,15,15,60,25
581,BC,2009,73.6,2106.08,0,199.6,6565,0,3,97,0,3,97,0
583,AB,2009,0,23.052,32.947,0,114.21,164.789,0,41,59,0,41,59
583,BC,2009,0,1699.654,384.684,0,9475.334,2524.666,0,82,18,0,79,21
584,AB,2009,0,0,657,0,0,1915,0,0,100,0,0,100
585,BC,2009,620.334,14714.935,0.312,2099.556,68446.881,1.562,4,96,0,3,97,0
586,AB,2009,6481.601,64314.995,27547.304,5193.589,25719.512,15203.898,7,65,28,11,56,33
587,AB,2009,20175.728,1254.75,0,8594.791,550.05,0,94,6,0,94,6,0
588,AB,2009,3391.926,9012.716,78449.048,3553.294,6876.294,51946.412,4,10,86,6,11,83
589,AB,2009,575.769,1871.251,0,399.059,1296.941,0,24,76,0,24,76,0
590,AB,2009,0,18015.406,32557.973,0,15473.002,47364.998,0,36,64,0,25,75
591,AB,2009,250.8,2302.835,106336.336,236.7,1554,93582.001,0,2,98,0,2,98
591,BC,2009,12950.269,59215.439,15737.632,33970.382,151596.831,26646.888,15,67,18,16,71,13
592,AB,2009,741.477,17950.759,97827.222,1270.236,22253.962,73115.803,1,15,84,1,23,76
593,AB,2009,0,6489.382,77246.618,0,2973.088,44339.91,0,8,92,0,6,94
594,AB,2009,0,0,39714,0,0,50628.001,0,0,100,0,0,100
595,AB,2009,0,3576.706,82201.294,0,1124.235,22520.765,0,4,96,0,5,95
596,AB,2009,7371.598,39321.382,44467.51,4226.561,21027.22,25531.122,8,43,49,8,41,50
597,AB,2009,1088.8,12574.4,20628.999,1649.5,21703.2,27535.999,3,37,60,3,43,54
598,AB,2009,0,1062.6,66745.398,0,1262.8,67166.201,0,2,98,0,2,98
599,AB,2009,0,3272,54570,0,5487,40957,0,6,94,0,12,88
600,AB,2009,979.732,132.294,969.334,3130.49,490.177,3439.333,47,6,47,44,7,49
609,AB,2009,0,0,294,0,0,418,0,0,100,0,0,100
610,AB,2009,640.165,8516.754,20085.712,922.702,16418.598,48093.702,2,29,69,1,25,73
610,BC,2009,0,0,0,0,0.999,0,,,,0,100,0
611,AB,2009,136.25,874.65,3202.1,194.5,1058.55,3632.95,3,21,76,4,22,74
612,AB,2009,0,3978.604,930.055,0,11811.789,3250.212,0,81,19,0,78,22
615,AB,2009,2752.719,10618.132,0,6263.235,19938.615,0,21,79,0,24,76,0
616,AB,2009,12906.938,2533.822,0,9137.572,5471.429,0,84,16,0,63,37,0
617,AB,2009,1292,3389.5,1044.5,2530.286,6942.714,2008,23,59,18,22,60,17
618,AB,2009,834.897,7492.899,492.56,1377.579,7533.399,1195,9,85,6,14,75,12
618,BC,2009,223.961,3584.883,857.416,1369.495,16228.912,4613.589,5,77,18,6,73,21
619,AB,2009,0,325,0,0,856,0,0,100,0,0,100,0
622,AB,2009,2308.962,8098.998,0,5655.655,19312.344,0,22,78,0,23,77,0
623,AB,2009,2751.312,13994.876,2690.553,9169.93,46224.441,12639.629,14,72,14,13,68,19
625,AB,2009,37,74,0,95.667,191.333,0,33,67,0,33,67,0
626,AB,2009,0,973,0,0,4002,0,0,100,0,0,100,0
629,AB,2009,183.3,2420.456,583.188,655.4,8352.666,1908.833,6,76,18,6,77,17
630,AB,2009,50.5,2905.841,44,297.25,22019.195,189.556,2,97,1,1,98,1
631,AB,2009,0,1525.1,153.9,0,4068.7,412.3,0,91,9,0,91,9
647,SK,2009,1303.229,212.771,0,1538.989,273.011,0,86,14,0,85,15,0
650,AB,2009,237.273,2752.611,336.865,829.833,9167.43,1070.737,7,83,10,7,83,10
652,SK,2009,24.389,189.612,0,63.678,495.322,0,11,89,0,11,89,0
657,SK,2009,157.916,2203.584,0,633.668,5958.331,0,7,93,0,10,90,0
658,SK,2009,1035.974,526.976,0,717.262,363.738,0,66,34,0,66,34,0
660,SK,2009,603.275,7743.476,0,1037.878,13919.125,0,7,93,0,7,93,0
661,SK,2009,66.23,5624.77,0,48.454,4018.545,0,1,99,0,1,99,0
662,SK,2009,46.8,187.2,0,35.8,143.2,0,20,80,0,20,80,0
667,MB,2009,0,195,0,0,390,0,0,100,0,0,100,0
669,MB,2009,0,14997.848,0,0,12891,0,0,100,0,0,100,0
669,SK,2009,0,0,630,0,0,487,0,0,100,0,0,100
672,SK,2009,5128.45,4225.978,305.123,4889.546,3122.974,217.479,53,44,3,59,38,3
677,MB,2009,0,0,3197,0,0,5257,0,0,100,0,0,100
678,AB,2009,4674.34,96558.195,4771.98,7241.959,146935.904,6605.647,4,91,5,5,91,4
679,AB,2009,0,12137.77,0,0,30713,0,0,100,0,0,100,0
680,AB,2009,3575.67,58525.659,0,7224.971,107719,0,6,94,0,6,94,0
680,SK,2009,621.588,13453.359,0,3322.194,32238.802,0,4,96,0,9,91,0
681,AB,2009,2524.436,84701.104,22687.41,2672.353,46943.597,11296.44,2,77,21,4,77,19
682,SK,2009,2561.587,3452.373,1917.889,5815.608,8760.82,3420.575,32,44,24,32,49,19
683,AB,2009,44694.77,18727,0,32718,8748,0,70,30,0,79,21,0
684,AB,2009,575.555,74140.63,27153.334,1415.045,149376.321,55718.935,1,73,27,1,72,27
685,SK,2009,887.281,10659.271,9002.999,971.632,27712.366,14523.999,4,52,44,2,64,34
686,AB,2009,0,10270.39,0,0,20587,0,0,100,0,0,100,0
686,SK,2009,29.549,1146.451,0,133.987,4884.014,0,3,97,0,3,97,0
687,AB,2009,2615.333,8697.967,0,4135.222,14305.478,0,23,77,0,22,78,0
687,SK,2009,6236.83,69093.163,0,9619.282,75913.72,0,8,92,0,11,89,0
688,AB,2009,0,59580.797,0,0,54637.301,0,0,100,0,0,100,0
689,SK,2009,2479.561,36057.936,0,4537.464,27940.537,0,6,94,0,14,86,0
690,SK,2009,2338.022,25533.381,0,3417.776,34788.222,0,8,92,0,9,91,0
691,SK,2009,16111.522,1469.778,0,6560.051,306.951,0,92,8,0,96,4,0
692,AB,2009,31.611,30635.756,10092.197,152.408,75411.467,36911.514,0,75,25,0,67,33
693,SK,2009,8436.66,103657.342,0,11491.611,30126.393,0,8,92,0,28,72,0
694,SK,2009,38782.249,38968.468,19661.279,10791.073,9655.437,4282.49,40,40,20,44,39,17
695,SK,2009,21367.182,12319.818,0,23856.634,11573.367,0,63,37,0,67,33,0
696,SK,2009,53267.834,80933.113,0,38219.414,38966.589,0,40,60,0,50,50,0
697,SK,2009,0,7936.252,42786.747,0,2270.831,12211.168,0,16,84,0,16,84
698,SK,2009,30614.347,20925.155,0,7823.073,7419.928,0,59,41,0,51,49,0
699,SK,2009,0,22971,0,0,25938,0,0,100,0,0,100,0
700,SK,2009,0,9436.999,30637.05,0,6677.967,9842.032,0,24,76,0,40,60
701,SK,2009,51608.009,13579.39,0,37299.002,4350.992,0,79,21,0,90,10,0
702,SK,2009,7118.405,181801.725,17307.864,4507.072,30491.902,1547.032,3,88,8,12,83,4
703,AB,2009,0,56648.319,652.159,0,117042.739,2001.88,0,99,1,0,98,2
704,SK,2009,1031.423,55031.404,19247.471,717.569,26551.438,8985.368,1,73,26,2,73,25
705,SK,2009,0,58023.536,212001.461,0,17148.964,19801.03,0,21,79,0,46,54
706,SK,2009,3474.449,98939.555,0,534.037,27563.961,0,3,97,0,2,98,0
707,SK,2009,11438.818,141339.548,1723.732,16155.484,55226.469,664.046,7,91,1,22,77,1
708,AB,2009,1133.1,52566.893,0,4086.9,124050.251,0,2,98,0,3,97,0
709,MB,2009,4224.744,134185.773,13465.332,2441.104,79039.171,4242.721,3,88,9,3,92,5
709,SK,2009,24639.193,152958.143,11642.669,13077.437,68388.922,2997.644,13,81,6,15,81,4
710,SK,2009,925.7,10080.601,0,1462.557,20613.444,0,8,92,0,7,93,0
711,SK,2009,238.884,14683.067,0,148.096,22231.905,0,2,98,0,1,99,0
714,MB,2009,0,1432,0,0,1214,0,0,100,0,0,100,0
714,SK,2009,0,46047.047,5062.403,0,41184.164,2570.833,0,90,10,0,94,6
715,MB,2009,546.08,15412.915,10976.106,1382.514,11207.794,9108.692,2,57,41,6,52,42
715,SK,2009,0,8662.825,2509.176,0,4497.823,1047.177,0,78,22,0,81,19
716,MB,2009,3522.649,36256.55,17234.55,4268,26146,15577,6,64,30,9,57,34
717,MB,2009,40072.042,36671.673,11589.787,27865.133,28661.184,5325.683,45,42,13,45,46,9
718,MB,2009,0,1432.7,0,0,9171,0,0,100,0,0,100,0
720,MB,2009,0,0,1182.6,0,0,5672,0,0,100,0,0,100
723,MB,2009,62,18823.249,1447.7,290,98886.998,4927,0,93,7,0,95,5
724,MB,2009,2387.501,22715.767,115890.377,6626.472,23399.463,80567.063,2,16,82,6,21,73
726,MB,2009,34473.036,0,1083.914,76307.357,0,1141.642,97,0,3,99,0,1
727,AB,2009,26874.463,175524.239,131117.578,17260.001,100703.732,53531.052,8,53,39,10,59,31
728,AB,2009,3732.222,187686.873,3663.706,2095,52264.456,590.744,2,96,2,4,95,1
729,AB,2009,30613.63,95440.216,0,24001.192,54140.668,0,24,76,0,31,69,0
729,SK,2009,18132.546,325081.451,0,11904.752,149471.247,0,5,95,0,7,93,0
730,AB,2009,41632.065,370580.426,10191.667,27472.259,209145.332,7075.556,10,88,2,11,86,3
731,AB,2009,18934.442,412305.849,0,15436.259,179694.301,0,4,96,0,8,92,0
732,AB,2009,0,11457.9,0,0,18895.5,0,0,100,0,0,100,0
733,SK,2009,25416.584,123351.857,8534.557,9713.516,69172.048,2195.443,16,78,5,12,85,3
734,SK,2009,23976.214,11140.789,0,18849.522,3317.475,0,68,32,0,85,15,0
735,SK,2009,3473.999,140040.996,0,3771.386,43573.614,0,2,98,0,8,92,0
736,SK,2009,35561.729,200255.128,7233.145,12677.523,53235.515,1225.964,15,82,3,19,79,2
737,AB,2009,19634.3,102428.65,13123.15,13959.5,81019.65,10849.95,15,76,10,13,77,10
738,AB,2009,6358.51,119487.55,0,6760.05,32832.31,0,5,95,0,17,83,0
739,AB,2009,89901.105,8287.2,0,88398.165,8838,0,92,8,0,91,9,0
739,SK,2009,29124.119,3722.88,0,26192.926,1395.075,0,89,11,0,95,5,0
740,AB,2009,14103.9,138946.2,0,11910.9,80994.801,0,9,91,0,13,87,0
741,SK,2009,3979.644,143567.685,1268.677,498.184,21133.323,206.493,3,96,1,2,97,1
742,SK,2009,24407.163,11365.835,0,12164.517,720.483,0,68,32,0,94,6,0
743,AB,2009,2106,75342.844,0,627.3,39076.4,0,3,97,0,2,98,0
743,SK,2009,3879.979,5402.687,1989.333,1286.949,3471.42,1325.629,34,48,18,21,57,22
744,AB,2009,0,175115.39,14278.56,0,82766.4,3274.4,0,92,8,0,96,4
745,SK,2009,25071.481,664242.871,2843.645,8278.275,142703.244,855.488,4,96,0,5,94,1
746,AB,2009,0,137735.75,0,0,94450.9,0,0,100,0,0,100,0
747,SK,2009,21536.917,39886.084,0,20566.107,10539.89,0,35,65,0,66,34,0
748,SK,2009,5362.258,568718.503,739.235,2087.013,190846.041,162.952,1,99,0,1,99,0
749,SK,2009,12419.656,326585.339,0,7631.157,104282.839,0,4,96,0,7,93,0
750,AB,2009,0,44692.51,9440.49,0,102272.27,26085.53,0,83,17,0,80,20
751,MB,2009,9428.068,34197.284,0,11529.834,21172.164,0,22,78,0,35,65,0
751,SK,2009,12290.832,12572.018,0,7784.899,7437.097,0,49,51,0,51,49,0
752,MB,2009,0,90021.741,1303.259,0,61580.426,806.573,0,99,1,0,99,1
752,SK,2009,11239.89,344614.1,0,6444.263,169116.739,0,3,97,0,4,96,0
753,MB,2009,2571.676,407599.643,6012.681,2283.92,174933.762,3257.32,1,98,1,1,97,2
754,SK,2009,2624.026,144437.242,52603.728,1967.747,39777.969,12421.285,1,72,26,4,73,23
755,SK,2009,2172.809,158911.192,0,660.661,56700.337,0,1,99,0,1,99,0
756,SK,2009,6362.677,276464.321,0,1031.231,132142.768,0,2,98,0,1,99,0
757,MB,2009,61231.01,24379.99,1572.65,38201.073,8328.927,0,70,28,2,82,18,0
758,MB,2009,38042.849,107255.465,8025.091,26101.054,46453.643,8662.182,25,70,5,32,57,11
759,MB,2009,4608.135,32675.864,0,3054.921,15602.079,0,12,88,0,16,84,0
760,MB,2009,0,73305.001,0,1395.18,32156.82,0,0,100,0,4,96,0
760,SK,2009,3975.437,286780.561,0,3042.065,153597.936,0,1,99,0,2,98,0
761,SK,2009,0,11819.999,1241,0,11004.999,1195,0,90,10,0,90,10
762,SK,2009,21717.786,57192.212,0,14429.09,39109.908,0,28,72,0,27,73,0
763,MB,2009,80045.951,50794.552,4721.491,68035.807,31885.656,6417.534,59,37,3,64,30,6
763,SK,2009,27845.437,15418.565,0,24197.818,3309.182,0,64,36,0,88,12,0
764,MB,2009,0,64764,0,1354.445,31438.558,0,0,100,0,4,96,0
765,MB,2009,2597.988,313187.013,0,5832.441,103742.658,411.9,1,99,0,5,94,0
766,MB,2009,956.515,175004.482,0,681.232,52533.769,0,1,99,0,1,99,0
767,SK,2009,3637.237,419848.32,44731.435,771.803,58834.857,6253.336,1,90,10,1,89,9
768,SK,2009,0,39007.997,0,0,11457.002,0,0,100,0,0,100,0
769,AB,2009,0,85785.75,0,0,78309.6,0,0,100,0,0,100,0
770,SK,2009,64511.838,216573.837,8075.325,26786.806,48340.224,1987.971,22,75,3,35,63,3
771,AB,2009,13809.487,74882.441,201.6,8549.917,49835.355,128.4,16,84,0,15,85,0
771,SK,2009,0,46294.656,1537.349,415.113,12874.243,498.646,0,97,3,3,93,4
772,SK,2009,11990.982,27193.017,0,11673.162,4510.839,0,31,69,0,72,28,0
773,SK,2009,10967.534,245171.527,27983.936,3540.97,51934.838,7278.194,4,86,10,6,83,12
774,SK,2009,0,64297.001,0,0,8662.001,0,0,100,0,0,100,0
775,SK,2009,3317.285,69040.717,0,271.003,12312.997,0,5,95,0,2,98,0
776,SK,2009,40327.459,9305.541,0,23358.539,2513.46,0,81,19,0,90,10,0
777,AB,2009,10079.2,2257.8,0,12899.2,2995.5,0,82,18,0,81,19,0
778,SK,2009,19105.233,8048.767,0,5502.06,2317.941,0,70,30,0,70,30,0
779,AB,2009,0,24460.2,0,0,22476.6,0,0,100,0,0,100,0
780,SK,2009,8261.443,52097.216,261551.342,1217.787,3824.831,18693.381,3,16,81,5,16,79
781,AB,2009,11116,53844.132,147439.867,6124.72,15219.739,18668.4,5,25,69,15,38,47
782,SK,2009,14880.176,511058.822,0,8157.882,106397.121,0,3,97,0,7,93,0
783,SK,2009,0,256529.004,0,0,58307.998,0,0,100,0,0,100,0
784,SK,2009,12302.235,72483.873,2075.891,3810.12,16730.049,384.832,14,83,2,18,80,2
785,SK,2009,0,75090.798,5979.202,0,16819.422,751.577,0,93,7,0,96,4
786,AB,2009,0,95652.5,15.8,0,34729.4,19.5,0,100,0,0,100,0
787,AB,2009,0,46023.9,0,0,12376,0,0,100,0,0,100,0
788,AB,2009,0,47260.2,14716.8,0,15479,3801,0,76,24,0,80,20
789,SK,2009,14408.419,122906.034,2611.547,10447.816,24819.157,175.025,10,88,2,29,70,0
790,AB,2009,14485.1,40623.1,0,3992.1,10251.199,0,26,74,0,28,72,0
791,AB,2009,0,187670,0,0,35085,0,0,100,0,0,100,0
792,SK,2009,29092.596,60107.085,585203.313,19546.565,5083.183,64187.255,4,9,87,22,6,72
793,AB,2009,43883.372,341617.829,22213,19609.099,122328.97,6444.165,11,84,5,13,82,4
794,SK,2009,0,414321.001,0,0,116679.997,0,0,100,0,0,100,0
795,SK,2009,0,226861.997,0,634.08,65274.92,0,0,100,0,1,99,0
796,SK,2009,11435.845,51404.153,0,10001.22,14919.762,0,18,82,0,40,60,0
797,AB,2009,1801.8,15828.5,51.5,959,8238.032,52,10,90,0,10,89,1
798,AB,2009,29833.8,301342,28538.75,18409.8,142684.74,14018.76,8,84,8,11,81,8
799,AB,2009,0,49872,0,0,63621,0,0,100,0,0,100,0
800,AB,2009,0,72436.2,70587.65,0,53639.32,42541.14,0,51,49,0,56,44
801,AB,2009,0,28665.55,2322.45,0,45573,3882,0,93,7,0,92,8
802,AB,2009,0,59141.35,0,493.29,44446,0,0,100,0,1,99,0
803,SK,2009,6984.399,101742.645,53030.955,1443.719,12949.53,5660.752,4,63,33,7,65,28
804,AB,2009,11730.13,32387.42,0,11689.22,23898.78,0,27,73,0,33,67,0
805,AB,2009,4211.719,6607.909,3745.374,1702.066,1840.651,1043.285,29,45,26,37,40,23
805,SK,2009,4533.311,41850.704,23824.986,994.184,6780.675,3501.142,6,60,34,9,60,31
806,AB,2009,1254.9,51540,452.9,2362.9,79899.39,435.4,2,97,1,3,97,1
807,SK,2009,0,64000.384,8634.62,0,7985.437,829.564,0,88,12,0,91,9
808,SK,2009,3302.11,107677.113,414182.78,278.299,11239.153,41541.551,1,21,79,1,21,78
809,AB,2009,3441.9,93280.15,0,3485.655,44379.945,0,4,96,0,7,93,0
809,SK,2009,3983.535,102203.026,26880.435,660.212,13382.867,1454.921,3,77,20,4,86,9
810,SK,2009,0,90926.999,0,0,19350,0,0,100,0,0,100,0
811,AB,2009,3973.2,4352.436,31582.164,1288.8,1074.915,6182.485,10,11,79,15,13,72
811,SK,2009,0,347.181,925.818,0,58.092,154.909,0,27,73,0,27,73
812,AB,2009,24186.025,16816.385,18906.4,30922.9,21524.79,17086.35,40,28,32,44,31,25
813,SK,2009,2530.433,81774.921,37189.646,1545.931,16240.652,7105.416,2,67,31,6,65,29
814,AB,2009,1158.75,9810.58,0,988.2,8976.06,0,11,89,0,10,90,0
815,AB,2009,18360.4,14048.097,0,12821.2,10125.424,0,57,43,0,56,44,0
815,SK,2009,21539.505,8071.496,0,2902.546,1441.453,0,73,27,0,67,33,0
816,SK,2009,39557.77,297534.522,23690.712,31159.366,98921.458,5454.962,11,82,7,23,73,4
817,SK,2009,0,84568.45,3361.548,0,10830.612,409.389,0,96,4,0,96,4
818,AB,2009,0,28714.6,0,0,19931.6,0,0,100,0,0,100,0
819,SK,2009,21580.54,6151.462,0,4518.704,1288.295,0,78,22,0,78,22,0
820,SK,2009,739.92,163342.91,749.169,0,41407.005,0,0,99,0,0,100,0
821,AB,2009,1725.863,77183.763,728.903,873.963,30666.136,399.777,2,97,1,3,96,1
821,SK,2009,518.304,148852.698,0,1158.966,50194.032,0,0,100,0,2,98,0
822,SK,2009,5617.033,124870.4,1186.566,1624.999,51567.654,975.347,4,95,1,3,95,2
823,AB,2009,22517.744,113434.757,0,8485.922,36664.578,0,17,83,0,19,81,0
824,SK,2009,20860.454,57035.239,1387.309,9244.993,30169.007,0,26,72,2,23,77,0
825,SK,2009,0,411858.005,0,1226.307,119415.695,0,0,100,0,1,99,0
826,SK,2009,13821.162,564522.196,86708.637,10566.402,158702.304,12904.732,2,85,13,6,87,7
827,SK,2009,25194.715,10406.514,1556.77,23835.496,9366.504,1429.999,68,28,4,69,27,4
828,AB,2009,18833.185,549909.622,0,3063.475,100270.678,0,3,97,0,3,97,0
829,AB,2009,21864.9,10787.9,0,5400.4,2641,0,67,33,0,67,33,0
830,SK,2009,13363.281,230571.862,34304.856,7026.291,84473.427,8402.283,5,83,12,7,85,8
831,SK,2009,5411.385,120901.829,1345.788,1522.288,34088.712,0,4,95,1,4,96,0
832,SK,2009,11639.779,234779.853,704.365,8691.773,129275.583,887.642,5,95,0,6,93,1
833,AB,2009,51.5,18132.4,15.45,101.5,5622,30.45,0,100,0,2,98,1
833,SK,2009,0,30695.116,19694.887,0,24236.041,15791.959,0,61,39,0,61,39
834,SK,2009,0,55392.388,133654.611,0,14305.179,43700.822,0,29,71,0,25,75
835,SK,2009,0,5671.742,13864.258,0,2083.354,5092.644,0,29,71,0,29,71
836,AB,2009,0,8882,0,0,1857,0,0,100,0,0,100,0
837,AB,2009,0,18239,0,0,11906,0,0,100,0,0,100,0
837,SK,2009,0,9687.876,1762.125,0,12795.817,2782.184,0,85,15,0,82,18
838,AB,2009,730.7,2951.299,0,905.1,2665.901,0,20,80,0,25,75,0
838,SK,2009,0,47640.097,2011.903,0,25024.749,2043.812,0,96,4,0,92,8
839,MB,2009,7621.335,69212.227,8474.439,2717.705,28874.705,3570.589,9,81,10,8,82,10
840,MB,2009,33497.945,10688.411,14010.645,30054.966,10521.27,4676.765,58,18,24,66,23,10
841,MB,2009,19130.647,8422.852,0,1981.072,56915.928,0,69,31,0,3,97,0
843,MB,2009,11644.478,5209.522,0,16326.056,9204.944,0,69,31,0,64,36,0
844,MB,2009,8806.459,31462.818,4829.729,8332.611,31076.882,4607.509,20,70,11,19,71,10
846,MB,2009,0,8751.999,0,0,40132,0,0,100,0,0,100,0
847,MB,2009,0,26599.801,17956.9,0,12626.199,4962.8,0,60,40,0,72,28
848,MB,2009,717.579,6688.171,0,634.632,6506.369,0,10,90,0,9,91,0
849,MB,2009,9680.5,36656.721,614517.775,5517.056,18086.926,91178.017,1,6,93,5,16,79
850,MB,2009,111820.235,26756.765,0,71318.676,10782.323,0,81,19,0,87,13,0
851,MB,2009,0,41557.217,33246.784,0,8086.523,5968.475,0,56,44,0,58,42
852,MB,2009,39261.272,90983.216,108754.517,8727.069,12163.397,12669.533,16,38,46,26,36,38
853,MB,2009,0,17072.461,31446.54,0,1288.202,2372.798,0,35,65,0,35,65
854,MB,2009,5001.25,67925.75,0,2386.625,23009.373,0,7,93,0,9,91,0
855,MB,2009,0,9215,0,0,5302,0,0,100,0,0,100,0
940,BC,2009,61,16,0,300,54,0,79,21,0,85,15,0
943,BC,2009,0,1,0,0,7,0,0,100,0,0,100,0
944,BC,2009,110.751,16.145,0.1,811.597,125.003,2.4,87,13,0,86,13,0
948,BC,2009,0,0,0,2,0,0,,,,100,0,0
950,BC,2009,58.951,511.518,0,170.65,1703.351,0,10,90,0,9,91,0
955,BC,2009,24.458,12.743,44.7,255.114,86.686,443.2,30,16,55,32,11,56
956,BC,2009,1061.567,981.754,533.187,3980.286,3403.685,1100.029,41,38,21,47,40,13
957,BC,2009,117.513,74.323,0,393.513,267.486,0,61,39,0,60,40,0
958,BC,2009,6.465,2.535,0,31.144,12.856,0,72,28,0,71,29,0
959,BC,2009,3587.319,19029.882,459.353,3944.507,23639.411,611.109,16,82,2,14,84,2
960,BC,2009,6,0,0,54,0,0,100,0,0,100,0,0
962,BC,2009,0,14,0,0,74,0,0,100,0,0,100,0
969,BC,2009,0,8.49,0,0,267,0,0,100,0,0,100,0
971,BC,2009,53.2,2.8,0,473.1,31.899,0,95,5,0,94,6,0
972,BC,2009,2470.305,1331.301,2493.21,21535.097,10854.653,18732.25,39,21,40,42,21,37
974,BC,2009,106.58,34.3,51.12,2165.14,665.5,879.36,56,18,27,58,18,24
975,BC,2009,0,0,0,687,0,0,,,,100,0,0
976,BC,2009,325.517,520.048,0,4052.954,7483.05,0,38,62,0,35,65,0
977,BC,2009,521.433,766.007,0,5827.572,7023.428,0,41,59,0,45,55,0
978,BC,2009,356.761,1214.548,0,5274.915,11651.084,0,23,77,0,31,69,0
979,BC,2009,2798.612,6282.395,0,17997.287,48931.716,0,31,69,0,27,73,0
980,BC,2009,21.75,5.8,1.45,195,52,13,75,20,5,75,20,5
981,BC,2009,0,11,4,11,469,162,0,73,27,2,73,25
982,BC,2009,1674.859,1663.646,1948.701,17270.133,17491.171,24494.698,32,31,37,29,30,41
987,BC,2009,6,6,0,98,114,0,50,50,0,46,54,0
988,BC,2009,326.87,250.13,0,1036.995,513.005,0,57,43,0,67,33,0
990,BC,2009,125.521,21.471,0,702.244,79.755,0,85,15,0,90,10,0
991,BC,2009,98.694,1887.202,454.053,308.815,7052.995,1568.191,4,77,19,3,79,18
992,BC,2009,9.066,24.934,0,25.333,69.666,0,27,73,0,27,73,0
995,BC,2009,66.094,286.905,0,90.37,382.629,0,19,81,0,19,81,0
1001,BC,2009,707.73,546.3,0,3948.845,2962.155,0,56,44,0,57,43,0
1002,BC,2009,286.5,37.5,0,812.8,114.2,0,88,12,0,88,12,0
1003,BC,2009,30,0,0,17,0,0,100,0,0,100,0,0
1004,BC,2009,757.711,1384.153,413.85,3122.462,6184.688,2632.85,30,54,16,26,52,22
1005,BC,2009,1898.934,3031.359,0,11398.387,18123.611,0,39,61,0,39,61,0
1006,BC,2009,3587.629,2361.596,0,19614.649,31296.347,0,60,40,0,39,61,0
1007,BC,2009,2834.974,2427.897,2174.258,4112.511,4297.446,5324.039,38,33,29,30,31,39
1008,BC,2009,1546.536,550.568,348.9,4684.247,2195.978,1337.77,63,23,14,57,27,16
1009,BC,2009,1220.533,307.6,0,2491.6,581.4,0,80,20,0,81,19,0
1010,BC,2009,2231.69,1029.439,0,753.308,529.692,0,68,32,0,59,41,0
1011,BC,2009,671.448,171.527,0,2862.347,575.654,0,80,20,0,83,17,0
1012,BC,2009,325.52,15.479,0,898.797,205.202,0,95,5,0,81,19,0
1013,BC,2009,292.999,136.556,130.444,2116.499,1293.777,1249.722,52,24,23,45,28,27
1015,BC,2009,1096.155,876.848,0,3350.584,2986.414,0,56,44,0,53,47,0
1016,AB,2009,709.5,808.5,0,2977.5,3809.5,0,47,53,0,44,56,0
1017,BC,2009,148.08,129.92,0,520.281,382.72,0,53,47,0,58,42,0
1018,AB,2009,231.7,8920.7,174,490.05,25812.75,324.7,2,96,2,2,97,1
9593,AB,2009,0,11455.4,45821.6,0,5590.6,22362.4,0,20,80,0,20,80
9607,AB,2009,0,0,1006,0,0,443,0,0,100,0,0,100
9609,AB,2009,428.383,4890.047,2866.55,1469.65,7221.85,3581.5,5,60,35,12,59,29
9687,AB,2009,5609.15,108494.083,0,6959.444,119290.556,0,5,95,0,6,94,0
9787,AB,2009,0,73678.43,0,0,22182.51,0,0,100,0,0,100,0
244,AB,2010,0,0,904,0,0,1360,0,0,100,0,0,100
244,BC,2010,0,18.999,18,0,358,77,0,51,49,0,82,18
252,BC,2010,0,20,0,0,199,0,0,100,0,0,100,0
371,MB,2010,0,0,140,0,0,80,0,0,100,0,0,100
374,ON,2010,7,0,0,188,0,0,100,0,0,100,0,0
375,MB,2010,2093.46,15829.877,40237.073,1924.179,9303.959,16919.522,4,27,69,7,33,60
376,MB,2010,0,13,0,0,31,0,0,100,0,0,100,0
378,ON,2010,50,389,0,464,7416,0,11,89,0,6,94,0
379,MB,2010,669.067,367.333,0,1800.104,1444.894,0,65,35,0,55,45,0
380,MB,2010,1121.861,50.746,1228.693,4516.089,1638.588,3186.322,47,2,51,48,18,34
381,ON,2010,0,1778,0,0,42239,0,0,100,0,0,100,0
383,ON,2010,475.143,3359.858,0,1368.429,10658.572,0,12,88,0,11,89,0
386,ON,2010,102,0,0,563,0,0,100,0,0,100,0,0
391,ON,2010,46,0,0,144,0,0,100,0,0,100,0,0
400,ON,2010,0,0,479,0,0,2613,0,0,100,0,0,100
401,ON,2010,56.949,569.153,1102.897,924.391,3646.037,14881.573,3,33,64,5,19,77
401,QC,2010,827.999,37,11678.23,6651.999,259,79536.129,7,0,93,8,0,92
402,ON,2010,0,127,0,0,648,0,0,100,0,0,100,0
407,ON,2010,279.131,0,266.868,1572.068,0,712.933,51,0,49,69,0,31
408,ON,2010,0,23521,0,0,33555,0,0,100,0,0,100,0
408,QC,2010,2296.022,694.673,13533.745,3302.533,2848.667,21708.5,14,4,82,12,10,78
409,ON,2010,69,607.999,0,612,5587.999,0,10,90,0,10,90,0
410,ON,2010,92.8,304.2,0,212.7,663.3,0,23,77,0,24,76,0
411,ON,2010,4674.404,3015.596,0,28579.407,7770.593,0,61,39,0,79,21,0
412,ON,2010,0,239.4,957.6,0,1904.2,7616.8,0,20,80,0,20,80
413,ON,2010,5517.157,1272.381,316.387,54606.557,8088.603,1658.522,78,18,4,85,13,3
415,QC,2010,862.22,0,0,1559,0,0,100,0,0,100,0,0
418,QC,2010,10762.078,1034.7,846.001,16441.001,2023,1946.001,85,8,7,81,10,10
419,QC,2010,138,0,0,614,0,0,100,0,0,100,0,0
421,QC,2010,1068.66,0,0,3337,0,0,100,0,0,100,0,0
422,QC,2010,74,0,0,329,0,0,100,0,0,100,0,0
423,QC,2010,977.66,804,0,5761,3973,0,55,45,0,59,41,0
424,QC,2010,1911.998,1298.999,1296,3884.999,3793.099,774.9,42,29,29,46,45,9
425,QC,2010,8759.478,3267.701,7099.98,37192.899,23094.13,24355.771,46,17,37,44,27,29
426,QC,2010,3193,611,0,5963,433,0,84,16,0,93,7,0
431,QC,2010,5,0,0,40,0,0,100,0,0,100,0,0
438,QC,2010,503.42,0,0,558,0,0,100,0,0,100,0,0
439,QC,2010,229,0,0,453,0,0,100,0,0,100,0,0
440,QC,2010,357,0,0,807,0,0,100,0,0,100,0,0
441,QC,2010,26569.15,32081.574,4549.936,29120.92,42814.721,4816.859,42,51,7,38,56,6
455,NF,2010,0,0,0,315,0,0,,,,100,0,0
458,NF,2010,60,236.371,0,89,1074,0,20,80,0,8,92,0
460,NF,2010,0,17,0,0,58.999,0,0,100,0,0,100,0
461,NF,2010,0,233.67,0,0,1053.001,0,0,100,0,0,100,0
462,NF,2010,0,26,0,0,92,0,0,100,0,0,100,0
463,NF,2010,0,124.999,0,0,1043,0,0,100,0,0,100,0
466,NF,2010,25,444.958,0,58,1008.999,0,5,95,0,5,95,0
468,NF,2010,0,30.8,0,0,257,0,0,100,0,0,100,0
471,NF,2010,106,182.04,0,167,552.999,0,37,63,0,23,77,0
475,NF,2010,0,598.68,0,0,2162,0,0,100,0,0,100,0
477,NF,2010,15.67,0,0,176,0,0,100,0,0,100,0,0
478,QC,2010,748,1118,0,3181,3848.1,0,40,60,0,45,55,0
479,QC,2010,5566.684,28727.752,4989.12,12756.071,80161.624,10186.3,14,73,13,12,78,10
481,QC,2010,0,5487,0,0,10707,0,0,100,0,0,100,0
482,QC,2010,16436.46,15781.341,0,75042,66264.298,0,51,49,0,53,47,0
483,QC,2010,12431.544,26471.651,728.802,42674.424,69392.374,1518.201,31,67,2,38,61,1
484,NB,2010,0,96,0,0,315.999,0,0,100,0,0,100,0
484,QC,2010,304,3273.97,0,1705,7662,0,8,92,0,18,82,0
485,NB,2010,310.8,325.2,0,1161.081,1064.919,0,49,51,0,52,48,0
486,NB,2010,723.2,5465.8,0,622.49,5262.51,0,12,88,0,11,89,0
487,NB,2010,311.214,527.785,0,1098.161,2666.839,0,37,63,0,29,71,0
487,QC,2010,17.187,1441.818,0,84.628,3747.372,0,1,99,0,2,98,0
488,NB,2010,29.334,336.666,0,99.333,881.667,0,8,92,0,10,90,0
489,NB,2010,190,1008,0,411,1465,0,16,84,0,22,78,0
490,NB,2010,226,622,0,1027.965,1020.035,0,27,73,0,50,50,0
493,NB,2010,1636.243,17520.212,1086.549,1666.277,14960.433,643.29,8,87,5,10,87,4
494,NB,2010,0,16688.002,0,0,11866.001,0,0,100,0,0,100,0
495,NB,2010,203.75,549.25,0,1189.24,2188.76,0,27,73,0,35,65,0
496,NB,2010,2498.286,421.916,210.8,17121.957,3065.843,1489.2,80,13,7,79,14,7
497,NB,2010,240.75,905.25,0,939.187,2512.812,0,21,79,0,27,73,0
498,NB,2010,265,0,0,1864,0,0,100,0,0,100,0,0
499,NB,2010,489.56,351.09,12.35,1172.72,2546.429,70.85,57,41,1,31,67,2
500,NB,2010,4732.761,133.342,242.9,9080.502,223.497,748,93,3,5,90,2,7
501,NB,2010,1169.803,2345.197,0,1439.113,2884.886,0,33,67,0,33,67,0
502,NB,2010,414.865,924.135,0,1208.33,2766.671,0,31,69,0,30,70,0
503,NB,2010,1770.866,2073.132,21,8117.062,13194.94,123,46,54,1,38,62,1
504,NB,2010,1365,273,0,6477,309,0,83,17,0,95,5,0
504,NS,2010,4427.753,1568.751,0,19680.095,7340.901,0,74,26,0,73,27,0
505,NB,2010,264,771.998,0,920,4368.999,0,25,75,0,17,83,0
506,NB,2010,32,447,0,686.96,1356.04,0,7,93,0,34,66,0
507,NB,2010,175.999,1431.001,0,1593,6840.501,0,11,89,0,19,81,0
507,NS,2010,3632.518,1936.412,0,7389.188,4061.188,0,65,35,0,65,35,0
508,NB,2010,472.999,0,0,490,0,0,100,0,0,100,0,0
509,NS,2010,252,1505,0,616.001,4090.999,0,14,86,0,13,87,0
510,NS,2010,98.15,104.5,0,220.167,166.834,0,48,52,0,57,43,0
511,NS,2010,0,100.001,0,0,91.999,0,0,100,0,0,100,0
512,NS,2010,0,3170.52,0,0,3747.001,0,0,100,0,0,100,0
513,NS,2010,170.621,447.958,0,304.884,1035.118,0,28,72,0,23,77,0
514,NS,2010,15.69,0,0,15,0,0,100,0,0,100,0,0
516,NS,2010,359.298,658.612,0,1626.38,2132.62,0,35,65,0,43,57,0
517,NS,2010,807.06,4989.767,0,2943.311,21810.688,0,14,86,0,12,88,0
518,NS,2010,9739.357,5332.344,0,13705.999,10678.008,0,65,35,0,56,44,0
519,NS,2010,0,359,0,0,773,0,0,100,0,0,100,0
520,NS,2010,11.833,494.165,0,80.083,2134.915,0,2,98,0,4,96,0
521,NS,2010,0,84,0,0,764,0,0,100,0,0,100,0
522,NS,2010,148.661,390.26,0,823.547,3347.451,0,28,72,0,20,80,0
523,NS,2010,218.366,796.164,0,670.622,3640.379,0,22,78,0,16,84,0
524,NS,2010,41,23,0,203,101,0,64,36,0,67,33,0
525,NS,2010,468.025,1873.633,0,1595.472,6289.527,0,20,80,0,20,80,0
527,NS,2010,74.666,995.334,0,202.256,1787.745,0,7,93,0,10,90,0
528,NS,2010,1788.72,1406.061,0,1333.154,1377.844,0,56,44,0,49,51,0
529,NS,2010,0,636.001,0,0,486.001,0,0,100,0,0,100,0
530,NS,2010,44.666,1286.336,0,80,1584.999,0,3,97,0,5,95,0
531,NS,2010,554.865,1593.413,0,619.5,3809.501,0,26,74,0,14,86,0
534,PE,2010,17737.04,5346.963,0,13282.039,3558.962,0,77,23,0,79,21,0
535,PE,2010,18219,0,0,13409,0,0,100,0,0,100,0,0
536,PE,2010,42584.791,2401.209,0,37050.122,2125.875,0,95,5,0,95,5,0
537,PE,2010,19991.554,430.444,0,24700.556,658.444,0,98,2,0,97,3,0
538,PE,2010,6370,0,0,3929,0,0,100,0,0,100,0,0
539,QC,2010,23,190.21,46.98,163,826,249,9,73,18,13,67,20
540,QC,2010,198448.637,104239.416,76425.369,183989.102,65141.281,63731.224,52,27,20,59,21,20
541,ON,2010,0,15005.701,2489.3,1694.831,2909.069,1057.1,0,86,14,30,51,19
541,QC,2010,140541.962,41636.269,268296.19,53350.211,13627.238,81699.549,31,9,60,36,9,55
542,ON,2010,0,837.942,15809.378,3121.56,2160.265,36573.174,0,5,95,7,5,87
543,ON,2010,5603,35751.349,14354.243,8242.059,22804.453,12193.825,10,64,26,19,53,28
543,QC,2010,0,264,1329,0,740,2590.4,0,17,83,0,22,78
544,ON,2010,3093.641,56715.269,14363.288,4680.036,29147.364,6969.6,4,76,19,11,71,17
545,ON,2010,3577.065,13372.421,11442.816,7229.103,8740.345,11841.55,13,47,40,26,31,43
546,ON,2010,0,35348.46,7721.502,0,33926.673,7867.328,0,82,18,0,81,19
546,QC,2010,0,342,0,0,274,0,0,100,0,0,100,0
547,ON,2010,6275.374,21319.201,15024.006,16760.756,28784.541,34897.992,15,50,35,21,36,43
548,QC,2010,354.96,0,0,393,0,0,100,0,0,100,0,0
549,ON,2010,0,512.732,5598.386,0,1324.478,15068.521,0,8,92,0,8,92
550,ON,2010,982.441,3114.985,1032.322,6534.612,34117.846,11053.802,19,61,20,13,66,21
551,ON,2010,29487.345,63503.261,45670.793,44614.06,51201.897,68090.04,21,46,33,27,31,42
552,ON,2010,26357.749,4028.626,0,72598.09,25971.128,0,87,13,0,74,26,0
553,ON,2010,59831.044,97752.238,18658.148,59214.996,72778.304,16976.416,34,55,11,40,49,11
554,ON,2010,15731.007,3622.173,0,40720.692,5377.307,0,81,19,0,88,12,0
555,ON,2010,8955.804,5963.31,15838.893,16343.65,22971.853,30993.807,29,19,51,23,33,44
556,ON,2010,22802.194,102090.984,2005.301,40071.178,93323.074,2049.75,18,80,2,30,69,2
557,ON,2010,10468.599,276711.241,0,3773.655,86354.344,0,4,96,0,4,96,0
558,ON,2010,16921.216,215822.898,1022.087,14613.693,90530.776,158.533,7,92,0,14,86,0
559,ON,2010,0,310.4,0,0,0,0,0,100,0,,,
560,ON,2010,24538.027,59781.031,0,12142.072,24486.925,0,29,71,0,33,67,0
561,ON,2010,595.588,18557.391,2185.666,235.312,8667.117,1030.444,3,87,10,2,87,10
562,ON,2010,0,21735.445,10739.557,0,12157.776,5842.222,0,67,33,0,68,32
563,ON,2010,0,135,0,0,61,0,0,100,0,0,100,0
564,ON,2010,10964.515,62989.235,21989.767,11773.493,22791.612,12305.9,11,66,23,25,49,26
565,ON,2010,90760.593,207823.446,85096.956,14242.195,41371.537,13698.269,24,54,22,21,60,20
566,ON,2010,183.75,11046.352,7723.9,60,3423.251,2879.75,1,58,41,1,54,45
567,ON,2010,7021.666,160182.799,19801.534,1794.167,39631.176,5069.659,4,86,11,4,85,11
568,ON,2010,76599.302,8842.794,293.9,13646.494,1640.204,46.3,89,10,0,89,11,0
569,ON,2010,3456.338,24829.948,84296.71,964.5,9531.406,38845.094,3,22,75,2,19,79
570,ON,2010,10963.736,217463.711,53704.953,1025.203,28112.745,6348.053,4,77,19,3,79,18
571,ON,2010,9531.332,1963.999,2618.666,1701,279,372,68,14,19,72,12,16
572,ON,2010,3313.974,15406.464,3284.424,492.679,1986.146,841.176,15,70,15,15,60,25
581,BC,2010,74,2190.08,0,198.8,6442,0,3,97,0,3,97,0
583,AB,2010,0,20.052,28.947,0,118.736,170.263,0,41,59,0,41,59
583,BC,2010,0,1703.767,376.574,0,9534.111,2549.889,0,82,18,0,79,21
584,AB,2010,0,0,696,0,0,1884,0,0,100,0,0,100
585,BC,2010,612.444,16465.886,0.25,2097.833,66611.604,1.562,4,96,0,3,97,0
586,AB,2010,6549.541,65854.912,27838.447,5024.765,24604.663,14920.572,7,66,28,11,55,33
587,AB,2010,20647.63,1267.8,0,7852.04,526.65,0,94,6,0,94,6,0
588,AB,2010,3556.42,9391.81,82130.562,3368.771,6414.798,48039.63,4,10,86,6,11,83
589,AB,2010,584.711,1900.309,0,393.412,1278.588,0,24,76,0,24,76,0
590,AB,2010,0,18056.013,32318.367,0,15204.559,46900.441,0,36,64,0,24,76
591,AB,2010,251.9,2391.835,110661.335,233.4,1457,88874.001,0,2,98,0,2,98
591,BC,2010,13431.033,61467.155,16265.595,33427.128,149374.131,26136.036,15,67,18,16,71,13
592,AB,2010,675.477,17910.203,100534.78,1348.941,22181.094,69104.965,1,15,84,1,24,75
593,AB,2010,0,6538.882,78819.118,0,2869.912,42250.09,0,8,92,0,6,94
594,AB,2010,0,0,40268.003,0,0,49684.002,0,0,100,0,0,100
595,AB,2010,0,3732.941,85680.059,0,959.765,18634.235,0,4,96,0,5,95
596,AB,2010,7444.271,41078.405,46162.913,4061.159,19036.765,23615.877,8,43,49,9,41,51
597,AB,2010,1097.8,12489.6,20879.001,1626.5,21509.599,27468,3,36,61,3,43,54
598,AB,2010,0,1028.3,65779.698,0,1229.9,66651.101,0,2,98,0,2,98
599,AB,2010,0,3161,54853.999,0,5451,39398.001,0,5,95,0,12,88
600,AB,2010,907.788,128.47,900,3178.408,497.059,3465.333,47,7,46,45,7,49
609,AB,2010,0,0,287,0,0,428,0,0,100,0,0,100
610,AB,2010,631.282,8388.234,20118.111,924.607,16441.751,47700.642,2,29,69,1,25,73
610,BC,2010,0,0,0,0,0.999,0,,,,0,100,0
611,AB,2010,139,884.1,3224.9,194,1030.5,3493.5,3,21,76,4,22,74
612,AB,2010,0,4076.711,918.949,0,11755.558,3277.442,0,82,18,0,78,22
615,AB,2010,2724.931,10645.568,0,6217.565,19711.485,0,20,80,0,24,76,0
616,AB,2010,12683.866,2426.893,0,9212.142,5552.857,0,84,16,0,62,38,0
617,AB,2010,1378.286,3529.214,1051.5,2376,6731.5,1957.5,23,59,18,21,61,18
618,AB,2010,823.371,7553.116,492.81,1366.648,7381.212,1188.5,9,85,6,14,74,12
618,BC,2010,297.84,3868.168,897.253,1297.433,15984.781,4567.784,6,76,18,6,73,21
619,AB,2010,0,324,0,0,843,0,0,100,0,0,100,0
622,AB,2010,2438.648,8536.311,0,5480.042,18675.961,0,22,78,0,23,77,0
623,AB,2010,2758.381,14331.592,2830.763,8993.373,45305.089,12325.539,14,72,14,13,68,19
625,AB,2010,37.333,74.666,0,97.667,195.334,0,33,67,0,33,67,0
626,AB,2010,0,995.001,0,0,3934,0,0,100,0,0,100,0
629,AB,2010,193.1,2479.193,489.299,636.5,8125.921,1884.278,6,78,15,6,76,18
630,AB,2010,50.25,2754.536,43.556,298.875,21968.79,191.333,2,97,2,1,98,1
631,AB,2010,0,1410.2,146.8,0,4002.6,411.4,0,91,9,0,91,9
647,SK,2010,1302.953,200.047,0,1344.926,216.074,0,87,13,0,86,14,0
650,AB,2010,232.607,2579.964,303.181,841.667,9316.228,1094.105,7,83,10,7,83,10
652,SK,2010,23.955,186.045,0,62.639,487.36,0,11,89,0,11,89,0
657,SK,2010,161.642,2420.857,0,618.346,5640.654,0,6,94,0,10,90,0
658,SK,2010,1049.142,533.808,0,695.19,352.81,0,66,34,0,66,34,0
660,SK,2010,615.631,7782.119,0,1024.036,13760.965,0,7,93,0,7,93,0
661,SK,2010,67.091,5679.91,0,47.882,3955.119,0,1,99,0,1,99,0
662,SK,2010,47.8,191.2,0,35,140,0,20,80,0,20,80,0
667,MB,2010,0,170,0,0,377,0,0,100,0,0,100,0
669,MB,2010,0,14891.85,0,0,12474.001,0,0,100,0,0,100,0
669,SK,2010,0,0,791,0,0,378,0,0,100,0,0,100
672,SK,2010,5171.587,4327.292,315.67,4614.826,2870.637,204.536,53,44,3,60,37,3
677,MB,2010,0,0,3386,0,0,4962,0,0,100,0,0,100
678,AB,2010,4818.022,98449.143,4917.039,7037.691,144068.076,6389.471,4,91,5,4,91,4
679,AB,2010,0,12128.77,0,0,30419,0,0,100,0,0,100,0
680,AB,2010,3431.86,59029.659,0,7287.129,105756,0,5,95,0,6,94,0
680,SK,2010,614.893,13327.055,0,3224.063,31829.939,0,4,96,0,9,91,0
681,AB,2010,2517.964,87723.577,23464.41,2640,43820.348,10619.44,2,77,21,5,77,19
682,SK,2010,2582.005,3541.792,1933.053,5760.277,8593.634,3398.09,32,44,24,32,48,19
683,AB,2010,44741.77,19204.002,0,32082,8268,0,70,30,0,80,20,0
684,AB,2010,583.96,76524.645,27667.515,1392.132,145230.238,54406.53,1,73,26,1,72,27
685,SK,2010,942.711,10344.841,9012,925.038,28205.965,14232,5,51,44,2,65,33
686,AB,2010,0,10085.39,0,0,20392.001,0,0,100,0,0,100,0
686,SK,2010,31.646,1130.355,0,132.753,4808.248,0,3,97,0,3,97,0
687,AB,2010,2619.444,8579.355,0,4079.833,14169.868,0,23,77,0,22,78,0
687,SK,2010,6192.76,69303.238,0,9556.635,75143.363,0,8,92,0,11,89,0
688,AB,2010,0,61004.201,0,0,52940.801,0,0,100,0,0,100,0
689,SK,2010,2504.764,36118.737,0,4439.411,27627.589,0,6,94,0,14,86,0
690,SK,2010,2276.49,25288.917,0,3298.872,33859.126,0,8,92,0,9,91,0
691,SK,2010,16570.681,1489.618,0,5992.52,288.481,0,92,8,0,95,5,0
692,AB,2010,28.934,31386.907,10269.039,159.21,74021.888,36380.223,0,75,25,0,67,33
693,SK,2010,8521.663,104269.334,0,10831.73,28715.274,0,8,92,0,27,73,0
694,SK,2010,38765.277,39251.017,20253.704,10113.16,8814.241,3619.597,39,40,21,45,39,16
695,SK,2010,20623.182,12387.818,0,23767.086,11633.913,0,62,38,0,67,33,0
696,SK,2010,52752.865,80346.077,0,37559.072,38154.924,0,40,60,0,50,50,0
697,SK,2010,0,8149.436,43937.563,0,2006.766,10782.234,0,16,84,0,16,84
698,SK,2010,30701.095,21092.411,0,7478.453,6971.546,0,59,41,0,52,48,0
699,SK,2010,0,22466.001,0,0,25386,0,0,100,0,0,100,0
700,SK,2010,0,9611.115,30754.939,0,6276.849,9380.153,0,24,76,0,40,60
701,SK,2010,51231.345,13527.056,0,37542.354,4331.648,0,79,21,0,90,10,0
702,SK,2010,7041.023,181741.65,17303.33,4544.401,28709.942,1511.658,3,88,8,13,83,4
703,AB,2010,0,58388.37,672.559,0,113844.601,1986.9,0,99,1,0,98,2
704,SK,2010,1055.762,56235.997,19553.541,695.164,24718.164,8423.046,1,73,25,2,73,25
705,SK,2010,0,57677.698,212616.302,0,14467.804,18918.198,0,21,79,0,43,57
706,SK,2010,3480.648,98352.355,0,524.706,26629.297,0,3,97,0,2,98,0
707,SK,2010,11912.004,140928.091,1709.01,15186.317,52556.791,644.896,8,91,1,22,77,1
708,AB,2010,1088.1,53374.792,0,4003.2,121965.2,0,2,98,0,3,97,0
709,MB,2010,4238.424,134561.254,13532.172,2168.25,75753.602,4034.143,3,88,9,3,92,5
709,SK,2010,24578.087,153763.176,11704.74,12494.844,65389.054,2845.106,13,81,6,15,81,4
710,SK,2010,943.855,9931.445,0,1457.268,20329.733,0,9,91,0,7,93,0
711,SK,2010,236.456,14773.494,0,148.152,22093.847,0,2,98,0,1,99,0
714,MB,2010,0,1458,0,0,1034,0,0,100,0,0,100,0
714,SK,2010,0,46416.99,5072.459,0,39906.505,2478.495,0,90,10,0,94,6
715,MB,2010,526.046,15351.285,10938.77,1322.511,10699.959,8714.527,2,57,41,6,52,42
715,SK,2010,0,8664.628,2497.373,0,4326.208,1018.79,0,78,22,0,81,19
716,MB,2010,3522.649,36405.05,17411.05,4189,25247.5,14949.5,6,63,30,9,57,34
717,MB,2010,39650.362,36433.873,11597.266,26827.001,27289.4,5110.598,45,42,13,45,46,9
718,MB,2010,0,1166.7,0,0,8570,0,0,100,0,0,100,0
720,MB,2010,0,0,1067.6,0,0,5373,0,0,100,0,0,100
723,MB,2010,56,16032.252,1335.7,273,94843.002,4871,0,92,8,0,95,5
724,MB,2010,2494.167,22339.363,114495.118,6127.086,22501.405,77808.505,2,16,82,6,21,73
726,MB,2010,33552.597,0,1085.351,73883.336,0,1089.665,97,0,3,99,0,1
727,AB,2010,26976.698,178340.318,132137.764,16732.706,95789.028,50891.667,8,53,39,10,59,31
728,AB,2010,3831.666,189651.207,3711.177,1994.722,49927.955,543.274,2,96,2,4,95,1
729,AB,2010,30822.49,94297.821,0,23448.535,54828.353,0,25,75,0,30,70,0
729,SK,2010,17822.073,322627.917,0,12075.853,149944.154,0,5,95,0,7,93,0
730,AB,2010,41566.409,370500.69,10202.778,27319.393,206501.606,6988.333,10,88,2,11,86,3
731,AB,2010,18494.341,412687.959,0,15488.559,175549.671,0,4,96,0,8,92,0
732,AB,2010,0,10848.6,0,0,18760.5,0,0,100,0,0,100,0
733,SK,2010,25206.98,122328.606,8537.411,9809.554,68311.117,2062.329,16,78,5,12,85,3
734,SK,2010,23192.541,10882.454,0,18995.484,3354.518,0,68,32,0,85,15,0
735,SK,2010,3469.4,139225.596,0,3539.163,43102.834,0,2,98,0,8,92,0
736,SK,2010,35358.018,198482.422,7205.561,12254.289,52243.403,1203.307,15,82,3,19,80,2
737,AB,2010,20094.8,106099.8,13353.55,13147.7,76412.1,10455,14,76,10,13,76,10
738,AB,2010,6321.96,119098.8,0,6664,32488.47,0,5,95,0,17,83,0
739,AB,2010,86394.065,8152.2,0,89514.326,8676.9,0,91,9,0,91,9,0
739,SK,2010,28197.781,3677.219,0,26579.957,1399.044,0,88,12,0,95,5,0
740,AB,2010,14284.3,138873.4,0,11575.7,79779.1,0,9,91,0,13,87,0
741,SK,2010,3977.654,142703.438,1231.914,467.451,20431.899,222.658,3,96,1,2,97,1
742,SK,2010,24096.654,11272.345,0,12231.735,818.264,0,68,32,0,94,6,0
743,AB,2010,2078.1,73810.787,0,649.8,39565.933,0,3,97,0,2,98,0
743,SK,2010,3817.126,5207.65,1910.222,1318.753,3498.247,1336,35,48,17,21,57,22
744,AB,2010,0,178343.86,14343.84,0,78826.83,3162.72,0,93,7,0,96,4
745,SK,2010,24824.379,659914.199,2823.429,8216.316,139391.65,823.035,4,96,0,6,94,1
746,AB,2010,0,141011.35,0,0,90031.5,0,0,100,0,0,100,0
747,SK,2010,20659.392,39442.606,0,20610.688,10763.312,0,34,66,0,66,34,0
748,SK,2010,5276.207,560631.718,725.078,2064.579,189922.613,161.807,1,99,0,1,99,0
749,SK,2010,12181.343,324439.66,0,7658.895,101492.107,0,4,96,0,7,93,0
750,AB,2010,0,43917.71,9761.89,0,100690.68,25085.12,0,82,18,0,80,20
751,MB,2010,8495.392,33428.959,0,11213.672,20488.325,0,20,80,0,35,65,0
751,SK,2010,12075.007,12635.847,0,7544.338,7076.664,0,49,51,0,52,48,0
752,MB,2010,0,87860.427,1261.573,0,61297.794,807.205,0,99,1,0,99,1
752,SK,2010,10896.091,339277.905,0,6670.258,168583.738,0,3,97,0,4,96,0
753,MB,2010,2448.376,405155.017,5932.609,2184.168,169303.441,3337.391,1,98,1,1,97,2
754,SK,2010,2588.514,143294.119,52513.364,1823.212,39574.01,11995.779,1,72,26,3,74,22
755,SK,2010,2146.584,156001.417,0,667.94,57295.06,0,1,99,0,1,99,0
756,SK,2010,6344.162,270664.837,0,1028.874,132336.127,0,2,98,0,1,99,0
757,MB,2010,60956.259,24344.744,1572.65,36645.834,8219.163,0,70,28,2,82,18,0
758,MB,2010,38071.285,105816.755,7844.364,25019.382,45546.444,8313.253,25,70,5,32,58,11
759,MB,2010,4499.989,31909.011,0,2254.876,15989.124,0,12,88,0,12,88,0
760,MB,2010,0,71668.999,0,858.21,32557.788,0,0,100,0,3,97,0
760,SK,2010,3863.2,280909.804,0,3071.234,153524.769,0,1,99,0,2,98,0
761,SK,2010,0,11734.999,1143,0,10901.998,1146,0,91,9,0,90,10
762,SK,2010,20948.636,55524.362,0,14801.467,39170.532,0,27,73,0,27,73,0
763,MB,2010,77272.499,49751.801,4457.702,67224.824,30799.628,6174.548,59,38,3,65,30,6
763,SK,2010,27175.433,15418.565,0,24502.445,3093.553,0,64,36,0,89,11,0
764,MB,2010,0,64999,0,1346.365,30325.634,0,0,100,0,4,96,0
765,MB,2010,2765.056,308023.945,0,5202.276,103228.395,379.329,1,99,0,5,95,0
766,MB,2010,953.619,175701.377,0,675.657,50291.336,0,1,99,0,1,99,0
767,SK,2010,3592.43,414893.885,44193.68,766.322,58394.737,6240.945,1,90,10,1,89,10
768,SK,2010,0,37974,0,0,11902,0,0,100,0,0,100,0
769,AB,2010,0,85011.15,0,0,78953.5,0,0,100,0,0,100,0
770,SK,2010,63785.487,213993.379,7952.141,26092.552,47911.576,1987.875,22,75,3,34,63,3
771,AB,2010,13483.366,73742.312,198.8,8849.517,50863.812,131,15,84,0,15,85,0
771,SK,2010,0,45404.508,1509.494,346.094,13113.789,502.121,0,97,3,2,94,4
772,SK,2010,11740.619,26629.382,0,11280.85,4821.15,0,31,69,0,70,30,0
773,SK,2010,10762.804,241263.925,27507.265,3562.967,51943.082,7295.952,4,86,10,6,83,12
774,SK,2010,0,63189.002,0,0,8855.001,0,0,100,0,0,100,0
775,SK,2010,3304.303,68240.696,0,266.849,12117.15,0,5,95,0,2,98,0
776,SK,2010,39582.587,9247.412,0,22885.86,2449.141,0,81,19,0,90,10,0
777,AB,2010,9862.8,2191.8,0,13100.5,3056.7,0,82,18,0,81,19,0
778,SK,2010,18950.443,7983.556,0,5350.789,2254.212,0,70,30,0,70,30,0
779,AB,2010,0,24262.2,0,0,22634.1,0,0,100,0,0,100,0
780,SK,2010,8101.408,51580.418,258887.172,1174.081,3740.489,18020.432,3,16,81,5,16,79
781,AB,2010,11028.64,53943.168,147648.011,6185.2,15049.95,18324.949,5,25,69,16,38,46
782,SK,2010,14196.187,502843.814,0,8335.71,107094.297,0,3,97,0,7,93,0
783,SK,2010,0,252930.994,0,0,57886.997,0,0,100,0,0,100,0
784,SK,2010,12219.77,72020.341,2075.891,3696.836,16081.841,354.322,14,83,2,18,80,2
785,SK,2010,0,74302.733,5905.268,0,16432.759,779.241,0,93,7,0,95,5
786,AB,2010,0,96159.35,14.8,0,34091.4,20.5,0,100,0,0,100,0
787,AB,2010,0,46040.4,0,0,12347.8,0,0,100,0,0,100,0
788,AB,2010,0,47439.6,14663.4,0,15254.6,3836.4,0,76,24,0,80,20
789,SK,2010,14008.992,121645.545,2598.467,10159.674,24567.221,188.105,10,88,2,29,70,1
790,AB,2010,14249.9,40430.899,0,4197.2,10399.399,0,26,74,0,29,71,0
791,AB,2010,0,187366,0,0,35275,0,0,100,0,0,100,0
792,SK,2010,28197.997,59592.534,577337.473,19241.32,5128.507,63961.175,4,9,87,22,6,72
793,AB,2010,43624.062,342837.126,22188.811,19811.086,120525.343,6415.306,11,84,5,13,82,4
794,SK,2010,0,404103.999,0,0,120052.002,0,0,100,0,0,100,0
795,SK,2010,0,221965.998,0,403.08,67331.921,0,0,100,0,1,99,0
796,SK,2010,11296.371,50696.628,0,9690.586,15010.398,0,18,82,0,39,61,0
797,AB,2010,1763.3,15545.5,48.5,990.5,8494.539,55,10,90,0,10,89,1
798,AB,2010,29386.6,297082.1,28557.5,18427.7,142371.14,13578.41,8,84,8,11,82,8
799,AB,2010,0,47843,0,0,63165,0,0,100,0,0,100,0
800,AB,2010,0,72918.35,70110.45,0,52109.72,42028.59,0,51,49,0,55,45
801,AB,2010,0,29802.3,2285.7,0,43542.7,3783.3,0,93,7,0,92,8
802,AB,2010,0,57362.95,0,440.19,44949.7,0,0,100,0,1,99,0
803,SK,2010,6934.164,100541.682,52459.156,1395.524,12824.047,5557.433,4,63,33,7,65,28
804,AB,2010,11415.28,31220.32,0,11984.23,25023.72,0,27,73,0,32,68,0
805,AB,2010,4201.194,6606.328,3744.479,1706.318,1835.383,1040.299,29,45,26,37,40,23
805,SK,2010,4483.679,41406.609,23657.712,962.832,6655.954,3406.211,6,60,34,9,60,31
806,AB,2010,1130.1,49785.65,457.8,2463.9,81513.54,429.45,2,97,1,3,97,1
807,SK,2010,0,63465.811,8572.188,0,7627.005,791.994,0,88,12,0,91,9
808,SK,2010,3266.353,106145.198,407914.455,270.976,11358.53,42466.497,1,21,79,1,21,79
809,AB,2010,3322.55,91816.3,0,3596.905,45741.995,0,3,97,0,7,93,0
809,SK,2010,3931.337,100535.925,26608.739,638.173,13570.916,1537.913,3,77,20,4,86,10
810,SK,2010,0,89563.999,0,0,19324,0,0,100,0,0,100,0
811,AB,2010,3961.2,4357.922,31407.677,1298.4,1067.479,6321.721,10,11,79,15,12,73
811,SK,2010,0,344.727,919.273,0,55.636,148.364,0,27,73,0,27,73
812,AB,2010,24486.6,17104.68,18463.55,30595.8,21197.35,17531.75,41,28,31,44,31,25
813,SK,2010,2488.978,80549.335,36614.689,1489.955,16133.05,7203.991,2,67,31,6,65,29
814,AB,2010,1141.65,9577.57,0,1003.5,9193.17,0,11,89,0,10,90,0
815,AB,2010,18092.399,13715.385,0,13033,10355.743,0,57,43,0,56,44,0
815,SK,2010,21153.216,7909.784,0,3006.91,1489.09,0,73,27,0,67,33,0
816,SK,2010,38545.466,290738.766,23192.775,30762.369,100896.658,5773.97,11,82,7,22,73,4
817,SK,2010,0,83023.398,3295.6,0,11224.421,429.579,0,96,4,0,96,4
818,AB,2010,0,28926.45,0,0,19707.1,0,0,100,0,0,100,0
819,SK,2010,21526.766,6135.235,0,4237.237,1208.764,0,78,22,0,78,22,0
820,SK,2010,739.92,162005.917,749.169,0,40058.002,0,0,99,0,0,100,0
821,AB,2010,1706.268,76327.429,734.499,890.957,31437.249,392.433,2,97,1,3,96,1
821,SK,2010,439.019,144873.981,0,1217.034,51743.966,0,0,100,0,2,98,0
822,SK,2010,5462.034,121789.862,1190.102,1643.999,52347.465,942.533,4,95,1,3,95,2
823,AB,2010,22096.789,112161.211,0,8905.144,37937.355,0,16,84,0,19,81,0
824,SK,2010,20629.989,56065.7,1387.309,8959.456,30008.545,0,26,72,2,23,77,0
825,SK,2010,0,404410.003,0,1151.032,119645.969,0,0,100,0,1,99,0
826,SK,2010,13385.449,556041.294,85350.256,10642.92,157131.955,13479.562,2,85,13,6,87,7
827,SK,2010,24438.793,10049.436,1492.772,23948.48,9459.521,1450.999,68,28,4,69,27,4
828,AB,2010,18907.091,550292.656,0,2975.668,99471.681,0,3,97,0,3,97,0
829,AB,2010,22132.4,10910.4,0,5106.6,2507.4,0,67,33,0,67,33,0
830,SK,2010,12942.692,224878.138,33570.167,7098.659,85930.736,8594.609,5,83,12,7,85,8
831,SK,2010,5301.933,118251.277,1345.788,1536.788,34617.213,0,4,95,1,4,96,0
832,SK,2010,11482.963,230788.417,700.618,8507.407,128560.1,870.495,5,95,0,6,93,1
833,AB,2010,47.5,18092.4,14.25,105,5649.6,31.5,0,100,0,2,98,1
833,SK,2010,0,29884.021,19069.979,0,24355.53,15984.468,0,61,39,0,60,40
834,SK,2010,0,54899.53,132189.47,0,13969.204,42814.796,0,29,71,0,25,75
835,SK,2010,0,5550.678,13568.323,0,2106,5148,0,29,71,0,29,71
836,AB,2010,0,8872,0,0,1854,0,0,100,0,0,100,0
837,AB,2010,0,18302,0,0,11827,0,0,100,0,0,100,0
837,SK,2010,0,8891.299,1618.7,0,13664.708,2878.293,0,85,15,0,83,17
838,AB,2010,732.6,2953.399,0,903,2663.001,0,20,80,0,25,75,0
838,SK,2010,0,46027.496,1938.507,0,25744.632,2054.403,0,96,4,0,93,7
839,MB,2010,7726.299,70225.669,8599.03,2553.301,27412.84,3391.857,9,81,10,8,82,10
840,MB,2010,31377.845,10540.115,14119.038,29429.924,9799.792,4544.284,56,19,25,67,22,10
841,MB,2010,19032.596,5645.905,0,1924.77,55183.231,0,77,23,0,3,97,0
843,MB,2010,11026.367,4786.634,0,15703.794,8904.207,0,70,30,0,64,36,0
844,MB,2010,8493.019,30385.151,4648.832,8158.293,30511.336,4536.371,20,70,11,19,71,10
846,MB,2010,0,7908,0,0,38687,0,0,100,0,0,100,0
847,MB,2010,0,26278.45,17627.25,0,12277.9,4938.1,0,60,40,0,71,29
848,MB,2010,672.211,6229.539,0,620.211,6350.79,0,10,90,0,9,91,0
849,MB,2010,9509.166,36622.002,616911.834,5555.966,16815.185,85874.849,1,6,93,5,16,79
850,MB,2010,112798.997,26870.003,0,68293.77,10305.231,0,81,19,0,87,13,0
851,MB,2010,0,41525.748,33248.25,0,7817.559,5766.442,0,56,44,0,58,42
852,MB,2010,39312.594,90604.206,108606.198,8173.362,12187.834,12290.8,16,38,46,25,37,38
853,MB,2010,0,17185.412,31654.587,0,1098.543,2023.456,0,35,65,0,35,65
854,MB,2010,4968.875,67714.123,0,2310.25,22265.75,0,7,93,0,9,91,0
855,MB,2010,0,8561,0,0,5222,0,0,100,0,0,100,0
940,BC,2010,36,15,0,326,55,0,71,29,0,86,14,0
943,BC,2010,0,1,0,0,6,0,0,100,0,0,100,0
944,BC,2010,112.329,15.567,0.1,810.106,126.496,2.4,88,12,0,86,13,0
948,BC,2010,0,0,0,2,0,0,,,,100,0,0
950,BC,2010,67.445,471.023,0,160.151,1694.847,0,13,87,0,9,91,0
955,BC,2010,23.3,11.8,40.8,256.4,87.4,446.2,31,16,54,32,11,56
956,BC,2010,1094.847,1004.138,527.525,3905.65,3304.147,1042.203,42,38,20,47,40,13
957,BC,2010,124.688,81.153,0,384.79,258.212,0,61,39,0,60,40,0
958,BC,2010,6.642,2.356,0,30.144,11.856,0,74,26,0,72,28,0
959,BC,2010,3598.763,19168.222,455.92,3726.796,22472.108,575.714,15,83,2,14,84,2
960,BC,2010,8,0,0,54,0,0,100,0,0,100,0,0
962,BC,2010,0,14,0,0,69,0,0,100,0,0,100,0
969,BC,2010,0,5.49,0,0,273,0,0,100,0,0,100,0
971,BC,2010,50.35,3.65,0,483.55,32.449,0,93,7,0,94,6,0
972,BC,2010,2268.698,1260.99,2388.126,21838.754,10971.287,18920.957,38,21,40,42,21,37
974,BC,2010,85.786,32.333,40.88,2189.23,668.85,890.92,54,20,26,58,18,24
975,BC,2010,0,0,0,689,0,0,,,,100,0,0
976,BC,2010,306.642,476.919,0,4085.203,7537.797,0,39,61,0,35,65,0
977,BC,2010,521.431,752.008,0,5750.542,6980.459,0,41,59,0,45,55,0
978,BC,2010,370.572,1207.741,0,5223.978,11606.021,0,23,77,0,31,69,0
979,BC,2010,2867.273,6633.726,0,17900.069,48417.929,0,30,70,0,27,73,0
980,BC,2010,21,5.6,1.4,196.5,52.4,13.1,75,20,5,75,20,5
981,BC,2010,0,8,3,12,481,164,0,73,27,2,73,25
982,BC,2010,1585.165,1391.07,1693.961,17374.094,17760.701,24768.201,34,30,36,29,30,41
987,BC,2010,6,6,0,98,114,0,50,50,0,46,54,0
988,BC,2010,343.22,254.78,0,1025.41,510.59,0,57,43,0,67,33,0
990,BC,2010,125.081,22.911,0,680.73,77.268,0,85,15,0,90,10,0
991,BC,2010,90.281,1873.744,499.924,307.944,7042.951,1502.105,4,76,20,3,80,17
992,BC,2010,9.333,25.667,0,25.067,68.934,0,27,73,0,27,73,0
995,BC,2010,61.156,264.843,0,95.527,405.472,0,19,81,0,19,81,0
1001,BC,2010,612.296,472.74,0,3943.866,2981.129,0,56,44,0,57,43,0
1002,BC,2010,321.3,39.7,0,768.4,99.6,0,89,11,0,89,11,0
1003,BC,2010,24,0,0,18,0,0,100,0,0,100,0,0
1004,BC,2010,806.01,1534.458,428.25,3060.521,6021.33,2603.15,29,55,15,26,52,22
1005,BC,2010,1982.851,3211.441,0,11060.659,17748.338,0,38,62,0,38,62,0
1006,BC,2010,3514.089,2453.137,0,19347.764,30791.244,0,59,41,0,39,61,0
1007,BC,2010,2714.247,2238.015,2128.872,4016.541,4238.48,5210.98,38,32,30,30,31,39
1008,BC,2010,1445.781,519.247,346.972,4777.183,2220.109,1321.706,63,22,15,57,27,16
1009,BC,2010,1237.376,303.753,0,2427.603,562.401,0,80,20,0,81,19,0
1010,BC,2010,2238.377,1033.75,0,692.09,494.91,0,68,32,0,58,42,0
1011,BC,2010,648.942,171.036,0,2837.449,575.548,0,79,21,0,83,17,0
1012,BC,2010,294.601,13.398,0,932.064,206.936,0,96,4,0,82,18,0
1013,BC,2010,289.443,141.556,135,2137.947,1295.444,1250.611,51,25,24,46,28,27
1015,BC,2010,1103.297,854.706,0,3332.056,2957.946,0,56,44,0,53,47,0
1016,AB,2010,560.5,648.5,0,2837.5,3666.5,0,46,54,0,44,56,0
1017,BC,2010,162.599,118.4,0,488.719,385.28,0,58,42,0,56,44,0
1018,AB,2010,198.25,8472.7,176.35,485.95,26030.3,314.25,2,96,2,2,97,1
9593,AB,2010,0,11547.6,46190.4,0,5360.2,21440.8,0,20,80,0,20,80
9607,AB,2010,0,0,1106,0,0,475,0,0,100,0,0,100
9609,AB,2010,452.183,4949.047,2903.75,1454.35,7149.9,3521.75,5,60,35,12,59,29
9687,AB,2010,5160.816,108419.615,0,7412.222,117822.879,0,5,95,0,6,94,0
9787,AB,2010,0,73135.41,0,0,22666.33,0,0,100,0,0,100,0
244,AB,2011,0,0,858,0,0,1376,0,0,100,0,0,100
244,BC,2011,0,17.999,18,0,362.999,77,0,50,50,0,82,18
252,BC,2011,0,20,0,0,198,0,0,100,0,0,100,0
371,MB,2011,0,0,142,0,0,76,0,0,100,0,0,100
374,ON,2011,7,0,0,189,0,0,100,0,0,100,0,0
375,MB,2011,2095.568,16094.476,41043.366,1842.688,8748.583,15996.389,4,27,69,7,33,60
376,MB,2011,0,12,0,0,30,0,0,100,0,0,100,0
378,ON,2011,55,345,0,491,7431,0,14,86,0,6,94,0
379,MB,2011,668.545,403.856,0,1753.2,1432.799,0,62,38,0,55,45,0
380,MB,2011,1125.594,53.546,1184.16,4354.405,1595.478,2979.118,48,2,50,49,18,33
381,ON,2011,0,1754,0,0,41961,0,0,100,0,0,100,0
383,ON,2011,519.286,3426.714,0,1352.429,10506.573,0,13,87,0,11,89,0
386,ON,2011,113,0,0,541,0,0,100,0,0,100,0,0
391,ON,2011,56,0,0,142,0,0,100,0,0,100,0,0
400,ON,2011,0,0,534,0,0,2633,0,0,100,0,0,100
401,ON,2011,59.428,594.056,1106.515,909.709,3555.847,14731.44,3,34,63,5,19,77
401,QC,2011,834,35,10957.23,6631,258,79492.129,7,0,93,8,0,92
402,ON,2011,0,143,0,0,650,0,0,100,0,0,100,0
407,ON,2011,304.352,0,300.648,1577.523,0,690.478,50,0,50,70,0,30
408,ON,2011,0,24819,0,0,32042,0,0,100,0,0,100,0
408,QC,2011,2432.089,714.673,14156.078,3149.389,2816.556,20756.055,14,4,82,12,11,78
409,ON,2011,66,595,0,629,5573.001,0,10,90,0,10,90,0
410,ON,2011,101.7,321.3,0,201.2,640.8,0,24,76,0,24,76,0
411,ON,2011,4830.953,3168.048,0,28007.625,7533.373,0,60,40,0,79,21,0
412,ON,2011,0,244,976,0,1877.4,7509.6,0,20,80,0,20,80
413,ON,2011,5777.39,1290.463,317.807,53860.112,7949.123,1630.398,78,17,4,85,13,3
415,QC,2011,881.22,0,0,1523,0,0,100,0,0,100,0,0
418,QC,2011,10829.078,1004.7,862.001,16116,2016,1892,85,8,7,80,10,9
419,QC,2011,130,0,0,617,0,0,100,0,0,100,0,0
421,QC,2011,1136.66,0,0,3265,0,0,100,0,0,100,0,0
422,QC,2011,69,0,0,332,0,0,100,0,0,100,0,0
423,QC,2011,1004.66,852,0,5690,3880,0,54,46,0,59,41,0
424,QC,2011,1911,1336.001,1285,3819.001,3708.101,785.9,42,29,28,46,45,9
425,QC,2011,9075.28,3333.899,7357.98,36502.3,22854.729,23905.77,46,17,37,44,27,29
426,QC,2011,3142,635,0,5854,397,0,83,17,0,94,6,0
431,QC,2011,5,0,0,40,0,0,100,0,0,100,0,0
438,QC,2011,505.42,0,0,511,0,0,100,0,0,100,0,0
439,QC,2011,215,0,0,468,0,0,100,0,0,100,0,0
440,QC,2011,358,0,0,806,0,0,100,0,0,100,0,0
441,QC,2011,26605.35,31471.153,4500.357,28314.319,42388.458,4820.122,43,50,7,37,56,6
455,NF,2011,0,0,0,304,0,0,,,,100,0,0
458,NF,2011,57,231.37,0,83,1082,0,20,80,0,7,93,0
460,NF,2011,0,16.001,0,0,56.999,0,0,100,0,0,100,0
461,NF,2011,0,198.671,0,0,1069.001,0,0,100,0,0,100,0
462,NF,2011,0,24.001,0,0,90,0,0,100,0,0,100,0
463,NF,2011,0,111.001,0,0,1011,0,0,100,0,0,100,0
466,NF,2011,24,425.551,0,59,988,0,5,95,0,6,94,0
468,NF,2011,0,22.8,0,0,258,0,0,100,0,0,100,0
471,NF,2011,52,174.04,0,205,517,0,23,77,0,28,72,0
475,NF,2011,0,602.679,0,0,2009,0,0,100,0,0,100,0
477,NF,2011,8.67,0,0,170,0,0,100,0,0,100,0,0
478,QC,2011,751,1143.3,0,3116,3773.8,0,40,60,0,45,55,0
479,QC,2011,5574.915,28659.529,4891.12,12583.46,79253.241,10148.3,14,73,13,12,78,10
481,QC,2011,0,5576,0,0,10480,0,0,100,0,0,100,0
482,QC,2011,16607.46,15396.142,0,74033,65669.196,0,52,48,0,53,47,0
483,QC,2011,12500.347,26084.55,741.102,41999.45,68837.95,1507.6,32,66,2,37,61,1
484,NB,2011,0,89,0,0,308.001,0,0,100,0,0,100,0
484,QC,2011,301,3215.97,0,1698,7683,0,9,91,0,18,82,0
485,NB,2011,294.133,286.867,0,1153.189,1105.809,0,51,49,0,51,49,0
486,NB,2011,711.6,5444.4,0,623.09,5128.91,0,12,88,0,11,89,0
487,NB,2011,280.174,456.828,0,1108.821,2688.182,0,38,62,0,29,71,0
487,QC,2011,14.205,1362.795,0,87.611,3760.39,0,1,99,0,2,98,0
488,NB,2011,29.333,348.667,0,98.667,860.333,0,8,92,0,10,90,0
489,NB,2011,176,1029,0,411,1411,0,15,85,0,23,77,0
490,NB,2011,214,591,0,1044.039,1052.961,0,27,73,0,50,50,0
493,NB,2011,1646.404,17499.017,1078.581,1628.402,14599.662,626.935,8,87,5,10,87,4
494,NB,2011,0,17022,0,0,11336.999,0,0,100,0,0,100,0
495,NB,2011,202,563,0,1159.99,2172.011,0,26,74,0,35,65,0
496,NB,2011,2547.982,432.474,219.543,16857.207,3015.764,1461.029,80,14,7,79,14,7
497,NB,2011,261.5,977.5,0,920.437,2462.563,0,21,79,0,27,73,0
498,NB,2011,230,0,0,1884,0,0,100,0,0,100,0,0
499,NB,2011,569.799,365.2,13,1099.841,2480.609,69.55,60,39,1,30,68,2
500,NB,2011,5088.24,141.361,248.4,8676.546,212.953,741.5,93,3,5,90,2,8
501,NB,2011,1352.599,2617.401,0,1367.191,2651.81,0,34,66,0,34,66,0
502,NB,2011,428.866,980.135,0,1193.606,2701.394,0,30,70,0,31,69,0
503,NB,2011,1860.254,2191.745,22,7944.988,12929.012,121,46,54,1,38,62,1
504,NB,2011,1392,250,0,6299,326,0,85,15,0,95,5,0
504,NS,2011,4550.016,1674.488,0,19356.261,7163.732,0,73,27,0,73,27,0
505,NB,2011,259,753.001,0,933,4248.001,0,26,74,0,18,82,0
506,NB,2011,34,475,0,677.96,1337.04,0,7,93,0,34,66,0
507,NB,2011,148.999,1535.999,0,1579,6717.5,0,9,91,0,19,81,0
507,NS,2011,3726.024,2019.653,0,7237.764,3954.239,0,65,35,0,65,35,0
508,NB,2011,556.001,0,0,446.998,0,0,100,0,0,100,0,0
509,NS,2011,252,1485.999,0,604.001,4057,0,14,86,0,13,87,0
510,NS,2011,102.15,115.5,0,211.667,161.334,0,47,53,0,57,43,0
511,NS,2011,0,90.998,0,0,97.001,0,0,100,0,0,100,0
512,NS,2011,0,3274.516,0,0,3686.999,0,0,100,0,0,100,0
513,NS,2011,174.156,462.428,0,296.101,1006.899,0,27,73,0,23,77,0
514,NS,2011,16.69,0,0,15,0,0,100,0,0,100,0,0
516,NS,2011,395.369,704.537,0,1581.64,2086.36,0,36,64,0,43,57,0
517,NS,2011,837.053,5099.777,0,2882.508,21423.489,0,14,86,0,12,88,0
518,NS,2011,10079.535,5565.165,0,13243.188,10327.811,0,64,36,0,56,44,0
519,NS,2011,0,382,0,0,743,0,0,100,0,0,100,0
520,NS,2011,13.417,514.583,0,77.75,2097.25,0,3,97,0,4,96,0
521,NS,2011,0,92,0,0,758,0,0,100,0,0,100,0
522,NS,2011,161.99,422.929,0,808.484,3312.517,0,28,72,0,20,80,0
523,NS,2011,227.167,763.463,0,657.267,3597.732,0,23,77,0,15,85,0
524,NS,2011,40,23,0,201,101,0,63,37,0,67,33,0
525,NS,2011,477.517,1834.139,0,1602.582,6198.418,0,21,79,0,21,79,0
527,NS,2011,76.29,1042.711,0,201.62,1762.381,0,7,93,0,10,90,0
528,NS,2011,1931.835,1507.944,0,1243.154,1322.844,0,56,44,0,48,52,0
529,NS,2011,0,661.003,0,0,479,0,0,100,0,0,100,0
530,NS,2011,48.667,1373.332,0,76.667,1536.333,0,3,97,0,5,95,0
531,NS,2011,555.94,1650.342,0,599.545,3772.453,0,25,75,0,14,86,0
534,PE,2011,18091.875,5446.124,0,12723.215,3381.786,0,77,23,0,79,21,0
535,PE,2011,18116,0,0,13090,0,0,100,0,0,100,0,0
536,PE,2011,43130.626,2485.375,0,36014.795,2026.208,0,95,5,0,95,5,0
537,PE,2011,20224.11,422.888,0,24091.446,652.556,0,98,2,0,97,3,0
538,PE,2011,6479,0,0,3798,0,0,100,0,0,100,0,0
539,QC,2011,21,173.21,41.98,163,810,251,9,73,18,13,66,21
540,QC,2011,201451.533,105290.472,77442.416,178460.699,63069.711,61801.196,52,27,20,59,21,20
541,ON,2011,0,15233.299,2515.7,1716.744,2673.156,1013.1,0,86,14,32,49,19
541,QC,2011,141018.072,41702.436,269203.915,51699.487,13246.313,78973.201,31,9,60,36,9,55
542,ON,2011,0,886.739,16760.583,3073.56,2083.625,35363.818,0,5,95,8,5,87
543,ON,2011,5772.999,36922.897,14860.411,7983.27,21633.513,11654.057,10,64,26,19,52,28
543,QC,2011,0,281,1410,0,702,2494.4,0,17,83,0,22,78
544,ON,2011,3366.352,57753.872,14572.973,4492.362,27974.322,6721.317,4,76,19,11,71,17
545,ON,2011,3846.396,13645.817,11940.091,6925.234,8397.492,11215.274,13,46,41,26,32,42
546,ON,2011,0,36828.933,8076.031,0,32472.379,7494.619,0,82,18,0,81,19
546,QC,2011,0,356,0,0,255,0,0,100,0,0,100,0
547,ON,2011,6758.645,22189.228,15726.709,16173.495,27877.019,34155.778,15,50,35,21,36,44
548,QC,2011,357.96,0,0,379,0,0,100,0,0,100,0,0
549,ON,2011,0,554.885,5953.236,0,1285.348,14672.652,0,9,91,0,8,92
550,ON,2011,1016.231,3020.139,988.049,6451.915,33401.495,10948.186,20,60,20,13,66,22
551,ON,2011,30483.034,64368.38,47664.983,42763.643,49870.097,65603.261,21,45,33,27,32,41
552,ON,2011,27332.512,4163.122,0,71144.964,25520.004,0,87,13,0,74,26,0
553,ON,2011,60570.15,98600.611,19205.451,57647.502,70847.213,16305.433,34,55,11,40,49,11
554,ON,2011,16355.289,3830.892,0,39657.757,5107.244,0,81,19,0,89,11,0
555,ON,2011,9455.11,5977.316,16166.731,15751.067,22878.543,30593.432,30,19,51,23,33,44
556,ON,2011,23925.147,103937.033,2050.3,38479.696,90741.614,1972.687,18,80,2,29,69,2
557,ON,2011,10529.348,277743.491,0,3664.508,84154.492,0,4,96,0,4,96,0
558,ON,2011,17390.664,217480.492,1051.043,14023.264,88000.161,129.577,7,92,0,14,86,0
559,ON,2011,0,310.4,0,0,0,0,0,100,0,,,
560,ON,2011,24601.552,60004.51,0,11879.85,23870.151,0,29,71,0,33,67,0
561,ON,2011,587.463,18562.322,2188.111,231.562,8454.146,1004.667,3,87,10,2,87,10
562,ON,2011,0,21961.776,10896.223,0,11666.224,5539.778,0,67,33,0,68,32
563,ON,2011,0,136,0,0,54,0,0,100,0,0,100,0
564,ON,2011,11140.749,63478.857,22307.917,11234.846,21744.637,11768.524,11,65,23,25,49,26
565,ON,2011,90780.626,207885.2,85157.169,13970.684,40329.671,13314.65,24,54,22,21,60,20
566,ON,2011,177.25,10913.598,7700.55,62.25,3359.199,2795.95,1,58,41,1,54,45
567,ON,2011,7005.278,160629.115,19849.601,1780.555,38537.638,4918.806,4,86,11,4,85,11
568,ON,2011,77044.615,8883.684,293.7,13114.781,1587.92,45.3,89,10,0,89,11,0
569,ON,2011,3488.673,24915.076,84604.25,899.901,9201.9,37734.198,3,22,75,2,19,79
570,ON,2011,10948.827,216968.88,53588.694,1007.159,27530.482,6244.359,4,77,19,3,79,18
571,ON,2011,9531.888,1951.333,2601.778,1671.444,282.666,376.889,68,14,18,72,12,16
572,ON,2011,3274.412,15338.598,3244.852,486.653,1935.422,842.924,15,70,15,15,59,26
581,BC,2011,76,2304.08,0,195.2,6265,0,3,97,0,3,97,0
583,AB,2011,0,19.052,27.947,0,120.736,174.263,0,41,59,0,41,59
583,BC,2011,0,1709.212,369.129,0,9594.891,2567.111,0,82,18,0,79,21
584,AB,2011,0,0,684,0,0,1905,0,0,100,0,0,100
585,BC,2011,632.666,16956.664,0.25,2056.833,65722.604,1.562,4,96,0,3,97,0
586,AB,2011,6619.13,68637.637,28791.132,4867.471,23779.23,14947.298,6,66,28,11,55,34
587,AB,2011,21196.03,1284.15,0,7097.89,503.7,0,94,6,0,93,7,0
588,AB,2011,3735.1,9788.885,85823.906,3194.101,5953.034,44081.864,4,10,86,6,11,83
589,AB,2011,607.299,1973.721,0,393.647,1279.353,0,24,76,0,24,76,0
590,AB,2011,0,18105.342,32537.037,0,14885.542,45841.459,0,36,64,0,25,75
591,AB,2011,251.9,2478.835,114773.334,229.7,1359,84193,0,2,98,0,2,98
591,BC,2011,13935.87,64312.854,16900.94,32725.537,146054.854,25446.335,15,68,18,16,72,12
592,AB,2011,674.064,17978.837,104371.558,1365.529,22017.891,63646.577,1,15,85,2,25,73
593,AB,2011,0,6583.059,80335.94,0,2764.706,40119.294,0,8,92,0,6,94
594,AB,2011,0,0,40790.998,0,0,48751.999,0,0,100,0,0,100
595,AB,2011,0,3889.412,89133.588,0,794.588,14688.411,0,4,96,0,5,95
596,AB,2011,7474.357,42502.685,47240.548,3897.286,17303.886,22243.327,8,44,49,9,40,51
597,AB,2011,1092.9,12349.199,21027.999,1603.8,21291.8,27349,3,36,61,3,42,54
598,AB,2011,0,992.6,64662.4,0,1198.4,66153.601,0,2,98,0,2,98
599,AB,2011,0,3066,56491.999,0,5432,36607,0,5,95,0,13,87
600,AB,2011,856.302,133.058,830,3216.724,503.177,3490,47,7,46,45,7,48
609,AB,2011,0,0,282,0,0,439,0,0,100,0,0,100
610,AB,2011,618.128,8310.578,20946.922,926.461,16402.162,46468.374,2,28,70,1,26,73
610,BC,2011,0,0,0,0,0.999,0,,,,0,100,0
611,AB,2011,133.5,876.9,3230.6,202,1013.55,3346.45,3,21,76,4,22,73
612,AB,2011,0,4227.614,941.045,0,11683.683,3282.317,0,82,18,0,78,22
615,AB,2011,2677.116,10619.085,0,6190.693,19505.457,0,20,80,0,24,76,0
616,AB,2011,12409.724,2310.036,0,9308.822,5642.179,0,84,16,0,62,38,0
617,AB,2011,1369.144,3586.857,1054,2304.572,6584.429,1902,23,60,18,21,61,18
618,AB,2011,799.7,7584.998,490.06,1371.108,7244.994,1182.25,9,85,6,14,74,12
618,BC,2011,252,3813.168,931.09,1337.504,16000.775,4504.721,5,76,19,6,73,21
619,AB,2011,0,316,0,0,838,0,0,100,0,0,100,0
622,AB,2011,2543.535,8921.423,0,5317.653,18029.347,0,22,78,0,23,77,0
623,AB,2011,2730.471,14280.719,2852.553,8844.228,44747.223,12102.547,14,72,14,13,68,18
625,AB,2011,37,74,0,99,198,0,33,67,0,33,67,0
626,AB,2011,0,986.002,0,0,3882.001,0,0,100,0,0,100,0
629,AB,2011,196.3,2463.315,319.576,616.8,7893.299,1911,7,83,11,6,76,18
630,AB,2011,49.625,2591.27,44.444,300.875,21852.35,191.777,2,96,2,1,98,1
631,AB,2011,0,1340.9,145.1,0,3863.9,402.1,0,90,10,0,91,9
647,SK,2011,1297.676,186.324,0,1149.082,159.918,0,87,13,0,88,12,0
650,AB,2011,213.107,2327.569,269.076,868.667,9519.124,1112.211,8,83,10,8,83,10
652,SK,2011,23.64,183.36,0,61.77,480.23,0,11,89,0,11,89,0
657,SK,2011,164.972,2648.531,0,602.223,5314.777,0,6,94,0,10,90,0
658,SK,2011,1059.678,539.272,0,673.462,341.538,0,66,34,0,66,34,0
660,SK,2011,626.118,7799.631,0,1008.736,13586.264,0,7,93,0,7,93,0
661,SK,2011,67.951,5713.048,0,47.308,3884.691,0,1,99,0,1,99,0
662,SK,2011,48.2,192.8,0,34,136,0,20,80,0,20,80,0
667,MB,2011,0,147,0,0,360,0,0,100,0,0,100,0
669,MB,2011,0,14877.851,0,0,11987,0,0,100,0,0,100,0
669,SK,2011,0,0,947,0,0,271,0,0,100,0,0,100
672,SK,2011,5223.292,4434.632,325.628,4350.541,2628.739,191.721,52,44,3,61,37,3
677,MB,2011,0,0,3568,0,0,4681,0,0,100,0,0,100
678,AB,2011,4952.535,99760.785,5046.392,6839.736,141330.433,6173.118,5,91,5,4,92,4
679,AB,2011,0,12095.769,0,0,30039.999,0,0,100,0,0,100,0
680,AB,2011,3291.889,59298.66,0,7343.369,103654.001,0,5,95,0,7,93,0
680,SK,2011,608.358,13196.594,0,3126.977,31425.023,0,4,96,0,9,91,0
681,AB,2011,2507.964,90681.572,24220.41,2603.53,40674.822,9922.44,2,77,21,5,76,19
682,SK,2011,2612.533,3634.442,1949.876,5722.663,8444.92,3374.416,32,44,24,33,48,19
683,AB,2011,44796.77,19678.001,0,31440,7803,0,69,31,0,80,20,0
684,AB,2011,590.197,79014.45,28713.675,1365.245,140927.791,52494.765,1,73,27,1,72,27
685,SK,2011,998.141,10043.412,9056.999,880.855,28714.144,13984,5,50,45,2,66,32
686,AB,2011,0,9712.391,0,0,20229.001,0,0,100,0,0,100,0
686,SK,2011,33.744,1112.257,0,131.643,4732.357,0,3,97,0,3,97,0
687,AB,2011,2614.889,8396.41,0,4021.611,14056.089,0,24,76,0,22,78,0
687,SK,2011,6140.142,69454.859,0,9488.984,74347.015,0,8,92,0,11,89,0
688,AB,2011,0,62297.101,0,0,51275.597,0,0,100,0,0,100,0
689,SK,2011,2523.155,36096.343,0,4325.877,27288.125,0,7,93,0,14,86,0
690,SK,2011,2209.509,24992.899,0,3179.248,32916.746,0,8,92,0,9,91,0
691,SK,2011,17014.402,1507.898,0,5426.599,273.402,0,92,8,0,95,5,0
692,AB,2011,27.648,32041.893,10301.158,165.393,72600.861,35924.138,0,76,24,0,67,33
693,SK,2011,8570.082,104730.919,0,10171.206,27293.796,0,8,92,0,27,73,0
694,SK,2011,38724.736,39511.944,20828.317,9496.431,7930.024,2967.542,39,40,21,47,39,15
695,SK,2011,19892.681,12448.319,0,23682.387,11685.613,0,62,38,0,67,33,0
696,SK,2011,52084.863,79627.085,0,36842.078,37313.924,0,40,60,0,50,50,0
697,SK,2011,0,8353.554,45039.447,0,1745.494,9368.506,0,16,84,0,16,84
698,SK,2011,30729.354,21225.146,0,7134.746,6522.253,0,59,41,0,52,48,0
699,SK,2011,0,21920,0,0,24815.001,0,0,100,0,0,100,0
700,SK,2011,0,9771.835,30850.215,0,5878.515,8918.488,0,24,76,0,40,60
701,SK,2011,50687.081,13451.316,0,37686.846,4293.154,0,79,21,0,90,10,0
702,SK,2011,6933.29,181497.987,17280.719,4602.242,26916.614,1477.144,3,88,8,14,82,4
703,AB,2011,0,59642.82,689.959,0,110412.35,1927.05,0,99,1,0,98,2
704,SK,2011,1078.845,57376.639,19841.815,668.605,22907.854,7869.542,1,73,25,2,73,25
705,SK,2011,0,57273.907,213065.091,0,11702.687,18185.309,0,21,79,0,39,61
706,SK,2011,3469.241,97647.762,0,528.279,25679.725,0,3,97,0,2,98,0
707,SK,2011,12338.858,140276.636,1692.612,14221.208,49885.16,625.625,8,91,1,22,77,1
708,AB,2011,995.4,54399.142,0,3962.7,119227.45,0,2,98,0,3,97,0
709,MB,2011,4236.65,134634.512,13538.688,1912.322,72711.062,3878.619,3,88,9,2,93,5
709,SK,2011,24442.097,154269.828,11711.085,11876.798,62325.885,2733.314,13,81,6,15,81,4
710,SK,2011,959.541,9781.759,0,1451.054,20040.946,0,9,91,0,7,93,0
711,SK,2011,233.577,14861.375,0,148.039,21966.961,0,2,98,0,1,99,0
714,MB,2011,0,1460,0,0,877,0,0,100,0,0,100,0
714,SK,2011,0,46592.303,5065.146,0,38563.328,2380.673,0,90,10,0,94,6
715,MB,2011,516.13,15291.51,10945.461,1251.537,10163.001,8277.462,2,57,41,6,52,42
715,SK,2011,0,8659.838,2484.164,0,4154.157,989.843,0,78,22,0,81,19
716,MB,2011,3506.65,36401.05,17520.05,4099.999,24305.5,14305.5,6,63,31,10,57,33
717,MB,2011,39185.461,36202.193,11603.846,25788.812,25871.386,4898.804,45,42,13,46,46,9
718,MB,2011,0,885.7,0,0,7886,0,0,100,0,0,100,0
720,MB,2011,0,0,996.6,0,0,4949,0,0,100,0,0,100
723,MB,2011,50,14001.25,1283.7,250,88851.999,4736,0,91,8,0,95,5
724,MB,2011,2627.718,22005.17,112945.759,5555.534,21440.813,74799.653,2,16,82,5,21,73
726,MB,2011,32911.034,0,1068.916,70817.808,0,1049.192,97,0,3,99,0,1
727,AB,2011,27147.934,181786.515,133874.223,16249.824,91128.931,48470.007,8,53,39,10,58,31
728,AB,2011,3924.445,191417.609,3755.294,1900.278,47679.817,499.156,2,96,2,4,95,1
729,AB,2011,30263.156,92883.468,0,23596.198,55781.688,0,25,75,0,30,70,0
729,SK,2011,17508.704,319973.289,0,12241.727,150371.275,0,5,95,0,8,92,0
730,AB,2011,41472.832,369777.823,10199.722,27157.783,203968.61,6906.944,10,88,2,11,86,3
731,AB,2011,18015.958,411422.05,0,15520.341,172340.029,0,4,96,0,8,92,0
732,AB,2011,0,10249.2,0,0,18675,0,0,100,0,0,100,0
733,SK,2011,24975.63,121152.545,8548.822,9916.42,67394.617,1933.967,16,78,6,13,85,2
734,SK,2011,22395.745,10621.255,0,19125.198,3388.803,0,68,32,0,85,15,0
735,SK,2011,3463.736,138339.26,0,3303.682,42643.315,0,2,98,0,7,93,0
736,SK,2011,35176.316,196584.156,7174.531,11842.342,51234.998,1179.664,15,82,3,18,80,2
737,AB,2011,20587.6,109780.2,13573.15,12347.9,71813.001,10047,14,76,9,13,76,11
738,AB,2011,6265.86,118588.15,0,6573.9,32121.69,0,5,95,0,17,83,0
739,AB,2011,82559.516,7986.6,0,90457.936,8497.8,0,91,9,0,91,9,0
739,SK,2011,27277.018,3631.982,0,26952.672,1402.328,0,88,12,0,95,5,0
740,AB,2011,14431.4,138460.7,0,11236.3,78485.101,0,9,91,0,13,87,0
741,SK,2011,3973.664,141746.877,1196.457,437.415,19739.284,238.3,3,96,1,2,97,1
742,SK,2011,23768.655,11177.345,0,12287.297,915.701,0,68,32,0,93,7,0
743,AB,2011,2051.1,72088.665,0,672.3,40067.818,0,3,97,0,2,98,0
743,SK,2011,3754.276,5017.54,1833.185,1349.645,3524.282,1346.075,35,47,17,22,57,22
744,AB,2011,0,181599.24,14400.16,0,74565.19,3049.76,0,93,7,0,96,4
745,SK,2011,24577.291,655197.222,2799.487,8121.563,135967.588,790.847,4,96,0,6,94,1
746,AB,2011,0,144086.5,0,0,85577.9,0,0,100,0,0,100,0
747,SK,2011,19749.247,38866.756,0,20633.934,10937.07,0,34,66,0,65,35,0
748,SK,2011,5183.584,552390.313,711.102,2023.229,188986.114,160.663,1,99,0,1,99,0
749,SK,2011,11941.41,322302.589,0,7690.664,98756.336,0,4,96,0,7,93,0
750,AB,2011,0,43188.86,10010.94,0,98958.79,24258.01,0,81,19,0,80,20
751,MB,2011,7620.22,32789.133,0,10818.813,19674.186,0,19,81,0,35,65,0
751,SK,2011,11853.926,12690.928,0,7305.992,6714.006,0,48,52,0,52,48,0
752,MB,2011,0,85978.54,1221.461,0,60992.628,808.371,0,99,1,0,99,1
752,SK,2011,10551.978,333986.018,0,6909.927,167985.073,0,3,97,0,4,96,0
753,MB,2011,2351.151,401245.865,5853.985,2106.44,165281.545,3416.015,1,98,1,1,97,2
754,SK,2011,2552.479,142106.102,52416.414,1671.268,39362.276,11577.457,1,72,27,3,75,22
755,SK,2011,2120.166,153113.834,0,674.842,57865.157,0,1,99,0,1,99,0
756,SK,2011,6324.298,264876.703,0,1026.18,132492.819,0,2,98,0,1,99,0
757,MB,2011,60784.167,24303.832,1572.65,35132.659,8186.339,0,70,28,2,81,19,0
758,MB,2011,37949.822,104241.124,7669.454,24136.71,44806.318,7972.969,25,70,5,31,58,10
759,MB,2011,4421.259,31350.741,0,2183.438,15482.562,0,12,88,0,12,88,0
760,MB,2011,0,70055.999,0,327.302,32949.699,0,0,100,0,1,99,0
760,SK,2011,3752.934,275139.067,0,3100.053,153457.948,0,1,99,0,2,98,0
761,SK,2011,0,11634.999,1047,0,10805.001,1099,0,92,8,0,91,9
762,SK,2011,20185.236,53858.762,0,15172.207,39215.798,0,27,73,0,28,72,0
763,MB,2011,75092.961,48812.399,4229.637,65923.742,29621.127,5886.128,59,38,3,65,29,6
763,SK,2011,26481.437,15418.565,0,24816.611,2869.389,0,63,37,0,90,10,0
764,MB,2011,0,64994.997,0,1346.365,29541.634,0,0,100,0,4,96,0
765,MB,2011,2960.46,301880.543,0,4574.817,103743.715,372.471,1,99,0,4,95,0
766,MB,2011,948.179,175980.82,0,675.921,48623.076,0,1,99,0,1,99,0
767,SK,2011,3548.146,409916.64,43643.207,761.158,57944.474,6227.365,1,90,10,1,89,10
768,SK,2011,0,36967.999,0,0,12337.002,0,0,100,0,0,100,0
769,AB,2011,0,84353.55,0,0,79704.95,0,0,100,0,0,100,0
770,SK,2011,63117.356,211519.038,7833.606,25421.745,47494.497,1987.755,22,75,3,34,63,3
771,AB,2011,13177.583,72712.19,196.2,9162.271,51977.412,134,15,84,0,15,85,0
771,SK,2011,0,44506.475,1481.525,278.624,13347.952,505.425,0,97,3,2,94,4
772,SK,2011,11543.339,26182.658,0,10922.209,5149.794,0,31,69,0,68,32,0
773,SK,2011,10566.602,237527.126,27073.274,3585.222,51992.547,7300.233,4,86,10,6,83,12
774,SK,2011,0,62114,0,0,9043.001,0,0,100,0,0,100,0
775,SK,2011,3291.185,67440.815,0,262.695,11924.308,0,5,95,0,2,98,0
776,SK,2011,38971.156,9205.844,0,22489.109,2394.892,0,81,19,0,90,10,0
777,AB,2011,9664.05,2130.45,0,13327.45,3124.35,0,82,18,0,81,19,0
778,SK,2011,18808.319,7923.68,0,5205.146,2192.855,0,70,30,0,70,30,0
779,AB,2011,0,24096.6,0,0,22828.5,0,0,100,0,0,100,0
780,SK,2011,7950.601,51074.797,256338.605,1131.267,3657.615,17366.121,3,16,81,5,17,78
781,AB,2011,10965.36,54130.703,148031.715,6259.68,14895.761,17995.399,5,25,69,16,38,46
782,SK,2011,13523.348,494863.651,0,8512.756,107786.25,0,3,97,0,7,93,0
783,SK,2011,0,249414.998,0,0,57469,0,0,100,0,0,100,0
784,SK,2011,12133.983,71562.129,2075.891,3586.077,15452.296,324.625,14,83,2,19,80,2
785,SK,2011,0,73533.934,5832.069,0,16055.074,805.925,0,93,7,0,95,5
786,AB,2011,0,96807.25,13.8,0,33510,21.5,0,100,0,0,100,0
787,AB,2011,0,46093.1,0,0,12335.3,0,0,100,0,0,100,0
788,AB,2011,0,47659.8,14626.2,0,15041,3876,0,77,23,0,80,20
789,SK,2011,13617.537,120421.905,2585.559,9868.814,24327.173,201.013,10,88,2,29,71,1
790,AB,2011,14039.9,40287.601,0,4410,10560.401,0,26,74,0,29,71,0
791,AB,2011,0,187186,0,0,35479,0,0,100,0,0,100,0
792,SK,2011,27515.51,59166.044,571454.449,18963.711,5189.942,63913.35,4,9,87,22,6,73
793,AB,2011,43439.419,344567.823,22196.459,20046.06,118874.373,6393.529,11,84,5,14,82,4
794,SK,2011,0,394152.998,0,0,123399.998,0,0,100,0,0,100,0
795,SK,2011,0,217158.999,0,191.28,68701.72,0,0,100,0,0,100,0
796,SK,2011,11171.806,50123.192,0,9296.516,15035.483,0,18,82,0,38,62,0
797,AB,2011,1731.8,15295,46,1026.9,8773.184,58,10,90,0,10,89,1
798,AB,2011,28971.5,293315.6,28659,18476.7,142646.39,13146.56,8,84,8,11,82,8
799,AB,2011,0,44589,0,0,63312,0,0,100,0,0,100,0
800,AB,2011,0,73118.85,69262.75,0,50561.72,41708.39,0,51,49,0,55,45
801,AB,2011,0,30320.2,2197.8,0,41847.9,3704.1,0,93,7,0,92,8
802,AB,2011,0,55661.05,0,372.24,45048.45,0,0,100,0,1,99,0
803,SK,2011,6885.229,99299.803,51870.965,1348.6,12702.153,5456.249,4,63,33,7,65,28
804,AB,2011,11113.27,30087.58,0,12293.9,26179.2,0,27,73,0,32,68,0
805,AB,2011,4196.418,6610.014,3746.568,1713.269,1832.224,1038.507,29,45,26,37,40,23
805,SK,2011,4431.214,40930.328,23475.455,933.16,6533.531,3312.31,6,59,34,9,61,31
806,AB,2011,1016.8,48113.42,464.45,2588.1,83284.72,424.2,2,97,1,3,97,0
807,SK,2011,0,62921.374,8507.628,0,7274.136,754.865,0,88,12,0,91,9
808,SK,2011,3234.473,104683.251,401955.278,264.083,11486.848,43401.067,1,21,79,0,21,79
809,AB,2011,3206.5,90447.15,0,3716.555,47153.395,0,3,97,0,7,93,0
809,SK,2011,3878.59,98903.294,26336.115,615.08,13762.867,1619.053,3,77,20,4,86,10
810,SK,2011,0,88259.999,0,0,19297.002,0,0,100,0,0,100,0
811,AB,2011,3951.6,4364.859,31264.94,1308.6,1060.592,6469.707,10,11,79,15,12,73
811,SK,2011,0,341.727,911.273,0,53.181,141.818,0,27,73,0,27,73
812,AB,2011,24824.625,17421.945,18033.1,30296.149,20899.73,17985.85,41,29,30,44,30,26
813,SK,2011,2449.964,79366.278,36070.766,1434.683,16044.879,7289.436,2,67,31,6,65,29
814,AB,2011,1125.45,9356.63,0,1020.6,9425.18,0,11,89,0,10,90,0
815,AB,2011,17868.699,13460.863,0,13270.599,10638.853,0,57,43,0,56,44,0
815,SK,2011,20773.642,7756.358,0,3110.366,1539.632,0,73,27,0,67,33,0
816,SK,2011,37540.772,283997.884,22704.347,30367.017,102654.751,6058.235,11,82,7,22,74,4
817,SK,2011,0,81474.126,3229.874,0,11611.6,449.4,0,96,4,0,96,4
818,AB,2011,0,29177,0,0,19506.5,0,0,100,0,0,100,0
819,SK,2011,21459.65,6115.351,0,3962.94,1131.058,0,78,22,0,78,22,0
820,SK,2011,739.92,160637.916,749.169,0,38745.002,0,0,99,0,0,100,0
821,AB,2011,1690.675,75578.904,742.544,908.551,32223.014,385.787,2,97,1,3,96,1
821,SK,2011,361.648,140877.351,0,1275.102,53263.898,0,0,100,0,2,98,0
822,SK,2011,5325.034,118779.915,1193.05,1665,53107.294,910.704,4,95,1,3,95,2
823,AB,2011,21691.567,110943.932,0,9326.578,39216.422,0,16,84,0,19,81,0
824,SK,2011,20410.823,55102.868,1387.309,8687.442,29867.556,0,27,72,2,23,77,0
825,SK,2011,0,396995.007,0,1077.432,119924.567,0,0,100,0,1,99,0
826,SK,2011,12930.854,547354.175,83988.97,10571.818,155992.266,13806.352,2,85,13,6,86,8
827,SK,2011,23687.648,9700.582,1429.772,24065.354,9554.647,1474.999,68,28,4,69,27,4
828,AB,2011,19001.669,551260.483,0,2891.727,98810.373,0,3,97,0,3,97,0
829,AB,2011,22431.3,11051.5,0,4820.75,2378.05,0,67,33,0,67,33,0
830,SK,2011,12519.024,219161.979,32838.003,7171.65,87350.082,8781.272,5,83,12,7,85,9
831,SK,2011,5192.32,115617.891,1345.788,1550.859,35136.142,0,4,95,1,4,96,0
832,SK,2011,11320.662,226714.341,695.999,8317.444,127911.929,853.629,5,95,0,6,93,1
833,AB,2011,45,18082.6,13.5,111.5,5687.6,33.45,0,100,0,2,98,1
833,SK,2011,0,29054.619,18419.384,0,24484.195,16175.806,0,61,39,0,60,40
834,SK,2011,0,54332.401,130539.599,0,13644.541,41953.457,0,29,71,0,25,75
835,SK,2011,0,5423.807,13258.194,0,2128.936,5204.065,0,29,71,0,29,71
836,AB,2011,0,8875,0,0,1855,0,0,100,0,0,100,0
837,AB,2011,0,18393,0,0,11762,0,0,100,0,0,100,0
837,SK,2011,0,8087.813,1477.188,0,14516.385,2977.616,0,85,15,0,83,17
838,AB,2011,734,2965,0,900.4,2666.599,0,20,80,0,25,75,0
838,SK,2011,0,44459.788,1866.22,0,26492.055,2071.421,0,96,4,0,93,7
839,MB,2011,7820.515,70999.404,8693.081,2410.398,26354.346,3264.259,9,81,10,8,82,10
840,MB,2011,29678.372,10442.107,14251.52,28251.776,8995.223,4408,55,19,26,68,22,11
841,MB,2011,18950.163,3293.335,0,1845.45,52800.551,0,85,15,0,3,97,0
843,MB,2011,10610.366,4471.634,0,14875.552,8480.447,0,70,30,0,64,36,0
844,MB,2011,8258.483,29542.309,4507.208,7855.512,29658.921,4414.567,20,70,11,19,71,11
846,MB,2011,0,7317.999,0,0,36709.001,0,0,100,0,0,100,0
847,MB,2011,0,25961.949,17332.75,0,11905.351,4870.65,0,60,40,0,71,29
848,MB,2011,638.737,5886.013,0,592.421,6062.579,0,10,90,0,9,91,0
849,MB,2011,9417.5,36678,619202.5,5529.939,15592.655,81698.408,1,6,93,5,15,79
850,MB,2011,113653.925,26966.073,0,65331.938,9828.063,0,81,19,0,87,13,0
851,MB,2011,0,41455.247,33196.754,0,7657.594,5674.407,0,56,44,0,57,43
852,MB,2011,39323.499,90194.088,108419.41,7743.821,12318.932,12029.247,17,38,46,24,38,37
853,MB,2011,0,17290.973,31849.028,0,930.349,1713.652,0,35,65,0,35,65
854,MB,2011,4906.125,67220.877,0,2265.375,21835.626,0,7,93,0,9,91,0
855,MB,2011,0,7812,0,0,5166,0,0,100,0,0,100,0
940,BC,2011,39,16,0,325,54,0,71,29,0,86,14,0
943,BC,2011,0,1,0,0,6,0,0,100,0,0,100,0
944,BC,2011,121.114,17.787,0.1,815.463,129.037,2.5,87,13,0,86,14,0
948,BC,2011,0,0,0,3,0,0,,,,100,0,0
950,BC,2011,74.692,667.773,0,153.652,1454.347,0,10,90,0,10,90,0
955,BC,2011,24,11,37.9,254.572,86.429,448,33,15,52,32,11,57
956,BC,2011,1136.252,1031.586,549.674,3820.247,3232.795,979.958,42,38,20,48,40,12
957,BC,2011,111.274,89.568,0,391.318,247.681,0,55,45,0,61,39,0
958,BC,2011,7.642,2.356,0,30.965,12.034,0,76,24,0,72,28,0
959,BC,2011,3650.851,19122.326,461.186,3619.252,22101.01,557.868,16,82,2,14,84,2
960,BC,2011,8,0,0,53,0,0,100,0,0,100,0,0
962,BC,2011,0,14,0,0,69,0,0,100,0,0,100,0
969,BC,2011,0,4.49,0,0,274,0,0,100,0,0,100,0
971,BC,2011,57,4,0,486.4,32.599,0,93,7,0,94,6,0
972,BC,2011,2196.099,1247.555,2397.151,21966.366,11006.496,18922.145,38,21,41,42,21,36
974,BC,2011,80.37,32.55,30.08,2193.89,667.95,897.16,56,23,21,58,18,24
975,BC,2011,0,0,0,688,0,0,,,,100,0,0
976,BC,2011,295.613,423.944,0,4097.916,7588.084,0,41,59,0,35,65,0
977,BC,2011,498.848,719.597,0,5699.784,6928.218,0,41,59,0,45,55,0
978,BC,2011,366.019,1243.295,0,5215.727,11551.274,0,23,77,0,31,69,0
979,BC,2011,2338.974,6066.027,0,18350.448,48697.554,0,28,72,0,27,73,0
980,BC,2011,12,3.2,0.8,204.75,54.6,13.65,75,20,5,75,20,5
981,BC,2011,0,6,2,12,487,166,0,75,25,2,73,25
982,BC,2011,1592.934,1376.398,1605.868,17319.796,17733.005,24781.2,35,30,35,29,30,41
987,BC,2011,6,6,0,98,114,0,50,50,0,46,54,0
988,BC,2011,359.035,243.965,0,1022.99,531.01,0,60,40,0,66,34,0
990,BC,2011,188.381,33.614,0,606.118,65.881,0,85,15,0,90,10,0
991,BC,2011,83.733,1857.975,544.241,308.079,7055.568,1431.353,3,75,22,4,80,16
992,BC,2011,10.134,27.866,0,24,66,0,27,73,0,27,73,0
995,BC,2011,61.808,267.189,0,94.873,403.127,0,19,81,0,19,81,0
1001,BC,2011,333.938,267.093,0,4218.593,3184.408,0,56,44,0,57,43,0
1002,BC,2011,332.2,42.8,0,753.6,96.4,0,89,11,0,89,11,0
1003,BC,2011,13,0,0,28,0,0,100,0,0,100,0,0
1004,BC,2011,866.766,1482.154,442.8,2985.856,6069.796,2582.35,31,53,16,26,52,22
1005,BC,2011,2155.433,3558.859,0,10821.189,17322.806,0,38,62,0,38,62,0
1006,BC,2011,3680.55,2021.681,0,18523.989,29485.012,0,65,35,0,39,61,0
1007,BC,2011,2655.178,2104.018,2100.938,3982.541,4259.419,5150.038,39,31,31,30,32,38
1008,BC,2011,1426.989,511.676,346.33,4808.106,2224.048,1317.851,62,22,15,58,27,16
1009,BC,2011,1263.737,316.398,0,2388.575,552.421,0,80,20,0,81,19,0
1010,BC,2011,2255.601,1044.526,0,642.73,469.268,0,68,32,0,58,42,0
1011,BC,2011,633.164,168.816,0,2839.151,575.847,0,79,21,0,83,17,0
1012,BC,2011,310.111,10.888,0,920.224,210.776,0,97,3,0,81,19,0
1013,BC,2011,269.112,146.668,140.222,2174.776,1298,1251.223,48,26,25,46,27,26
1015,BC,2011,1149.586,871.413,0,3298.222,2948.777,0,57,43,0,53,47,0
1016,AB,2011,371,452,0,2593,3430,0,45,55,0,43,57,0
1017,BC,2011,140.76,122.24,0,498.96,375.04,0,54,46,0,57,43,0
1018,AB,2011,177.15,7931.55,174.4,486.5,26231.8,305.8,2,96,2,2,97,1
9593,AB,2011,0,11613.6,46454.4,0,5128.2,20512.8,0,20,80,0,20,80
9607,AB,2011,0,0,1506,0,0,625,0,0,100,0,0,100
9609,AB,2011,431.783,4963.397,3037.8,1476.45,7102.45,3350.1,5,59,36,12,60,28
9687,AB,2011,5080.816,108402.513,0,7483.334,115869.265,0,4,96,0,6,94,0
9787,AB,2011,0,72651.91,0,0,23178.13,0,0,100,0,0,100,0
244,AB,2012,0,0,923,0,0,1322,0,0,100,0,0,100
244,BC,2012,0,17.998,16,0,369.001,77,0,53,47,0,83,17
252,BC,2012,0,19,0,0,197,0,0,100,0,0,100,0
371,MB,2012,0,0,147,0,0,73,0,0,100,0,0,100
374,ON,2012,9,0,0,187,0,0,100,0,0,100,0,0
375,MB,2012,2106.274,16646.401,42367.735,1783.494,8309.741,14944.425,3,27,69,7,33,60
376,MB,2012,0,14,0,0,29,0,0,100,0,0,100,0
378,ON,2012,109,341,0,429,7403,0,24,76,0,5,95,0
379,MB,2012,798.56,548.839,0,1653.729,1338.271,0,59,41,0,55,45,0
380,MB,2012,1352.817,73.789,1462.694,4195.816,1560.355,2820.829,47,3,51,49,18,33
381,ON,2012,0,2142,0,0,41482,0,0,100,0,0,100,0
383,ON,2012,472.429,3492.571,0,1366.714,10340.285,0,12,88,0,12,88,0
386,ON,2012,106,0,0,518,0,0,100,0,0,100,0,0
391,ON,2012,44,0,0,140,0,0,100,0,0,100,0,0
400,ON,2012,0,0,585,0,0,2591,0,0,100,0,0,100
401,ON,2012,95.625,640.604,1443.774,895.64,3497.118,14484.243,4,29,66,5,19,77
401,QC,2012,934.001,37,11699.23,6545,253,78030.13,7,0,92,8,0,92
402,ON,2012,0,123,0,0,659,0,0,100,0,0,100,0
407,ON,2012,311.908,0,288.091,1573.631,0,677.369,52,0,48,70,0,30
408,ON,2012,0,25447,0,0,31578,0,0,100,0,0,100,0
408,QC,2012,2505.433,731.228,14708.079,3047.111,2742.111,20065.278,14,4,82,12,11,78
409,ON,2012,96,642.999,0,603,5432,0,13,87,0,10,90,0
410,ON,2012,96,333,0,198.1,612.9,0,22,78,0,24,76,0
411,ON,2012,5064.536,3324.466,0,27527.786,7313.216,0,60,40,0,79,21,0
412,ON,2012,0,253.8,1015.2,0,1857.8,7431.2,0,20,80,0,20,80
413,ON,2012,5909.832,1428.526,345.932,53277.269,7779.862,1598.58,77,19,5,85,12,3
415,QC,2012,899.22,0,0,1478,0,0,100,0,0,100,0,0
418,QC,2012,10875.079,1007.7,800.999,15812,1959,1912.001,86,8,6,80,10,10
419,QC,2012,162,0,0,579,0,0,100,0,0,100,0,0
421,QC,2012,1191.66,0,0,3205,0,0,100,0,0,100,0,0
422,QC,2012,72,0,0,324,0,0,100,0,0,100,0,0
423,QC,2012,1058.66,854,0,5489,3828,0,55,45,0,59,41,0
424,QC,2012,2057,1385.999,1331,3639,3627.099,739.9,43,29,28,45,45,9
425,QC,2012,9086.582,3568.6,7763.98,35932.2,22438.83,23394.769,45,17,38,44,27,29
426,QC,2012,3298,623,0,5572,397,0,84,16,0,93,7,0
431,QC,2012,5,0,0,39,0,0,100,0,0,100,0,0
438,QC,2012,475.42,0,0,449,0,0,100,0,0,100,0,0
439,QC,2012,239,0,0,441,0,0,100,0,0,100,0,0
440,QC,2012,384,0,0,778,0,0,100,0,0,100,0,0
441,QC,2012,27704.35,32433.784,4620.726,27487.721,41073.721,4671.859,43,50,7,38,56,6
455,NF,2012,0,0,0,302,0,0,,,,100,0,0
458,NF,2012,57,240.37,0,80,1080,0,19,81,0,7,93,0
460,NF,2012,0,16,0,0,55.999,0,0,100,0,0,100,0
461,NF,2012,0,179.671,0,0,1095.001,0,0,100,0,0,100,0
462,NF,2012,0,26,0,0,87,0,0,100,0,0,100,0
463,NF,2012,0,101,0,0,1005.001,0,0,100,0,0,100,0
466,NF,2012,24,424.551,0,59,984.001,0,5,95,0,6,94,0
468,NF,2012,0,26.8,0,0,254,0,0,100,0,0,100,0
471,NF,2012,49,162.04,0,204,512.001,0,23,77,0,28,72,0
475,NF,2012,0,596.682,0,0,2030,0,0,100,0,0,100,0
477,NF,2012,8.67,0,0,167,0,0,100,0,0,100,0,0
478,QC,2012,751,1183.8,0,3021,3703.8,0,39,61,0,45,55,0
479,QC,2012,5610.245,28996.195,5078.12,12375.772,78158.929,9885.3,14,73,13,12,78,10
481,QC,2012,0,5592,0,0,10344,0,0,100,0,0,100,0
482,QC,2012,17431.46,16079.441,0,72558,64381.301,0,52,48,0,53,47,0
483,QC,2012,12940.15,27549.449,785.4,41316.697,67121.7,1454.6,31,67,2,38,61,1
484,NB,2012,0,102,0,0,305,0,0,100,0,0,100,0
484,QC,2012,300,3203.97,0,1679,7599,0,9,91,0,18,82,0
485,NB,2012,292.467,343.533,0,1141.808,1049.193,0,46,54,0,52,48,0
486,NB,2012,731.3,5468.7,0,596.49,4966.51,0,12,88,0,11,89,0
487,NB,2012,288.331,479.669,0,1093.671,2655.329,0,38,62,0,29,71,0
487,QC,2012,17.187,1398.814,0,85.372,3723.627,0,1,99,0,2,98,0
488,NB,2012,26,324,0,98.667,886.333,0,7,93,0,10,90,0
489,NB,2012,180,1015,0,395,1398,0,15,85,0,22,78,0
490,NB,2012,217,596,0,1000.264,1010.737,0,27,73,0,50,50,0
493,NB,2012,1649.232,17059.962,1048.806,1600.33,14530.798,642.871,8,86,5,10,87,4
494,NB,2012,0,17007.999,0,0,11170,0,0,100,0,0,100,0
495,NB,2012,188.75,558.25,0,1144.24,2169.76,0,25,75,0,35,65,0
496,NB,2012,2631.302,419.957,212.743,16594.091,2988.681,1437.229,81,13,7,79,14,7
497,NB,2012,258.75,984.25,0,908.992,2414.007,0,21,79,0,27,73,0
498,NB,2012,281,0,0,1820,0,0,100,0,0,100,0,0
499,NB,2012,597.401,358.95,13.65,1065.001,2481.4,67.6,62,37,1,29,69,2
500,NB,2012,5199.247,142.852,275.9,8443.471,207.325,701.2,93,3,5,90,2,7
501,NB,2012,1484.142,2701.858,0,1320.04,2584.96,0,35,65,0,34,66,0
502,NB,2012,464.953,1021.047,0,1156.481,2648.521,0,31,69,0,30,70,0
503,NB,2012,2018.276,2238.725,23,7737.308,12742.691,119,47,52,1,38,62,1
504,NB,2012,1371,248,0,6327.002,302,0,85,15,0,95,5,0
504,NS,2012,4612.576,1704.934,0,18961.524,6988.474,0,73,27,0,73,27,0
505,NB,2012,256,781.001,0,902,4216.002,0,25,75,0,18,82,0
506,NB,2012,34,495,0,666.96,1337.04,0,6,94,0,33,67,0
507,NB,2012,163.001,1579.001,0,1508,6575,0,9,91,0,19,81,0
507,NS,2012,3710.689,1978.864,0,7086.335,3884.67,0,65,35,0,65,35,0
508,NB,2012,527.999,0,0,460,0,0,100,0,0,100,0,0
509,NS,2012,244.001,1504,0,595.001,3938,0,14,86,0,13,87,0
510,NS,2012,96.65,121,0,207.417,158.584,0,44,56,0,57,43,0
511,NS,2012,0,99.001,0,0,96.997,0,0,100,0,0,100,0
512,NS,2012,0,3297.519,0,0,3670.001,0,0,100,0,0,100,0
513,NS,2012,166.537,442.041,0,300.968,1015.031,0,27,73,0,23,77,0
514,NS,2012,19.69,0,0,13,0,0,100,0,0,100,0,0
516,NS,2012,363.908,732.003,0,1526.616,2003.383,0,33,67,0,43,57,0
517,NS,2012,809.123,5103.706,0,2827.745,20979.253,0,14,86,0,12,88,0
518,NS,2012,9662.89,5348.814,0,13020.631,10066.367,0,64,36,0,56,44,0
519,NS,2012,0,373,0,0,752,0,0,100,0,0,100,0
520,NS,2012,12.75,494.251,0,76.083,2049.916,0,3,97,0,4,96,0
521,NS,2012,0,90,0,0,760,0,0,100,0,0,100,0
522,NS,2012,149.363,404.554,0,797.35,3263.651,0,27,73,0,20,80,0
523,NS,2012,219.367,774.263,0,648.767,3542.234,0,22,78,0,15,85,0
524,NS,2012,41,24,0,199,101,0,63,37,0,66,34,0
525,NS,2012,475.518,1872.138,0,1542.668,6070.336,0,20,80,0,20,80,0
527,NS,2012,72.267,996.734,0,204.082,1753.916,0,7,93,0,10,90,0
528,NS,2012,1863.543,1475.235,0,1239.523,1290.478,0,56,44,0,49,51,0
529,NS,2012,0,668.001,0,0,499.997,0,0,100,0,0,100,0
530,NS,2012,49.333,1340.671,0,72,1540.001,0,4,96,0,4,96,0
531,NS,2012,543.65,1652.631,0,594.743,3613.259,0,25,75,0,14,86,0
534,PE,2012,17900.258,5434.742,0,12813.281,3369.719,0,77,23,0,79,21,0
535,PE,2012,18009,0,0,13001,0,0,100,0,0,100,0,0
536,PE,2012,43239.335,2468.667,0,35587.916,2029.083,0,95,5,0,95,5,0
537,PE,2012,19993.444,426.556,0,24208.557,648.444,0,98,2,0,97,3,0
538,PE,2012,6506,0,0,3714,0,0,100,0,0,100,0,0
539,QC,2012,20,201.21,48.98,155,742,235,7,74,18,14,66,21
540,QC,2012,205531.067,107125.523,79060.823,173226.117,60824.036,59834.46,52,27,20,59,21,20
541,ON,2012,0,15322.75,2527.25,1758.222,2600.178,1007.6,0,86,14,33,48,19
541,QC,2012,142176.517,42025.26,270625.653,49935.282,12774.68,76331.037,31,9,60,36,9,55
542,ON,2012,0,928.107,17571.209,3022.561,2026.608,34418.834,0,5,95,8,5,87
543,ON,2012,6051.002,37850.246,15693.638,7813.619,20717.759,10816.516,10,64,26,20,53,27
543,QC,2012,0,298,1461,0,683,2436.4,0,17,83,0,22,78
544,ON,2012,3510.735,58975.013,14857.454,4410.533,26774.72,6444.746,5,76,19,12,71,17
545,ON,2012,4087.877,14028.345,12322.079,6646.032,7941.307,10726.661,13,46,40,26,31,42
546,ON,2012,0,38164.815,8404.144,0,31257.654,7198.348,0,82,18,0,81,19
546,QC,2012,0,360,0,0,248,0,0,100,0,0,100,0
547,ON,2012,6872.427,23210.833,17141.317,15882.065,26848.842,32709.38,15,49,36,21,36,43
548,QC,2012,365.96,0,0,362,0,0,100,0,0,100,0,0
549,ON,2012,0,590.906,6360.212,0,1246.174,14225.827,0,9,91,0,8,92
550,ON,2012,1049.722,3413.056,1214.306,6246.218,32741.186,10531.858,18,60,21,13,66,21
551,ON,2012,30955.477,66164.188,49878.737,41543.28,47801.655,63251.065,21,45,34,27,31,41
552,ON,2012,29067.438,4645.289,0,69175.064,24860.988,0,86,14,0,74,26,0
553,ON,2012,61501.361,99568.667,19465.255,55869.659,68934.888,15826.663,34,55,11,40,49,11
554,ON,2012,17048.135,3907.046,0,38620.064,4954.935,0,81,19,0,89,11,0
555,ON,2012,10073.888,6558.446,17328.964,15072.455,22225.342,29113.498,30,19,51,23,33,44
556,ON,2012,24595.578,106452.164,2130.739,37356.089,88073.354,1890.563,18,80,2,29,69,1
557,ON,2012,10553.072,279016.767,0,3631.133,82630.866,0,4,96,0,4,96,0
558,ON,2012,17542.46,220035.539,1062.195,13818.239,85289.335,118.424,7,92,0,14,86,0
559,ON,2012,0,310.4,0,0,0,0,0,100,0,,,
560,ON,2012,24473.702,60282.358,0,11746.83,23398.169,0,29,71,0,33,67,0
561,ON,2012,581.525,18577.413,2191.334,220.625,8290.459,986.667,3,87,10,2,87,10
562,ON,2012,0,21514.557,10780.443,0,11242.779,5502.222,0,67,33,0,67,33
563,ON,2012,0,125,0,0,61,0,0,100,0,0,100,0
564,ON,2012,11154.144,63626.951,22779.427,10850.407,21040.115,11159.339,11,65,23,25,49,26
565,ON,2012,90842.719,207955.453,85322.826,13805.541,39694.285,13032.171,24,54,22,21,60,20
566,ON,2012,175.75,10894.399,7746.65,59,3234.35,2659.25,1,58,41,1,54,45
567,ON,2012,7041.389,161112.509,19917.103,1728.889,37857.529,4818.579,4,86,11,4,85,11
568,ON,2012,76512.897,8835.199,290.9,13188.359,1574.942,46.7,89,10,0,89,11,0
569,ON,2012,3450.034,25098.19,85646.773,873.611,8717.936,35759.454,3,22,75,2,19,79
570,ON,2012,10864.838,217038.073,53500.488,1014.826,26963.516,6112.659,4,77,19,3,79,18
571,ON,2012,9523,1950,2600,1637.666,280,373.333,68,14,18,71,12,16
572,ON,2012,3255.815,15325.32,3238.726,472.879,1877.47,811.65,15,70,15,15,59,26
581,BC,2012,74,2224.08,0,191.6,6162,0,3,97,0,3,97,0
583,AB,2012,0,20.052,28.947,0,120.736,173.263,0,41,59,0,41,59
583,BC,2012,0,1744.767,377.573,0,9423.999,2534,0,82,18,0,79,21
584,AB,2012,0,0,752,0,0,1842,0,0,100,0,0,100
585,BC,2012,665.945,18037.949,0.688,2001.056,63832.819,1.125,4,96,0,3,97,0
586,AB,2012,6712.188,71785.421,30504.289,4848.942,23137.616,14787.443,6,66,28,11,54,35
587,AB,2012,21364.529,1314,0,7126.939,492.6,0,94,6,0,94,6,0
588,AB,2012,3894.908,10100.54,88149.343,3112.777,5783.294,42264.529,4,10,86,6,11,83
589,AB,2012,636.005,2067.016,0,394.118,1280.882,0,24,76,0,24,76,0
590,AB,2012,0,18980.383,34839.996,0,14003.01,43900.989,0,35,65,0,24,76
591,AB,2012,248,2481.335,114215.836,232,1352,84317.002,0,2,98,0,2,98
591,BC,2012,13078.082,63405.761,16905.628,33168.766,144352.204,24939.803,14,68,18,16,71,12
592,AB,2012,688.536,18300.367,106933.558,1357.059,21840.552,61578.388,1,15,85,2,26,73
593,AB,2012,0,6618.47,81965.529,0,2755.794,38689.206,0,7,93,0,7,93
594,AB,2012,0,0,42581.998,0,0,47438.999,0,0,100,0,0,100
595,AB,2012,0,3987.53,90767.471,0,723.529,13371.471,0,4,96,0,5,95
596,AB,2012,8080.405,44428.478,49575.204,3411.057,15581.17,19930.773,8,44,49,9,40,51
597,AB,2012,1172.9,12720,22698.001,1548.5,21029.8,26109.001,3,35,62,3,43,54
598,AB,2012,0,1029,65592,0,1174.6,65403.402,0,2,98,0,2,98
599,AB,2012,0,3292,57104,0,5193,36219,0,5,95,0,13,87
600,AB,2012,922.707,135.353,866,3135.918,500.882,3434,48,7,45,44,7,49
609,AB,2012,0,0,307,0,0,420,0,0,100,0,0,100
610,AB,2012,653.846,8667.534,21748.248,898.092,16078.029,46003.876,2,28,70,1,26,73
610,BC,2012,0,0,0,0,0.999,0,,,,0,100,0
611,AB,2012,139.25,912.9,3364.85,188.5,979.2,3282.3,3,21,76,4,22,74
612,AB,2012,0,4365.142,978.518,0,11557.356,3262.644,0,82,18,0,78,22
615,AB,2012,2913.066,11271.486,0,5950.353,18925.546,0,21,79,0,24,76,0
616,AB,2012,12755.116,2560.643,0,9070.75,5391.25,0,83,17,0,63,37,0
617,AB,2012,1423.428,3756.572,1069,2260,6452.5,1899.5,23,60,17,21,61,18
618,AB,2012,825.787,7818.32,503.56,1333.193,7062.161,1175.75,9,85,6,14,74,12
618,BC,2012,283.166,3816.904,837.19,1288.398,15878.205,4581.395,6,77,17,6,73,21
619,AB,2012,0,381,0,0,798,0,0,100,0,0,100,0
622,AB,2012,2645.12,9204.842,0,5234.062,17799.937,0,22,78,0,23,77,0
623,AB,2012,2885.854,15050.524,3019.361,8774.183,43912.1,11847.719,14,72,14,14,68,18
625,AB,2012,40,80,0,97.333,194.666,0,33,67,0,33,67,0
626,AB,2012,0,1060.999,0,0,3843.001,0,0,100,0,0,100,0
629,AB,2012,188.2,2598.17,503.021,628.4,7774.066,1752.833,6,79,15,6,77,17
630,AB,2012,54.875,3209.578,46.89,294.75,21129.806,188.444,2,97,1,1,98,1
631,AB,2012,0,1226.8,122.2,0,4133.9,428.1,0,91,9,0,91,9
647,SK,2012,1210.071,192.929,0,1246.576,172.424,0,86,14,0,88,12,0
650,AB,2012,256.94,2854.05,330.76,813.833,8963.06,1054.105,7,83,10,8,83,10
652,SK,2012,24.389,189.612,0,61.167,475.832,0,11,89,0,11,89,0
657,SK,2012,166.744,2764.754,0,603.405,5292.596,0,6,94,0,10,90,0
658,SK,2012,1133.45,576.5,0,651.39,330.61,0,66,34,0,66,34,0
660,SK,2012,646.266,8069.485,0,991.287,13361.714,0,7,93,0,7,93,0
661,SK,2012,71.105,5982.897,0,44.441,3644.56,0,1,99,0,1,99,0
662,SK,2012,51.8,207.2,0,32.4,129.6,0,20,80,0,20,80,0
667,MB,2012,0,177,0,0,357,0,0,100,0,0,100,0
669,MB,2012,0,15283.85,0,0,11651,0,0,100,0,0,100,0
669,SK,2012,0,0,954,0,0,269,0,0,100,0,0,100
672,SK,2012,5572.482,4668.123,343.942,4152.006,2519.513,182.481,53,44,3,61,37,3
677,MB,2012,0,0,3600,0,0,4485,0,0,100,0,0,100
678,AB,2012,5186.4,104044.263,5232.921,6615.483,137349.843,6024.706,5,91,5,4,92,4
679,AB,2012,0,12938.77,0,0,29267,0,0,100,0,0,100,0
680,AB,2012,3506.5,60592.659,0,7138.08,102002.001,0,5,95,0,7,93,0
680,SK,2012,653.146,13499.804,0,3096.816,31161.184,0,5,95,0,9,91,0
681,AB,2012,2647.376,91878.162,24192.41,2469.412,39135.94,9942.44,2,77,20,5,76,19
682,SK,2012,2697.681,3778.377,1994.797,5784.777,8523.522,3336.701,32,45,24,33,48,19
683,AB,2012,46371.77,19791.999,0,29824,7460,0,70,30,0,80,20,0
684,AB,2012,632.147,81031.4,29794.374,1331.926,138893.206,51417.167,1,73,27,1,72,27
685,SK,2012,1009.388,10867.163,9284.999,865.19,28250.811,13910,5,51,44,2,66,32
686,AB,2012,0,10363.39,0,0,19773.001,0,0,100,0,0,100,0
686,SK,2012,38.123,1225.878,0,130.841,4695.16,0,3,97,0,3,97,0
687,AB,2012,2679,8952.5,0,3965.445,13563.754,0,23,77,0,23,77,0
687,SK,2012,6395.363,71970.636,0,9326.894,72199.109,0,8,92,0,11,89,0
688,AB,2012,0,63110.201,0,0,50026.7,0,0,100,0,0,100,0
689,SK,2012,2571.413,36686.076,0,4317.71,26778.293,0,7,93,0,14,86,0
690,SK,2012,2187.471,25660.933,0,3216.139,32703.864,0,8,92,0,9,91,0
691,SK,2012,17086.128,1524.173,0,5410.5,258.5,0,92,8,0,95,5,0
692,AB,2012,32.008,32842.63,11021.651,157.444,71762.513,35156.426,0,75,25,0,67,33
693,SK,2012,9476.913,106546.086,0,9798.798,26173.2,0,8,92,0,27,73,0
694,SK,2012,38668.521,39942.408,20987.071,9584.219,7671.038,2894.748,39,40,21,48,38,14
695,SK,2012,20739.683,12574.318,0,22958.261,11456.738,0,62,38,0,67,33,0
696,SK,2012,52512.494,81303.459,0,36113.318,36145.682,0,39,61,0,50,50,0
697,SK,2012,0,8383.907,45194.093,0,1758.567,9444.43,0,16,84,0,16,84
698,SK,2012,31238.495,21579.008,0,6791.082,6295.917,0,59,41,0,52,48,0
699,SK,2012,0,23732,0,0,23892.001,0,0,100,0,0,100,0
700,SK,2012,0,10102.982,31367.071,0,5715.794,8613.208,0,24,76,0,40,60
701,SK,2012,51751.993,13565.406,0,36329.702,4269.299,0,79,21,0,89,11,0
702,SK,2012,7277.626,183160.391,17455.983,4285.594,26583.018,1338.386,4,88,8,13,83,4
703,AB,2012,0,62307.871,718.609,0,106840.898,1890.15,0,99,1,0,98,2
704,SK,2012,1101.926,59063.145,20478.227,652.296,21847.588,7462.115,1,73,25,2,73,25
705,SK,2012,0,58452.689,215125.308,0,12411.431,16314.569,0,21,79,0,43,57
706,SK,2012,3517.715,99819.283,0,500.166,24528.832,0,3,97,0,2,98,0
707,SK,2012,13150.176,144269.735,1747.191,13848.627,48060.65,589.718,8,91,1,22,77,1
708,AB,2012,1089.9,54829.043,0,3878.1,116826.9,0,2,98,0,3,97,0
709,MB,2012,4295.485,136474.785,13650.578,1925.506,71564.138,3798.353,3,88,9,2,93,5
709,SK,2012,25276.012,159757.876,11950.111,11503.277,58785.015,2578.713,13,81,6,16,81,4
710,SK,2012,972.096,10128.205,0,1416.532,19619.468,0,9,91,0,7,93,0
711,SK,2012,242.949,15437.002,0,141.998,21544.003,0,2,98,0,1,99,0
714,MB,2012,0,1490,0,0,883,0,0,100,0,0,100,0
714,SK,2012,0,48357.573,5291.876,0,37139.349,2231.652,0,90,10,0,94,6
715,MB,2012,519.903,15519.007,11055.192,1231.28,10002.66,8299.059,2,57,41,6,51,42
715,SK,2012,0,8830.071,2549.929,0,4078.733,964.269,0,78,22,0,81,19
716,MB,2012,3563.65,36819.55,17862.55,4070.999,24094.5,14140.5,6,63,31,10,57,33
717,MB,2012,40448.125,37458.227,11884.147,24920.682,24989.523,4656.796,45,42,13,46,46,9
718,MB,2012,0,1024.7,0,0,7874,0,0,100,0,0,100,0
720,MB,2012,0,0,1067.6,0,0,5081,0,0,100,0,0,100
723,MB,2012,48,15274.25,1529.7,264,89219.999,4577,0,91,9,0,95,5
724,MB,2012,2702.146,22888.097,116438.404,5568.165,21013.926,72655.907,2,16,82,6,21,73
726,MB,2012,35457.951,0,1125.001,69164.692,0,1023.307,97,0,3,99,0,1
727,AB,2012,27298.934,184965.377,135037.479,16002.647,87412.565,46972.386,8,53,39,11,58,31
728,AB,2012,3870.278,192068.723,3771,1930.556,46905.393,483.45,2,96,2,4,95,1
729,AB,2012,30482.294,93852.024,0,23289.321,54484.052,0,25,75,0,30,70,0
729,SK,2012,17900.816,323995.181,0,11955.112,147178.887,0,5,95,0,8,92,0
730,AB,2012,41909.336,375636.82,10408.334,26546.605,197938.575,6641.667,10,88,2,11,86,3
731,AB,2012,18240.059,416689.792,0,15266.841,167451.809,0,4,96,0,8,92,0
732,AB,2012,0,10987.2,0,0,17920.8,0,0,100,0,0,100,0
733,SK,2012,25217.082,124897.899,8661.017,9707.98,65292.498,1884.524,16,79,5,13,85,2
734,SK,2012,23346.46,10944.54,0,18656.278,3269.723,0,68,32,0,85,15,0
735,SK,2012,3498.698,141091.295,0,3463.855,40960.148,0,2,98,0,8,92,0
736,SK,2012,35509.768,198538.912,7155.319,11494.773,49441.536,1177.695,15,82,3,19,80,2
737,AB,2012,20878.2,110880.9,14079.95,11992.5,70354.4,9532.75,14,76,10,13,77,10
738,AB,2012,6553.16,120043.94,0,6284.9,30942.52,0,5,95,0,17,83,0
739,AB,2012,83683.185,8152.2,0,89210.566,8348.4,0,91,9,0,91,9,0
739,SK,2012,28268.744,3662.257,0,26268.928,1394.071,0,89,11,0,95,5,0
740,AB,2012,14416.6,140300.499,0,11156.9,76477.1,0,9,91,0,13,87,0
741,SK,2012,4025.393,143309.384,1227.222,424.646,19413.175,223.178,3,96,1,2,97,1
742,SK,2012,24307.29,11316.71,0,11927.855,781.146,0,68,32,0,94,6,0
743,AB,2012,2064.6,72585.117,0,654.3,39443.152,0,3,97,0,2,98,0
743,SK,2012,3775.697,5150.748,1891.556,1322.549,3426.857,1304.593,35,48,17,22,57,22
744,AB,2012,0,182638.4,14515.2,0,73321.28,2933.12,0,93,7,0,96,4
745,SK,2012,24757.297,666007.724,2896.98,7949.905,128785.031,728.068,4,96,0,6,94,1
746,AB,2012,0,143996.25,0,0,83800.45,0,0,100,0,0,100,0
747,SK,2012,20264.692,39671.306,0,19898.594,10238.405,0,34,66,0,66,34,0
748,SK,2012,5209.043,560231.417,739.536,1968.105,184867.848,147.048,1,99,0,1,99,0
749,SK,2012,12198.397,330332.595,0,7570.084,93570.923,0,4,96,0,7,93,0
750,AB,2012,0,44471.04,9974.56,0,97074.59,24054.61,0,82,18,0,80,20
751,MB,2012,8221.486,33631.866,0,10496.631,19125.369,0,20,80,0,35,65,0
751,SK,2012,12101.91,12897.941,0,7148.046,6596.953,0,48,52,0,52,48,0
752,MB,2012,0,87928.752,1257.247,0,59368.681,777.321,0,99,1,0,99,1
752,SK,2012,10969.202,341469.798,0,6677.008,162712.99,0,3,97,0,4,96,0
753,MB,2012,2481.047,409833.114,5918.84,2008.43,158355.412,3351.16,1,98,1,1,97,2
754,SK,2012,2597.44,143971.163,52817.391,1703.481,38279.446,11497.073,1,72,26,3,74,22
755,SK,2012,2165.759,156639.244,0,635.628,55172.37,0,1,99,0,1,99,0
756,SK,2012,6380.521,273678.481,0,984.096,126923.899,0,2,98,0,1,99,0
757,MB,2012,61632.726,24689.274,1572.65,34304.688,7838.313,0,70,28,2,81,19,0
758,MB,2012,38972.7,107688.244,7885.456,23291.487,41995.847,7902.664,25,70,5,32,57,11
759,MB,2012,4479.844,31766.156,0,2142.9,15195.101,0,12,88,0,12,88,0
760,MB,2012,0,71988.001,0,513.06,31444.94,0,0,100,0,2,98,0
760,SK,2012,3902.139,283326.861,0,3001.715,148648.281,0,1,99,0,2,98,0
761,SK,2012,0,12159.001,1240,0,10499.998,1072,0,91,9,0,91,9
762,SK,2012,21255.01,55991.99,0,14384.586,37675.415,0,28,72,0,28,72,0
763,MB,2012,78665.429,50491.733,4696.837,63149.077,28631.68,5642.244,59,38,4,65,29,6
763,SK,2012,27437.435,15418.565,0,23993.93,2948.069,0,64,36,0,89,11,0
764,MB,2012,0,65688.003,0,1291.669,28732.332,0,0,100,0,4,96,0
765,MB,2012,3063.046,309045.955,0,4555.079,98033.019,303.9,1,99,0,4,95,0
766,MB,2012,951.782,178556.215,0,654.906,45964.095,0,1,99,0,1,99,0
767,SK,2012,3582.279,413929.02,43898.69,752.422,56441.864,6210.714,1,90,10,1,89,10
768,SK,2012,0,37725,0,0,11809.999,0,0,100,0,0,100,0
769,AB,2012,0,85206.95,0,0,78939.35,0,0,100,0,0,100,0
770,SK,2012,64429.133,214353.058,7972.809,24737.859,46086.976,1908.166,22,75,3,34,63,3
771,AB,2012,13200.761,72637.765,195.8,9145.511,52134.763,135,15,84,0,15,85,0
771,SK,2012,0,44384.762,1472.241,300.338,13714.728,523.937,0,97,3,2,94,4
772,SK,2012,11815.176,26798.822,0,10843.093,4600.904,0,31,69,0,70,30,0
773,SK,2012,10650.509,239678.863,27366.631,3570.554,51278.674,7200.774,4,86,10,6,83,12
774,SK,2012,0,62466,0,0,9050.001,0,0,100,0,0,100,0
775,SK,2012,3299.431,68188.569,0,263.047,11671.954,0,5,95,0,2,98,0
776,SK,2012,40044.045,9350.956,0,21565.073,2281.926,0,81,19,0,90,10,0
777,AB,2012,9847.45,2172,0,13172.7,3089.4,0,82,18,0,81,19,0
778,SK,2012,19169.964,8076.038,0,4977.886,2097.114,0,70,30,0,70,30,0
779,AB,2012,0,24782.4,0,0,22173.3,0,0,100,0,0,100,0
780,SK,2012,8055.212,51362.975,258129.817,1157.479,3738.072,17812.447,3,16,81,5,16,78
781,AB,2012,11222.96,54202.602,148439.217,6013.28,14857.058,17641.902,5,25,69,16,39,46
782,SK,2012,14052.78,501271.22,0,8215.838,104796.157,0,3,97,0,7,93,0
783,SK,2012,0,251475.998,0,0,57046.001,0,0,100,0,0,100,0
784,SK,2012,12087.901,71676.683,2095.418,3721.248,15851.007,319.744,14,83,2,19,80,2
785,SK,2012,0,73890.068,5814.932,0,16262.149,844.851,0,93,7,0,95,5
786,AB,2012,0,95851.35,15.2,0,34529.4,20.2,0,100,0,0,100,0
787,AB,2012,0,46044.3,0,0,12425.5,0,0,100,0,0,100,0
788,AB,2012,0,48088.4,14730.6,0,14618.6,3773.4,0,77,23,0,79,21
789,SK,2012,14011.041,122367.59,2611.373,9797.922,23161.88,175.199,10,88,2,30,70,1
790,AB,2012,14223.3,40764.6,0,4229.4,10100.3,0,26,74,0,30,70,0
791,AB,2012,0,187528,0,0,35161,0,0,100,0,0,100,0
792,SK,2012,28209.38,59314.622,578921.999,18793.67,5267.848,62091.484,4,9,87,22,6,72
793,AB,2012,43841.359,346783.4,22497.741,19695.7,116737.075,6079.412,11,84,5,14,82,4
794,SK,2012,0,400933.003,0,0,119141.997,0,0,100,0,0,100,0
795,SK,2012,0,219925.996,0,280.08,67504.921,0,0,100,0,0,100,0
796,SK,2012,11533.92,50606.076,0,9133.378,14798.622,0,19,81,0,38,62,0
797,AB,2012,1733.2,15363.5,48.5,1031.8,8729.88,55,10,90,0,11,89,1
798,AB,2012,29827.1,294549.45,28620.8,17056.1,137644.69,12764.91,8,83,8,10,82,8
799,AB,2012,0,46441,0,0,61623,0,0,100,0,0,100,0
800,AB,2012,0,72680.7,68350.1,0,50176.12,42449.74,0,52,48,0,54,46
801,AB,2012,0,29009.65,2224.35,0,42379.1,3666.9,0,93,7,0,92,8
802,AB,2012,0,56350.3,0,376.74,44598.25,0,0,100,0,1,99,0
803,SK,2012,6887.98,100217.235,52284.779,1394.132,12468.044,5413.828,4,63,33,7,65,28
804,AB,2012,11346.27,30844.78,0,12064.98,25442.42,0,27,73,0,32,68,0
805,AB,2012,4172.459,6558.929,3717.61,1738.578,1884.363,1068.06,29,45,26,37,40,23
805,SK,2012,4449.005,41262.007,23723.99,955.964,6481.512,3196.523,6,59,34,9,61,30
806,AB,2012,1066.4,49450.05,461.65,2548.7,82051.64,429.1,2,97,1,3,96,1
807,SK,2012,0,63596.065,8580.938,0,7108.033,734.966,0,88,12,0,91,9
808,SK,2012,3259.46,105951.867,406360.677,261.498,10974.098,41923.405,1,21,79,0,21,79
809,AB,2012,3176.8,90313.5,0,3749.855,47333.095,0,3,97,0,7,93,0
809,SK,2012,3902.869,100735.308,26524.819,624.277,12645.165,1510.558,3,77,20,4,86,10
810,SK,2012,0,89082.999,0,0,19200.001,0,0,100,0,0,100,0
811,AB,2012,4054.8,4387.742,30976.658,1207.8,1038.91,6764.99,10,11,79,13,12,75
811,SK,2012,0,339.273,904.727,0,57.273,152.727,0,27,73,0,27,73
812,AB,2012,25600.5,18433.39,18696.3,29560.451,19907.65,17347.05,41,29,30,44,30,26
813,SK,2012,2482.706,79507.546,35947.75,1453.799,16660.442,7710.756,2,67,30,6,65,30
814,AB,2012,1122.3,9634.53,0,1024.65,9159.72,0,10,90,0,10,90,0
815,AB,2012,17785.599,13392.112,0,13369.399,10737.107,0,57,43,0,55,45,0
815,SK,2012,20857.112,7782.891,0,3145.222,1564.779,0,73,27,0,67,33,0
816,SK,2012,38123.656,288986.29,23250.059,30348.617,99816.315,5609.065,11,82,7,22,74,4
817,SK,2012,0,82269.726,3266.274,0,11259.654,431.347,0,96,4,0,96,4
818,AB,2012,0,29266.3,0,0,19463.45,0,0,100,0,0,100,0
819,SK,2012,21702.401,6184.599,0,3835.737,1094.264,0,78,22,0,78,22,0
820,SK,2012,739.92,161760.909,749.169,0,38771.001,0,0,99,0,0,100,0
821,AB,2012,1686.262,75194.93,728.203,914.765,32644.678,401.177,2,97,1,3,96,1
821,SK,2012,375.368,141814.632,0,1268.721,53138.28,0,0,100,0,2,98,0
822,SK,2012,5345.033,121022.246,1222.72,1702.999,51870.357,891.644,4,95,1,3,95,2
823,AB,2012,22460.7,113499.8,0,8573.478,36722.02,0,17,83,0,19,81,0
824,SK,2012,20638.849,56021.843,1387.309,8666.137,29337.862,0,26,72,2,23,77,0
825,SK,2012,0,403141.003,0,1112.56,116619.434,0,0,100,0,1,99,0
826,SK,2012,13173.514,552967.237,84989.237,10529.802,154361.598,13316.053,2,85,13,6,87,7
827,SK,2012,23663.922,9704.308,1461.771,24291.079,9641.922,1450.999,68,28,4,69,27,4
828,AB,2012,19002.785,554020.867,0,2900.137,96361.612,0,3,97,0,3,97,0
829,AB,2012,22641.35,11155.05,0,4622.85,2285.75,0,67,33,0,67,33,0
830,SK,2012,12707.886,222320.654,33133.469,7114.392,85864.095,8722.506,5,83,12,7,84,9
831,SK,2012,5263.91,117357.304,1345.788,1521.214,34333.782,0,4,95,1,4,96,0
832,SK,2012,11757.657,230271.307,719.038,7987.843,125953.744,836.406,5,95,0,6,93,1
833,AB,2012,48.5,18168.2,14.55,111.5,5626.6,33.45,0,100,0,2,97,1
833,SK,2012,0,29148.646,18521.356,0,24598.54,16194.458,0,61,39,0,60,40
834,SK,2012,0,54573.019,131182.981,0,13642.435,41976.567,0,29,71,0,25,75
835,SK,2012,0,5449.936,13322.065,0,2133,5214,0,29,71,0,29,71
836,AB,2012,0,8807,0,0,1926,0,0,100,0,0,100,0
837,AB,2012,0,18257,0,0,11923,0,0,100,0,0,100,0
837,SK,2012,0,8294.602,1532.4,0,14404.824,2938.176,0,84,16,0,83,17
838,AB,2012,702.7,2918.301,0,932.4,2728.602,0,19,81,0,25,75,0
838,SK,2012,0,45301.965,1911.038,0,26070.347,2054.466,0,96,4,0,93,7
839,MB,2012,7839.484,70600.112,8639.404,2385.105,26340.521,3264.373,9,81,10,7,82,10
840,MB,2012,31601.313,10550.113,14121.574,27507.103,9172.109,4508.787,56,19,25,67,22,11
841,MB,2012,18983.863,4237.636,0,1833.56,52516.441,0,82,18,0,3,97,0
843,MB,2012,10601.256,4674.745,0,14933.266,8409.734,0,69,31,0,64,36,0
844,MB,2012,8391.085,29900.104,4596.815,7740.735,29211.863,4349.401,20,70,11,19,71,11
846,MB,2012,0,8762.002,0,0,36097.999,0,0,100,0,0,100,0
847,MB,2012,0,26965.1,18114.6,0,11135.701,4421.3,0,60,40,0,72,28
848,MB,2012,657.263,6055.486,0,561.158,5759.843,0,10,90,0,9,91,0
849,MB,2012,9835.666,37684.168,622868.168,5139.231,14907.531,77608.24,1,6,93,5,15,79
850,MB,2012,116850.874,27811.129,0,62903.047,9037.951,0,81,19,0,87,13,0
851,MB,2012,0,41703.316,33425.684,0,7274.867,5405.132,0,56,44,0,57,43
852,MB,2012,39786.289,91076.542,109204.17,7343.944,11476.131,11417.924,17,38,45,24,38,38
853,MB,2012,0,17306.456,31877.544,0,920.144,1694.854,0,35,65,0,35,65
854,MB,2012,5054.125,68308.876,0,2135.75,20799.252,0,7,93,0,9,91,0
855,MB,2012,0,8409,0,0,4888,0,0,100,0,0,100,0
940,BC,2012,38,14,0,324,54,0,73,27,0,86,14,0
943,BC,2012,0,1,0,0,6,0,0,100,0,0,100,0
944,BC,2012,125.844,20.958,0.2,813.985,126.615,2.4,86,14,0,86,13,0
948,BC,2012,0,0,0,3,0,0,,,,100,0,0
950,BC,2012,51.697,455.772,0,177.404,1695.594,0,10,90,0,9,91,0
955,BC,2012,22.058,12.343,36.5,252.414,85.486,445.1,31,17,51,32,11,57
956,BC,2012,1144.733,1055.102,527.673,3780.757,3173.562,982.681,42,39,19,48,40,12
957,BC,2012,112.024,90.817,0,383.779,239.219,0,55,45,0,62,38,0
958,BC,2012,5.642,2.356,0,30.144,10.856,0,71,29,0,74,26,0
959,BC,2012,3683.152,19559.837,471.921,3530.857,21362.143,532.112,16,82,2,14,84,2
960,BC,2012,7,0,0,49,0,0,100,0,0,100,0,0
962,BC,2012,0,14,0,0,69,0,0,100,0,0,100,0
969,BC,2012,0,3.49,0,0,274,0,0,100,0,0,100,0
971,BC,2012,48.45,2.55,0,494.95,33.049,0,95,5,0,94,6,0
972,BC,2012,2332.353,1274.369,2439.081,21666.867,10883.785,18701.344,39,21,40,42,21,36
974,BC,2012,80.08,28,43.92,2174.15,666.25,882.6,53,18,29,58,18,24
975,BC,2012,10,0,0,669,0,0,100,0,0,100,0,0
976,BC,2012,288.732,447.82,0,4043.896,7448.103,0,39,61,0,35,65,0
977,BC,2012,467.815,801.623,0,5643.608,6720.391,0,37,63,0,46,54,0
978,BC,2012,401.732,1107.578,0,5091.293,11549.71,0,27,73,0,31,69,0
979,BC,2012,2549.917,6043.082,0,17772.853,47733.147,0,30,70,0,27,73,0
980,BC,2012,21.75,5.8,1.45,193.5,51.6,12.9,75,20,5,75,20,5
981,BC,2012,0,9,4,12,489,161,0,69,31,2,74,24
982,BC,2012,1619.875,1514.536,1743.789,17102.588,17396.43,24413.982,33,31,36,29,30,41
987,BC,2012,6,6,0,96,112,0,50,50,0,46,54,0
988,BC,2012,367.94,273.06,0,1011.53,498.47,0,57,43,0,67,33,0
990,BC,2012,191.719,31.271,0,594.018,66.977,0,86,14,0,90,10,0
991,BC,2012,92.286,2072.192,522.471,292.534,6832.441,1422.024,3,77,19,3,80,17
992,BC,2012,9.067,24.934,0,24.8,68.2,0,27,73,0,27,73,0
995,BC,2012,48.768,202.231,0,106.443,462.557,0,19,81,0,19,81,0
1001,BC,2012,750.298,571.731,0,3665.258,2774.74,0,57,43,0,57,43,0
1002,BC,2012,275.8,19.2,0,798.2,119.8,0,93,7,0,87,13,0
1003,BC,2012,14,0,0,28,0,0,100,0,0,100,0,0
1004,BC,2012,824.646,1559.673,470.4,2940.643,5852.104,2513.25,29,55,16,26,52,22
1005,BC,2012,2219.498,3588.789,0,10657.949,17166.053,0,38,62,0,38,62,0
1006,BC,2012,3739.792,1873.436,0,18166.905,29244.098,0,67,33,0,38,62,0
1007,BC,2012,2715.264,2242.774,2178.087,3827.903,4002.009,4984.088,38,31,31,30,31,39
1008,BC,2012,1413.082,501.035,375.887,4723.784,2212.064,1283.153,62,22,16,57,27,16
1009,BC,2012,1225.952,299.175,0,2411.467,567.535,0,80,20,0,81,19,0
1010,BC,2012,2228.755,1029.371,0,637.579,469.42,0,68,32,0,58,42,0
1011,BC,2012,641.107,160.872,0,2820.31,582.689,0,80,20,0,83,17,0
1012,BC,2012,303.98,16.018,0,907.725,204.276,0,95,5,0,82,18,0
1013,BC,2012,289.444,143.667,136.889,2128.276,1282.556,1235.166,51,25,24,46,28,27
1015,BC,2012,1102.525,851.472,0,3330.662,2961.338,0,56,44,0,53,47,0
1016,AB,2012,584,680,0,2615,3449,0,46,54,0,43,57,0
1017,BC,2012,142.64,95.36,0,496.44,402.56,0,60,40,0,55,45,0
1018,AB,2012,201.35,8605.3,179.55,464.75,25151.35,297.9,2,96,2,2,97,1
9593,AB,2012,0,11990.2,47960.8,0,4806.4,19225.6,0,20,80,0,20,80
9607,AB,2012,0,0,1850,0,0,779,0,0,100,0,0,100
9609,AB,2012,473.433,5304.147,3110.4,1438.2,6818.15,3336.65,5,60,35,12,59,29
9687,AB,2012,5373.594,112570.736,0,7110.556,111684.446,0,5,95,0,6,94,0
9787,AB,2012,0,73445.27,0,0,22413.39,0,0,100,0,0,100,0
244,AB,2013,0,0,1021,0,0,1234,0,0,100,0,0,100
244,BC,2013,0,17.999,13,0,377,77,0,58,42,0,83,17
252,BC,2013,0,18,0,0,196,0,0,100,0,0,100,0
371,MB,2013,0,0,152,0,0,70,0,0,100,0,0,100
374,ON,2013,9,0,0,184,0,0,100,0,0,100,0,0
375,MB,2013,2122.637,17199.27,43650.503,1727.875,7850.538,13946.247,3,27,69,7,33,59
376,MB,2013,0,16,0,0,27,0,0,100,0,0,100,0
378,ON,2013,162,339,0,369,7373,0,32,68,0,5,95,0
379,MB,2013,951.986,712.416,0,1530.361,1224.639,0,57,43,0,56,44,0
380,MB,2013,1588.002,94.605,1751.693,4028.127,1527.695,2648.178,46,3,51,49,19,32
381,ON,2013,0,2529,0,0,41003,0,0,100,0,0,100,0
383,ON,2013,433.572,3557.431,0,1381,10176,0,11,89,0,12,88,0
386,ON,2013,99,0,0,495,0,0,100,0,0,100,0,0
391,ON,2013,33,0,0,138,0,0,100,0,0,100,0,0
400,ON,2013,0,0,637,0,0,2549,0,0,100,0,0,100
401,ON,2013,133.182,687.909,1778.909,881.331,3439.383,14238.284,5,26,68,5,19,77
401,QC,2013,1033.002,39,12436.23,6459,249,76562.13,8,0,92,8,0,92
402,ON,2013,0,103,0,0,667,0,0,100,0,0,100,0
407,ON,2013,318.687,0,276.313,1570.739,0,663.262,54,0,46,70,0,30
408,ON,2013,0,26082,0,0,31106,0,0,100,0,0,100,0
408,QC,2013,2579.222,746.783,15254.635,2944.133,2667.222,19416.02,14,4,82,12,11,78
409,ON,2013,125,690,0,579,5292,0,15,85,0,10,90,0
410,ON,2013,88.4,345.6,0,194,585,0,20,80,0,25,75,0
411,ON,2013,5301.583,3485.417,0,27046.159,7093.842,0,60,40,0,79,21,0
412,ON,2013,0,264.2,1056.8,0,1837.4,7349.6,0,20,80,0,20,80
413,ON,2013,6038.275,1566.197,374.341,52694.43,7611.608,1566.478,76,20,5,85,12,3
415,QC,2013,918.22,0,0,1432,0,0,100,0,0,100,0,0
418,QC,2013,10922.082,1010.7,741,15510,1902,1931,86,8,6,80,10,10
419,QC,2013,194,0,0,542,0,0,100,0,0,100,0,0
421,QC,2013,1245.66,0,0,3148,0,0,100,0,0,100,0,0
422,QC,2013,73,0,0,315,0,0,100,0,0,100,0,0
423,QC,2013,1114.66,859,0,5290,3776,0,56,44,0,58,42,0
424,QC,2013,2203,1440,1378,3459.001,3542.1,692.9,44,29,27,45,46,9
425,QC,2013,9099.881,3802.299,8173.981,35358.4,22022.631,22877.77,43,18,39,44,27,29
426,QC,2013,3457,610,0,5290,397,0,85,15,0,93,7,0
431,QC,2013,6,0,0,38,0,0,100,0,0,100,0,0
438,QC,2013,442.42,0,0,388,0,0,100,0,0,100,0,0
439,QC,2013,263,0,0,414,0,0,100,0,0,100,0,0
440,QC,2013,411,0,0,751,0,0,100,0,0,100,0,0
441,QC,2013,28722.15,33366.625,4745.881,26690.12,39783.511,4519.07,43,50,7,38,56,6
455,NF,2013,0,0,0,304,0,0,,,,100,0,0
458,NF,2013,59,250.37,0,75,1075.001,0,19,81,0,7,93,0
460,NF,2013,0,17,0,0,54,0,0,100,0,0,100,0
461,NF,2013,0,164.671,0,0,1119,0,0,100,0,0,100,0
462,NF,2013,0,27.001,0,0,84,0,0,100,0,0,100,0
463,NF,2013,0,89,0,0,1000,0,0,100,0,0,100,0
466,NF,2013,25,432.549,0,58,965,0,5,95,0,6,94,0
468,NF,2013,0,29.8,0,0,250,0,0,100,0,0,100,0
471,NF,2013,52,143.04,0,201,513,0,27,73,0,28,72,0
475,NF,2013,0,554.68,0,0,2074,0,0,100,0,0,100,0
477,NF,2013,14.67,0,0,160,0,0,100,0,0,100,0,0
478,QC,2013,748,1228.299,0,2924,3632.1,0,38,62,0,45,55,0
479,QC,2013,5648.038,29339.401,5262.12,12166.73,77053.975,9623.3,14,73,13,12,78,10
481,QC,2013,0,5611,0,0,10208,0,0,100,0,0,100,0
482,QC,2013,18265.46,16772.043,0,71086,63096.403,0,52,48,0,53,47,0
483,QC,2013,13388.35,29020.95,830.7,40628.102,65403.299,1401.6,31,67,2,38,61,1
484,NB,2013,0,114,0,0,304,0,0,100,0,0,100,0
484,QC,2013,299,3190.97,0,1659,7514,0,9,91,0,18,82,0
485,NB,2013,290.533,399.467,0,1129.12,993.881,0,42,58,0,53,47,0
486,NB,2013,750.6,5484.4,0,570.39,4805.61,0,12,88,0,11,89,0
487,NB,2013,292.45,498.549,0,1080.759,2618.242,0,37,63,0,29,71,0
487,QC,2013,21.168,1432.827,0,82.389,3686.613,0,1,99,0,2,98,0
488,NB,2013,23.333,300.667,0,98.667,911.333,0,7,93,0,10,90,0
489,NB,2013,183,1002,0,380,1386,0,15,85,0,22,78,0
490,NB,2013,217,596,0,955.054,970.946,0,27,73,0,50,50,0
493,NB,2013,1654.387,16623.937,1015.678,1572.566,14455.885,657.548,9,86,5,9,87,4
494,NB,2013,0,16994.997,0,0,11003.999,0,0,100,0,0,100,0
495,NB,2013,175,559,0,1126.99,2166.01,0,24,76,0,34,66,0
496,NB,2013,2720.919,407.656,206.428,16327.324,2962.763,1413.914,82,12,6,79,14,7
497,NB,2013,257.75,993.25,0,896.409,2362.591,0,21,79,0,28,72,0
498,NB,2013,333,0,0,1760,0,0,100,0,0,100,0,0
499,NB,2013,626.72,356.33,14.95,1031.161,2482.189,65.65,63,36,1,29,69,2
500,NB,2013,5307.835,144.664,303.5,8214.348,201.753,660.9,92,3,5,90,2,7
501,NB,2013,1615.237,2781.763,0,1274.886,2525.114,0,37,63,0,34,66,0
502,NB,2013,498.128,1062.872,0,1119.261,2598.741,0,32,68,0,30,70,0
503,NB,2013,2171.893,2283.106,25,7535.864,12558.135,117,48,51,1,37,62,1
504,NB,2013,1346,249,0,6351,279,0,84,16,0,96,4,0
504,NS,2013,4665.039,1728.466,0,18570.334,6818.673,0,73,27,0,73,27,0
505,NB,2013,257,817.001,0,874,4183.001,0,24,76,0,17,83,0
506,NB,2013,33,516,0,658.96,1335.04,0,6,94,0,33,67,0
507,NB,2013,178.999,1632,0,1435.999,6402,0,10,90,0,18,82,0
507,NS,2013,3706.855,1946.58,0,6938.61,3815.264,0,66,34,0,65,35,0
508,NB,2013,501.999,0,0,470.001,0,0,100,0,0,100,0,0
509,NS,2013,236.002,1496.999,0,585,3821.999,0,14,86,0,13,87,0
510,NS,2013,88.983,124.666,0,203.083,154.916,0,42,58,0,57,43,0
511,NS,2013,0,103.001,0,0,97.001,0,0,100,0,0,100,0
512,NS,2013,0,3321.521,0,0,3657,0,0,100,0,0,100,0
513,NS,2013,160.421,418.159,0,305.949,1024.048,0,28,72,0,23,77,0
514,NS,2013,22.69,0,0,11,0,0,100,0,0,100,0,0
516,NS,2013,333.888,756.027,0,1472.603,1928.392,0,31,69,0,43,57,0
517,NS,2013,793.573,5121.255,0,2774.913,20539.086,0,13,87,0,12,88,0
518,NS,2013,9268.573,5147.131,0,12801.488,9808.507,0,64,36,0,57,43,0
519,NS,2013,0,360,0,0,760,0,0,100,0,0,100,0
520,NS,2013,12.084,475.918,0,74.583,2003.416,0,2,98,0,4,96,0
521,NS,2013,0,89,0,0,763,0,0,100,0,0,100,0
522,NS,2013,139.547,392.367,0,785.932,3218.067,0,26,74,0,20,80,0
523,NS,2013,213.567,786.065,0,639.712,3488.293,0,21,79,0,15,85,0
524,NS,2013,42,25,0,197,100,0,63,37,0,66,34,0
525,NS,2013,472.778,1896.883,0,1484.469,5944.531,0,20,80,0,20,80,0
527,NS,2013,67.556,950.44,0,206.943,1744.056,0,7,93,0,11,89,0
528,NS,2013,1800.581,1444.194,0,1234.211,1257.786,0,55,45,0,50,50,0
529,NS,2013,0,691.003,0,0,500.002,0,0,100,0,0,100,0
530,NS,2013,44.666,1299.329,0,68,1540.997,0,3,97,0,4,96,0
531,NS,2013,527.007,1627.278,0,590.059,3457.943,0,24,76,0,15,85,0
534,PE,2013,17714.194,5425.805,0,12900.942,3357.058,0,77,23,0,79,21,0
535,PE,2013,17904,0,0,12913,0,0,100,0,0,100,0,0
536,PE,2013,43338.956,2452.041,0,35160.29,2031.708,0,95,5,0,95,5,0
537,PE,2013,19762.556,430.446,0,24319.889,644.112,0,98,2,0,97,3,0
538,PE,2013,6526,0,0,3630,0,0,100,0,0,100,0,0
539,QC,2013,19,229.21,55.98,147,674,219,6,75,18,14,65,21
540,QC,2013,209628.322,108976.288,80697.81,167986.769,58560.778,57859.068,52,27,20,59,21,20
541,ON,2013,0,15410.649,2539.35,1799.701,2529.65,1002.65,0,86,14,34,47,19
541,QC,2013,143361.594,42347.993,272046.829,48146.659,12302.314,73690.029,31,9,59,36,9,55
542,ON,2013,0,969.479,18381.845,2972.561,1969.591,33473.848,0,5,95,8,5,87
543,ON,2013,6331,38780.42,16530.001,7639.45,19799.888,9975.562,10,63,27,20,53,27
543,QC,2013,0,315,1514,0,664,2377.4,0,17,83,0,22,78
544,ON,2013,3655.121,60205.17,15142.911,4325.226,25563.931,6166.845,5,76,19,12,71,17
545,ON,2013,4330.501,14412.922,12702.877,6366.641,7482.396,10237.962,14,46,40,26,31,43
546,ON,2013,0,39504.775,8733.19,0,30042.634,6901.362,0,82,18,0,81,19
546,QC,2013,0,362,0,0,241,0,0,100,0,0,100,0
547,ON,2013,6996.439,24232.21,18557.936,15588.661,25818.996,31262.633,14,49,37,21,36,43
548,QC,2013,371.96,0,0,344,0,0,100,0,0,100,0,0
549,ON,2013,0,625.928,6766.191,0,1207,13782,0,8,92,0,8,92
550,ON,2013,1079.267,3808.471,1438.007,6040.18,32078.77,10117.316,17,60,23,13,67,21
551,ON,2013,31637.02,67762.103,52094.274,40127.874,45928.436,60896.691,21,45,34,27,31,41
552,ON,2013,30795.395,5121.323,0,67214.485,24202.275,0,86,14,0,74,26,0
553,ON,2013,62428.948,100533.927,19721.978,54090.836,67022.438,15351.579,34,55,11,40,49,11
554,ON,2013,17741.981,3983.199,0,37580.372,4802.628,0,82,18,0,89,11,0
555,ON,2013,10691.193,7139.796,18492.442,14394.15,21572.296,27636.731,29,20,51,23,34,43
556,ON,2013,25278.693,108987.483,2212.301,36217.782,85390.905,1807.313,19,80,2,29,69,1
557,ON,2013,10577.27,280272.569,0,3597.797,81125.205,0,4,96,0,4,96,0
558,ON,2013,17694.318,222603.533,1073.348,13611.131,82567.594,107.272,7,92,0,14,86,0
559,ON,2013,0,310.4,0,0,0,0,0,100,0,,,
560,ON,2013,24343.278,60559.785,0,11615.297,22925.705,0,29,71,0,34,66,0
561,ON,2013,575.588,18593.392,2194.667,210,8127.334,968.667,3,87,10,2,87,10
562,ON,2013,0,20988.999,10664.001,0,10820.89,5465.111,0,66,34,0,66,34
563,ON,2013,0,114,0,0,69,0,0,100,0,0,100,0
564,ON,2013,11165.768,63794.27,23253.482,10468.863,20332.38,10550.623,11,65,24,25,49,26
565,ON,2013,90853.819,208136.874,85463.308,13693.57,39060.639,12770.795,24,54,22,21,60,19
566,ON,2013,174,10872.85,7792.75,55.75,3112.3,2523.75,1,58,41,1,55,44
567,ON,2013,7077.222,161594.266,19980.51,1677.5,37176.083,4721.421,4,86,11,4,85,11
568,ON,2013,76074.132,8797.97,287.9,13250.299,1559.6,48.1,89,10,0,89,10,0
569,ON,2013,3405.794,25279.41,86654.793,846.023,8226.14,33782.839,3,22,75,2,19,79
570,ON,2013,10806.149,216901.766,53473.484,1021.632,26359.185,5971.182,4,77,19,3,79,18
571,ON,2013,9510.112,1948.667,2598.222,1605.556,278.334,371.111,68,14,18,71,12,16
572,ON,2013,3236.868,15312.57,3232.424,459.156,1817.845,781,15,70,15,15,59,26
581,BC,2013,70.8,2264.08,0,189.2,5931,0,3,97,0,3,97,0
583,AB,2013,0,21.052,29.947,0,120.736,173.263,0,41,59,0,41,59
583,BC,2013,0,1986.322,386.018,0,9038.889,2500.111,0,84,16,0,78,22
584,AB,2013,0,0,821,0,0,1780,0,0,100,0,0,100
585,BC,2013,680.277,18659.237,1.062,1965.5,62404.686,0.812,4,96,0,3,97,0
586,AB,2013,6794.13,74892.637,32169.132,4841.118,22534.668,14676.214,6,66,28,12,54,35
587,AB,2013,21530.23,1343.7,0,7159.64,481.8,0,94,6,0,94,6,0
588,AB,2013,4014.867,10351.926,90504.797,3070.326,5674.278,40412.596,4,10,86,6,12,82
589,AB,2013,669.181,2174.839,0,390.118,1267.882,0,24,76,0,24,76,0
590,AB,2013,0,19835.766,37603.614,0,13137.996,41497.004,0,35,65,0,24,76
591,AB,2013,243.8,2484.835,114115.338,234.6,1344,83987.999,0,2,98,0,2,98
591,BC,2013,12287.042,62857.771,16816.552,33543.178,142198.627,24506.059,13,68,18,17,71,12
592,AB,2013,701.947,18628.066,108467.449,1350,21658.894,60537.104,1,15,85,2,26,72
593,AB,2013,0,6660.059,83587.941,0,2740.235,37265.764,0,7,93,0,7,93
594,AB,2013,0,0,44358,0,0,46139,0,0,100,0,0,100
595,AB,2013,0,4083.765,92372.235,0,653.882,12081.118,0,4,96,0,5,95
596,AB,2013,8636.188,46321.537,51914.766,2973.665,13880.006,17620.928,8,43,49,9,40,51
597,AB,2013,1180,12784.6,24422,1566,21072,24814.001,3,33,64,3,44,52
598,AB,2013,0,1065.4,66458.6,0,1152.2,64716.801,0,2,98,0,2,98
599,AB,2013,0,3564,58723,0,4906,34820,0,6,94,0,12,88
600,AB,2013,989.619,140.706,917.334,3056.173,496.294,3363.333,48,7,45,44,7,49
609,AB,2013,0,0,335,0,0,398,0,0,100,0,0,100
610,AB,2013,701.28,9146.544,23427.807,858.486,15634.06,44663.454,2,27,70,1,26,73
610,BC,2013,0,0,0,0,0.999,0,,,,0,100,0
611,AB,2013,138,942.75,3521.25,182,951.6,3196.4,3,20,77,4,22,74
612,AB,2013,0,4493.498,1013.162,0,11438.808,3245.192,0,82,18,0,78,22
615,AB,2013,3158.253,12204,0,5701.064,18067.235,0,21,79,0,24,76,0
616,AB,2013,13105.01,2811.75,0,8830.392,5140.607,0,82,18,0,63,37,0
617,AB,2013,1493.714,3965.286,1094,2201.142,6281.857,1887,23,61,17,21,61,18
618,AB,2013,873.522,7931.776,526.06,1272.19,6999.173,1160.25,9,85,6,13,74,12
618,BC,2013,283.415,3758.937,748.911,1272.101,15829.016,4656.884,6,78,16,6,73,21
619,AB,2013,0,420,0,0,785,0,0,100,0,0,100,0
622,AB,2013,2761.463,9547.5,0,5134.747,17509.254,0,22,78,0,23,77,0
623,AB,2013,3121.991,16008.596,3187.154,8619.48,42886.051,11591.47,14,72,14,14,68,18
625,AB,2013,45.666,91.333,0,93.666,187.333,0,33,67,0,33,67,0
626,AB,2013,0,1162.001,0,0,3777,0,0,100,0,0,100,0
629,AB,2013,179.7,2413.478,582.465,639.7,7976.105,1697.944,6,76,18,6,77,16
630,AB,2013,62.625,3819.381,51.333,286.375,20420.068,183.556,2,97,1,1,98,1
631,AB,2013,0,1176.5,115.5,0,4226,438,0,91,9,0,91,9
647,SK,2013,1123.205,199.795,0,1344.071,185.929,0,85,15,0,88,12,0
650,AB,2013,290.773,3214.743,360.234,769.333,8572.665,1028,8,83,9,7,83,10
652,SK,2013,25.307,196.693,0,60.852,473.149,0,11,89,0,11,89,0
657,SK,2013,168.113,2881.386,0,604.724,5270.276,0,6,94,0,10,90,0
658,SK,2013,1206.88,614.07,0,628.662,319.338,0,66,34,0,66,34,0
660,SK,2013,667.189,8344.564,0,973.317,13133.682,0,7,93,0,7,93,0
661,SK,2013,74.259,6253.74,0,41.574,3402.426,0,1,99,0,1,99,0
662,SK,2013,55.2,220.8,0,30.8,123.2,0,20,80,0,20,80,0
667,MB,2013,0,206,0,0,353,0,0,100,0,0,100,0
669,MB,2013,0,15682.849,0,0,11328.001,0,0,100,0,0,100,0
669,SK,2013,0,0,959,0,0,267,0,0,100,0,0,100
672,SK,2013,5927.829,4904.335,362.387,3952.416,2408.244,173.339,53,44,3,60,37,3
677,MB,2013,0,0,3643,0,0,4294,0,0,100,0,0,100
678,AB,2013,5403.786,108476.61,5412.568,6410.723,133222.548,5883,5,91,5,4,92,4
679,AB,2013,0,13976.77,0,0,28300,0,0,100,0,0,100,0
680,AB,2013,3774.78,62301.658,0,6878.12,99940.001,0,6,94,0,6,94,0
680,SK,2013,699.203,13809.746,0,3066.831,30894.17,0,5,95,0,9,91,0
681,AB,2013,2786.788,93080.753,24164.41,2335.294,37593.056,9961.44,2,78,20,5,75,20
682,SK,2013,2782.578,3924.606,2040.666,5847.233,8604.735,3298.035,32,45,23,33,48,19
683,AB,2013,47952.77,20143,0,28201,6881,0,70,30,0,80,20,0
684,AB,2013,673.997,83033.427,30898.395,1298.658,136873.139,50316.203,1,72,27,1,73,27
685,SK,2013,1020.234,11701.313,9517.001,849.123,27782.878,13836.001,5,53,43,2,65,33
686,AB,2013,0,11349.391,0,0,18981,0,0,100,0,0,100,0
686,SK,2013,42.565,1341.435,0,129.977,4657.024,0,3,97,0,3,97,0
687,AB,2013,2772,9503.9,0,3880.944,13077.554,0,23,77,0,23,77,0
687,SK,2013,6654.622,74515.381,0,9162.911,70034.088,0,8,92,0,12,88,0
688,AB,2013,0,63893.3,0,0,48808.899,0,0,100,0,0,100,0
689,SK,2013,2620.733,37282.767,0,4310.931,26264.069,0,7,93,0,14,86,0
690,SK,2013,2166.407,26338.996,0,3253.665,32491.335,0,8,92,0,9,91,0
691,SK,2013,17161.632,1540.669,0,5391.623,243.374,0,92,8,0,96,4,0
692,AB,2013,36.33,33745.643,11639.279,149.257,70822.107,34492.363,0,74,26,0,67,33
693,SK,2013,10395.591,108382.406,0,9424.276,25046.726,0,9,91,0,27,73,0
694,SK,2013,38609.126,40377.721,21148.149,9675.161,7411.662,2821.178,39,40,21,49,37,14
695,SK,2013,21597.181,12702.818,0,22229.674,11226.326,0,63,37,0,66,34,0
696,SK,2013,52950.384,83000.558,0,35378.631,34973.374,0,39,61,0,50,50,0
697,SK,2013,0,8414.282,45348.718,0,1771.442,9519.557,0,16,84,0,16,84
698,SK,2013,31751.626,21937.876,0,6446.456,6068.539,0,59,41,0,52,48,0
699,SK,2013,0,25562.999,0,0,22963,0,0,100,0,0,100,0
700,SK,2013,0,10436.66,31888.39,0,5551.426,8303.576,0,25,75,0,40,60
701,SK,2013,52835.19,13683.21,0,34965.208,4246.794,0,79,21,0,89,11,0
702,SK,2013,7607.122,184869.691,17633.186,3983.09,26233.029,1198.884,4,88,8,13,84,4
703,AB,2013,0,64876.772,754.309,0,103369.299,1846.35,0,99,1,0,98,2
704,SK,2013,1125.23,60769.666,21123.404,635.764,20775.286,7049.952,1,73,25,2,73,25
705,SK,2013,0,59648.994,217207.006,0,13130.498,14427.501,0,22,78,0,48,52
706,SK,2013,3552.699,102032.305,0,485.026,23353.979,0,3,97,0,2,98,0
707,SK,2013,13991.236,148293.499,1802.369,13456.001,46236.549,553.452,9,90,1,22,77,1
708,AB,2013,1222.2,54606.043,0,3757.5,115091.299,0,2,98,0,3,97,0
709,MB,2013,4353.056,138232.77,13757.025,1940.188,70497.778,3723.032,3,88,9,3,93,5
709,SK,2013,26119.482,165309.866,12191.65,11129.42,55213.739,2422.853,13,81,6,16,80,4
710,SK,2013,984.652,10477.65,0,1383.554,19194.445,0,9,91,0,7,93,0
711,SK,2013,252.435,16018.519,0,135.9,21119.099,0,2,98,0,1,99,0
714,MB,2013,0,1518,0,0,891,0,0,100,0,0,100,0
714,SK,2013,0,50146.188,5522.265,0,35702.198,2080.803,0,90,10,0,94,6
715,MB,2013,526.412,15778.618,11160.07,1212,9819.561,8326.44,2,57,41,6,51,43
715,SK,2013,0,9001.746,2616.255,0,4002.87,938.131,0,77,23,0,81,19
716,MB,2013,3619.649,37241.05,18202.05,4041.999,23882,13976,6,63,31,10,57,33
717,MB,2013,41576.955,38712.408,12167.138,24184.088,24111.22,4412.693,45,42,13,46,46,8
718,MB,2013,0,1279.7,0,0,7765,0,0,100,0,0,100,0
720,MB,2013,0,0,1136.6,0,0,5211,0,0,100,0,0,100
723,MB,2013,47,16848.249,1787.7,277,89303.998,4406,0,90,10,0,95,5
724,MB,2013,2777.728,23758.506,119884.417,5576.82,20589.123,70524.055,2,16,82,6,21,73
726,MB,2013,38080.644,0,1189.306,67438.413,0,988.588,97,0,3,99,0,1
727,AB,2013,27366.287,188143.668,136196.6,15837.118,83698.581,45477.855,8,53,39,11,58,31
728,AB,2013,3813.889,192911.752,3787.059,1963.056,45940.051,467.391,2,96,2,4,95,1
729,AB,2013,30806.957,94742.908,0,22875.458,53107.23,0,25,75,0,30,70,0
729,SK,2013,18298.739,328065.263,0,11662.969,143965.034,0,5,95,0,7,93,0
730,AB,2013,42325.282,380743.118,10610.833,25958.016,192664.424,6383.611,10,88,2,12,86,3
731,AB,2013,18567.759,420910.642,0,14910.441,163602.839,0,4,96,0,8,92,0
732,AB,2013,0,11689.2,0,0,17202.6,0,0,100,0,0,100,0
733,SK,2013,25462.462,128695.47,8776.066,9496.862,63172.002,1834.13,16,79,5,13,85,2
734,SK,2013,24305.918,11271.083,0,18182.815,3149.186,0,68,32,0,85,15,0
735,SK,2013,3534.384,143879.61,0,3627.82,39262.179,0,2,98,0,8,92,0
736,SK,2013,35843.44,200526.463,7137.095,11147.453,47635.315,1175.233,15,82,3,19,79,2
737,AB,2013,21169.9,111990.901,14586.65,11637.7,68887.55,9018.2,14,76,10,13,77,10
738,AB,2013,6820.91,121549.47,0,6014.6,29708.3,0,5,95,0,17,83,0
739,AB,2013,85571.883,8388,0,87198.22,8128.8,0,91,9,0,91,9,0
739,SK,2013,29273.971,3693.027,0,25580.139,1385.862,0,89,11,0,95,5,0
740,AB,2013,14390.2,142375.8,0,11089.5,74236.5,0,9,91,0,13,87,0
741,SK,2013,4078.465,144901.033,1258.508,411.54,19080.405,208.057,3,96,1,2,97,1
742,SK,2013,24855.618,11458.384,0,11567.426,644.573,0,68,32,0,95,5,0
743,AB,2013,2078.1,72996.04,0,636.3,38908.765,0,3,97,0,2,98,0
743,SK,2013,3798.081,5285.697,1950.222,1295.456,3328.025,1262.52,34,48,18,22,57,21
744,AB,2013,0,183624.1,14628.8,0,72132.54,2817.76,0,93,7,0,96,4
745,SK,2013,24940.602,676926.732,2995.669,7776.737,121551.366,664.892,4,96,0,6,94,1
746,AB,2013,0,143968.7,0,0,81973.6,0,0,100,0,0,100,0
747,SK,2013,20788.024,40485.976,0,19160.44,9535.564,0,34,66,0,67,33,0
748,SK,2013,5235.561,568180.055,768.391,1933.058,180690.627,133.313,1,99,0,1,99,0
749,SK,2013,12458.919,338478.079,0,7450.606,88333.396,0,4,96,0,8,92,0
750,AB,2013,0,45865.55,10163.85,0,95082.1,23627.5,0,82,18,0,80,20
751,MB,2013,8868.623,34595.73,0,10120,18451.002,0,20,80,0,35,65,0
751,SK,2013,12351.778,13107.075,0,6987.839,6481.162,0,49,51,0,52,48,0
752,MB,2013,0,89961.178,1293.82,0,57675.516,745.486,0,99,1,0,99,1
752,SK,2013,11393.239,349075.761,0,6444.769,157402.23,0,3,97,0,4,96,0
753,MB,2013,2609.685,418000.824,5989.494,1911.046,151851.445,3280.506,1,98,1,1,97,2
754,SK,2013,2642.51,145845.299,53213.188,1735.267,37199.187,11419.549,1,72,26,3,74,23
755,SK,2013,2211.061,160188.941,0,596.452,52466.549,0,1,99,0,1,99,0
756,SK,2013,6437.083,282609.918,0,941.675,121306.326,0,2,98,0,1,99,0
757,MB,2013,62635.881,25052.116,1572.65,33351.556,7512.443,0,70,28,2,82,18,0
758,MB,2013,39936.389,111132.737,8091.272,22496.181,39158.165,7839.331,25,70,5,32,56,11
759,MB,2013,4554.866,32298.135,0,2086.787,14797.213,0,12,88,0,12,88,0
760,MB,2013,0,73887,0,693.362,29960.638,0,0,100,0,2,98,0
760,SK,2013,4053.369,291601.633,0,2902.466,143805.53,0,1,99,0,2,98,0
761,SK,2013,0,12695.003,1436,0,10190.999,1044,0,90,10,0,91,9
762,SK,2013,22343.111,58158.894,0,13586.349,36123.654,0,28,72,0,27,73,0
763,MB,2013,82263.437,52174.106,5162.457,60341.46,27620.829,5392.712,59,37,4,65,30,6
763,SK,2013,28396.434,15418.565,0,23170.137,3027.863,0,65,35,0,88,12,0
764,MB,2013,0,66342.004,0,1242.567,27998.433,0,0,100,0,4,96,0
765,MB,2013,3161.723,316163.279,0,4541.281,92347.247,240.471,1,99,0,5,95,0
766,MB,2013,954.537,181014.456,0,637.563,43462.438,0,1,99,0,1,99,0
767,SK,2013,3616.702,417982.532,44161.765,743.782,54943.628,6195.588,1,90,9,1,89,10
768,SK,2013,0,38491.998,0,0,11281.998,0,0,100,0,0,100,0
769,AB,2013,0,86077.2,0,0,78160.4,0,0,100,0,0,100,0
770,SK,2013,65736.314,217167.995,8110.688,24054.834,44676.741,1828.427,23,75,3,34,63,3
771,AB,2013,13225.445,72567.386,195.2,9127.8,52284.617,136.2,15,84,0,15,85,0
771,SK,2013,0,44271.877,1463.127,324.378,14082.059,542.563,0,97,3,2,94,4
772,SK,2013,12093.724,27430.276,0,10774.522,4039.481,0,31,69,0,73,27,0
773,SK,2013,10736.035,241861.704,27660.263,3556.651,50563.637,7101.714,4,86,10,6,83,12
774,SK,2013,0,62829.001,0,0,9058,0,0,100,0,0,100,0
775,SK,2013,3307.848,68930.149,0,263.226,11418.773,0,5,95,0,2,98,0
776,SK,2013,41134.275,9497.728,0,20639.668,2168.332,0,81,19,0,90,10,0
777,AB,2013,10033.9,2214,0,13015.6,3053.25,0,82,18,0,81,19,0
778,SK,2013,19534.421,8229.579,0,4749.923,2001.076,0,70,30,0,70,30,0
779,AB,2013,0,25473.6,0,0,21511.8,0,0,100,0,0,100,0
780,SK,2013,8146.04,51620.031,259685.933,1182.246,3818.483,18263.271,3,16,81,5,16,79
781,AB,2013,11479.44,54276.311,148845.868,5768.56,14818.116,17290.605,5,25,69,15,39,46
782,SK,2013,14581.153,507624.852,0,7919.371,101805.629,0,3,97,0,7,93,0
783,SK,2013,0,253543.004,0,0,56625,0,0,100,0,0,100,0
784,SK,2013,12040.958,71787.095,2114.945,3856.99,16252.557,314.455,14,84,2,19,80,2
785,SK,2013,0,74231.938,5797.061,0,16471.734,884.266,0,93,7,0,95,5
786,AB,2013,0,94908.05,16.6,0,35539.15,18.8,0,100,0,0,100,0
787,AB,2013,0,45998,0,0,12513.6,0,0,100,0,0,100,0
788,AB,2013,0,48514,14835,0,14200,3672,0,77,23,0,79,21
789,SK,2013,14394.158,124251.044,2635.801,9717.657,22001.57,150.771,10,88,2,30,69,0
790,AB,2013,14404.6,41238.601,0,4050.9,9642.1,0,26,74,0,30,70,0
791,AB,2013,0,187863,0,0,34850,0,0,100,0,0,100,0
792,SK,2013,29132.148,59440.403,585703.454,18360.751,5347.055,60534.197,4,9,87,22,6,72
793,AB,2013,44237.05,348983.269,22796.283,19351.59,114619.34,5767.388,11,84,5,14,82,4
794,SK,2013,0,407788.997,0,0,114879.999,0,0,100,0,0,100,0
795,SK,2013,0,222661,0,371.28,66308.72,0,0,100,0,1,99,0
796,SK,2013,11901.697,51096.299,0,8973.238,14561.761,0,19,81,0,38,62,0
797,AB,2013,1734.6,15436,52,1036.7,8685.475,52,10,90,0,11,89,1
798,AB,2013,29912.4,294970.3,28545.4,16409.3,133483.94,12423.61,8,83,8,10,82,8
799,AB,2013,0,46813,0,0,61413,0,0,100,0,0,100,0
800,AB,2013,0,72206,67293.15,0,49835.32,43338.14,0,52,48,0,53,47
801,AB,2013,0,27358.45,2150.55,0,43257.95,3730.05,0,93,7,0,92,8
802,AB,2013,0,57382.2,0,381.24,43802.6,0,0,100,0,1,99,0
803,SK,2013,6891.414,101113.331,52682.258,1439.635,12233.204,5371.162,4,63,33,8,64,28
804,AB,2013,11585.93,31613.02,0,11832.56,24696.34,0,27,73,0,32,68,0
805,AB,2013,4149.499,6507.844,3688.658,1764.887,1936.502,1097.612,29,45,26,37,40,23
805,SK,2013,4466.006,41591.131,23972.862,979.469,6428.196,3079.335,6,59,34,9,61,29
806,AB,2013,1117,50805.1,458.5,2509,80795.04,433.3,2,97,1,3,96,1
807,SK,2013,0,64222.672,8650.33,0,6940.418,714.579,0,88,12,0,91,9
808,SK,2013,3284.447,107206.096,410722.463,258.913,10460.621,40445.463,1,21,79,1,20,79
809,AB,2013,3148.2,90192.3,0,3782.055,47494.595,0,3,97,0,7,93,0
809,SK,2013,3931.17,102574.77,26713.058,631.587,11524.808,1401.601,3,77,20,5,85,10
810,SK,2013,0,89855.999,0,0,19104.999,0,0,100,0,0,100,0
811,AB,2013,4157.4,4410.574,30690.125,1106.4,1016.678,7057.523,11,11,78,12,11,77
811,SK,2013,0,336.819,898.182,0,61.636,164.364,0,27,73,0,27,73
812,AB,2013,26381.875,19451.515,19362.95,28818.85,18909.65,16704.9,40,30,30,45,29,26
813,SK,2013,2507.213,79565.258,35778.527,1476.435,17272.142,8140.429,2,68,30,5,64,30
814,AB,2013,1119.15,9915.33,0,1029.15,8892.44,0,10,90,0,10,90,0
815,AB,2013,17703.599,13323.26,0,13466.801,10836.762,0,57,43,0,55,45,0
815,SK,2013,20946.946,7812.056,0,3180.851,1590.149,0,73,27,0,67,33,0
816,SK,2013,38686.09,293847.498,23781.407,30320.767,96984.058,5164.176,11,82,7,23,73,4
817,SK,2013,0,83100.147,3303.853,0,10908.704,413.295,0,96,4,0,96,4
818,AB,2013,0,29356.05,0,0,19421.75,0,0,100,0,0,100,0
819,SK,2013,21954.638,6256.362,0,3707.531,1057.468,0,78,22,0,78,22,0
820,SK,2013,739.92,162821.911,749.169,0,38801,0,0,99,0,0,100,0
821,AB,2013,1682.049,74807.86,713.863,920.979,33072.234,416.566,2,97,1,3,96,1
821,SK,2013,389.087,142821.912,0,1262.659,53020.342,0,0,100,0,2,98,0
822,SK,2013,5358.034,123200.775,1252.192,1742,50632.416,872.586,4,95,1,3,95,2
823,AB,2013,23227.445,116046.555,0,7822.944,34240.054,0,17,83,0,19,81,0
824,SK,2013,20851.436,56935.256,1387.309,8645.514,28811.486,0,26,72,2,23,77,0
825,SK,2013,0,409175,0,1142.67,113319.335,0,0,100,0,1,99,0
826,SK,2013,13411.694,558370.951,85943.349,10471.642,152800.528,12789.271,2,85,13,6,87,7
827,SK,2013,23642.841,9710.391,1495.772,24520.347,9728.653,1426.001,68,28,4,69,27,4
828,AB,2013,19003.486,556700.769,0,2909.179,93990.724,0,3,97,0,3,97,0
829,AB,2013,22848,11256.6,0,4426.9,2194.9,0,67,33,0,67,33,0
830,SK,2013,12893.239,225426.22,33415.545,7060.006,84383.826,8665.173,5,83,12,7,84,9
831,SK,2013,5333.888,119065.321,1345.788,1491.729,33534.27,0,4,95,1,4,96,0
832,SK,2013,12204.298,233846.254,742.447,7655.751,123998.378,818.871,5,95,0,6,94,1
833,AB,2013,52.5,18254.2,15.75,111,5568.6,33.3,0,100,0,2,97,1
833,SK,2013,0,29248.992,18627.012,0,24717.934,16215.067,0,61,39,0,60,40
834,SK,2013,0,54839.497,131893.501,0,13641.589,42006.411,0,29,71,0,25,75
835,SK,2013,0,5477.807,13390.194,0,2137.354,5224.644,0,29,71,0,29,71
836,AB,2013,0,8740,0,0,1997,0,0,100,0,0,100,0
837,AB,2013,0,18121,0,0,12085,0,0,100,0,0,100,0
837,SK,2013,0,8507.901,1589.1,0,14296.176,2898.825,0,84,16,0,83,17
838,AB,2013,670.7,2871.301,0,964.4,2794.6,0,19,81,0,26,74,0
838,SK,2013,0,46156.446,1957.557,0,25648.696,2038.485,0,96,4,0,93,7
839,MB,2013,7852.132,70154.694,8580.175,2367.4,26429.269,3277.331,9,81,10,7,82,10
840,MB,2013,33710.187,10674.522,13985.29,26539.517,9330.699,4624.787,58,18,24,66,23,11
841,MB,2013,19040.546,5831.953,0,1799.654,51609.346,0,77,23,0,3,97,0
843,MB,2013,10801.478,4985.522,0,14803.365,8235.634,0,68,32,0,64,36,0
844,MB,2013,8586.196,30350.417,4704.386,7573.028,28712.672,4269.302,20,70,11,19,71,11
846,MB,2013,0,10305.999,0,0,35378.999,0,0,100,0,0,100,0
847,MB,2013,0,27972.399,18804.3,0,10356.251,4051.75,0,60,40,0,72,28
848,MB,2013,687.368,6331.382,0,520.421,5369.579,0,10,90,0,9,91,0
849,MB,2013,10229.5,38595.333,625754.166,4772.131,14310.019,74297.851,2,6,93,5,15,80
850,MB,2013,120059.407,28676.596,0,60459.121,8229.88,0,81,19,0,88,12,0
851,MB,2013,0,41873.664,33586.335,0,6984.785,5210.215,0,55,45,0,57,43
852,MB,2013,40155.688,91830.086,109889.23,7033.086,10760.843,10897.071,17,38,45,25,38,38
853,MB,2013,0,17315.604,31894.397,0,916.978,1689.023,0,35,65,0,35,65
854,MB,2013,5173.25,69181.749,0,2035.25,19990.751,0,7,93,0,9,91,0
855,MB,2013,0,9066,0,0,4538,0,0,100,0,0,100,0
940,BC,2013,38,14,0,324,53,0,73,27,0,86,14,0
943,BC,2013,0,1,0,0,6,0,0,100,0,0,100,0
944,BC,2013,126.336,23.362,0.3,816.783,124.916,2.3,84,16,0,87,13,0
948,BC,2013,1,0,0,3,0,0,100,0,0,100,0,0
950,BC,2013,51.7,488.774,0,177.905,1696.097,0,10,90,0,9,91,0
955,BC,2013,21.228,10.371,35.3,252.386,85.314,442.3,32,16,53,32,11,57
956,BC,2013,1162.972,1083.589,529.946,3726.048,3110.019,963.931,42,39,19,48,40,12
957,BC,2013,113.853,91.984,0,376.162,232.836,0,55,45,0,62,38,0
958,BC,2013,7.288,2.714,0,29.321,10.678,0,73,27,0,73,27,0
959,BC,2013,3728.259,19995.011,482.791,3429.574,20635.389,505.785,15,83,2,14,84,2
960,BC,2013,7,0,0,45,0,0,100,0,0,100,0,0
962,BC,2013,0,14,0,0,69,0,0,100,0,0,100,0
969,BC,2013,0,2.49,0,0,275,0,0,100,0,0,100,0
971,BC,2013,39.9,2.1,0,503.5,34.499,0,95,5,0,94,6,0
972,BC,2013,2564.585,1309.051,2422.175,21267.162,10750.847,18539.995,41,21,38,42,21,37
974,BC,2013,86.24,31,50.76,2155.724,657.517,874.76,51,18,30,58,18,24
975,BC,2013,16,0,0,652,0,0,100,0,0,100,0,0
976,BC,2013,279.642,487.917,0,3991.556,7287.443,0,36,64,0,35,65,0
977,BC,2013,481.867,854.573,0,5547.042,6546.962,0,36,64,0,46,54,0
978,BC,2013,426.171,1004.136,0,4980.214,11521.788,0,30,70,0,30,70,0
979,BC,2013,2524.368,5815.629,0,17434.458,46973.544,0,30,70,0,27,73,0
980,BC,2013,21,5.6,1.4,191.25,51,12.75,75,20,5,75,20,5
981,BC,2013,0,11,6,11,492,157,0,65,35,2,75,24
982,BC,2013,1590.987,1661.461,1810.759,16943.77,17054.179,24108.051,31,33,36,29,29,41
987,BC,2013,8,10,0,92,106,0,44,56,0,46,54,0
988,BC,2013,357.97,262.03,0,1018.925,506.075,0,58,42,0,67,33,0
990,BC,2013,188.235,30.761,0,586.476,67.529,0,86,14,0,90,10,0
991,BC,2013,99.011,2272.79,499.147,279.882,6624.647,1413.471,3,79,17,3,80,17
992,BC,2013,7.2,19.8,0,26.4,72.6,0,27,73,0,27,73,0
995,BC,2013,44.797,186.204,0,108.183,469.815,0,19,81,0,19,81,0
1001,BC,2013,830.513,638.518,0,3438.997,2599.005,0,57,43,0,57,43,0
1002,BC,2013,257,18,0,807.1,120.9,0,93,7,0,87,13,0
1003,BC,2013,7,0,0,34,0,0,100,0,0,100,0,0
1004,BC,2013,779.537,1675.609,500.85,2895.812,5588.639,2440.55,26,57,17,27,51,22
1005,BC,2013,2339.822,3825.473,0,10447.713,16809.286,0,38,62,0,38,62,0
1006,BC,2013,3663.969,1878.265,0,17829.475,28499.524,0,66,34,0,38,62,0
1007,BC,2013,2789.607,2382.166,2255.356,3660.524,3743.688,4818.787,38,32,30,30,31,39
1008,BC,2013,1420.205,520.425,407.37,4614.219,2169.609,1247.172,60,22,17,57,27,16
1009,BC,2013,1189.553,285.084,0,2432.976,582.024,0,81,19,0,81,19,0
1010,BC,2013,2200.824,1014.208,0,632.463,468.537,0,68,32,0,57,43,0
1011,BC,2013,616.944,119.034,0,2831.577,623.424,0,84,16,0,82,18,0
1012,BC,2013,293.763,14.235,0,899.982,204.019,0,95,5,0,82,18,0
1013,BC,2013,281.389,140,132.611,2108.555,1266.555,1218.889,51,25,24,46,28,27
1015,BC,2013,1070.612,835.39,0,3341.677,2969.321,0,56,44,0,53,47,0
1016,AB,2013,676.5,773.5,0,2525,3358,0,47,53,0,43,57,0
1017,BC,2013,104.799,67.2,0,534.64,431.36,0,61,39,0,55,45,0
1018,AB,2013,217.25,8867.1,176.25,448.15,24430.1,298.35,2,96,2,2,97,1
9593,AB,2013,0,12348,49392,0,4502.6,18010.4,0,20,80,0,20,80
9607,AB,2013,0,0,2190,0,0,936,0,0,100,0,0,100
9609,AB,2013,458.133,5661.797,3286.05,1457.75,6517.3,3220.95,5,60,35,13,58,29
9687,AB,2013,6078.594,117295.435,0,6326.666,106941.033,0,5,95,0,6,94,0
9787,AB,2013,0,74236.41,0,0,21649.38,0,0,100,0,0,100,0
244,AB,2014,0,0,1088,0,0,1176,0,0,100,0,0,100
244,BC,2014,0,18.999,13,0,379.999,76,0,59,41,0,83,17
252,BC,2014,0,22,0,0,191,0,0,100,0,0,100,0
371,MB,2014,0,0,157,0,0,66,0,0,100,0,0,100
374,ON,2014,10,0,0,180,0,0,100,0,0,100,0,0
375,MB,2014,2142.138,17746.815,44882.107,1669.251,7382.401,13004.358,3,27,69,8,33,59
376,MB,2014,0,19,0,0,26,0,0,100,0,0,100,0
378,ON,2014,216,336,0,309,7339,0,39,61,0,4,96,0
379,MB,2014,1121.536,885.865,0,1395.349,1100.653,0,56,44,0,56,44,0
380,MB,2014,1830.252,116.222,2047.826,3854.8,1497.575,2464.626,46,3,51,49,19,32
381,ON,2014,0,2915,0,0,40524,0,0,100,0,0,100,0
383,ON,2014,396,3621.002,0,1394.286,10012.715,0,10,90,0,12,88,0
386,ON,2014,92,0,0,472,0,0,100,0,0,100,0,0
391,ON,2014,22,0,0,137,0,0,100,0,0,100,0,0
400,ON,2014,0,0,687,0,0,2507,0,0,100,0,0,100
401,ON,2014,169.379,731.196,2110.427,867.26,3379.998,13994.739,6,24,70,5,19,77
401,QC,2014,1132.001,41,13155.231,6371,243,75093.129,8,0,92,8,0,92
402,ON,2014,0,84,0,0,675,0,0,100,0,0,100,0
407,ON,2014,324.466,0,263.532,1566.847,0,649.153,55,0,45,71,0,29
408,ON,2014,0,26731,0,0,30621,0,0,100,0,0,100,0
408,QC,2014,2654.122,760.784,15805.634,2841.856,2592.778,18815.241,14,4,82,12,11,78
409,ON,2014,153,737.001,0,554,5152,0,17,83,0,10,90,0
410,ON,2014,83.7,357.3,0,190.8,556.2,0,19,81,0,26,74,0
411,ON,2014,5539.607,3646.393,0,26559.982,6872.021,0,60,40,0,79,21,0
412,ON,2014,0,275.4,1101.6,0,1816.6,7266.4,0,20,80,0,20,80
413,ON,2014,6167.714,1702.436,402.182,52107.052,7443.982,1534.376,75,21,5,85,12,3
415,QC,2014,937.22,0,0,1386,0,0,100,0,0,100,0,0
418,QC,2014,10968.079,1014.7,682.998,15206,1845,1949.999,87,8,5,80,10,10
419,QC,2014,224,0,0,505,0,0,100,0,0,100,0,0
421,QC,2014,1296.66,0,0,3090,0,0,100,0,0,100,0,0
422,QC,2014,75,0,0,308,0,0,100,0,0,100,0,0
423,QC,2014,1170.66,863,0,5093,3722,0,58,42,0,58,42,0
424,QC,2014,2352.001,1494.999,1426,3276,3458.101,644.9,45,28,27,44,47,9
425,QC,2014,9127.18,4039,8591.981,34780.599,21608.43,22355.77,42,19,39,44,27,28
426,QC,2014,3618,597,0,5012,397,0,86,14,0,93,7,0
431,QC,2014,6,0,0,38,0,0,100,0,0,100,0,0
438,QC,2014,410.42,0,0,325,0,0,100,0,0,100,0,0
439,QC,2014,285,0,0,388,0,0,100,0,0,100,0,0
440,QC,2014,436,0,0,724,0,0,100,0,0,100,0,0
441,QC,2014,29621.55,34269.152,4873.356,25918.319,38513.615,4363.964,43,50,7,38,56,6
455,NF,2014,0,0,0,308,0,0,,,,100,0,0
458,NF,2014,54,263.37,0,77,1059,0,17,83,0,7,93,0
460,NF,2014,0,18,0,0,52,0,0,100,0,0,100,0
461,NF,2014,0,146.669,0,0,1147.001,0,0,100,0,0,100,0
462,NF,2014,0,28,0,0,81,0,0,100,0,0,100,0
463,NF,2014,0,62,0,0,1010,0,0,100,0,0,100,0
466,NF,2014,25,420.551,0,58,974.999,0,6,94,0,6,94,0
468,NF,2014,0,34.8,0,0,245,0,0,100,0,0,100,0
471,NF,2014,50,136.041,0,204,503,0,27,73,0,29,71,0
475,NF,2014,0,529.68,0,0,2056.001,0,0,100,0,0,100,0
477,NF,2014,13.67,0,0,159,0,0,100,0,0,100,0,0
478,QC,2014,748,1270.499,0,2828,3562.1,0,37,63,0,44,56,0
479,QC,2014,5688.897,29683.541,5447.12,11956.635,75957.264,9343.1,14,73,13,12,78,10
481,QC,2014,0,5629,0,0,10071,0,0,100,0,0,100,0
482,QC,2014,19107.46,17467.341,0,69612,61813.198,0,52,48,0,53,47,0
483,QC,2014,13841.623,30484.074,874.3,39939.875,63681.525,1348.601,31,67,2,38,61,1
484,NB,2014,0,126,0,0,302,0,0,100,0,0,100,0
484,QC,2014,298,3177.97,0,1638,7428,0,9,91,0,18,82,0
485,NB,2014,291.066,453.934,0,1117.432,939.568,0,39,61,0,54,46,0
486,NB,2014,768.8,5491.2,0,547.39,4648.61,0,12,88,0,11,89,0
487,NB,2014,291.967,509.032,0,1068.566,2578.436,0,36,64,0,29,71,0
487,QC,2014,25.898,1466.101,0,80.152,3649.846,0,2,98,0,2,98,0
488,NB,2014,20.666,278.334,0,99.333,933.667,0,7,93,0,10,90,0
489,NB,2014,187,991,0,365,1373,0,16,84,0,21,79,0
490,NB,2014,218,594,0,912.487,932.513,0,27,73,0,49,51,0
493,NB,2014,1657.562,16189.407,980.033,1546.56,14377.054,671.387,9,86,5,9,87,4
494,NB,2014,0,16993.998,0,0,10836.999,0,0,100,0,0,100,0
495,NB,2014,162.75,560.25,0,1112.24,2159.76,0,23,77,0,34,66,0
496,NB,2014,2809.219,394.669,200.114,16064.873,2935.013,1390.114,83,12,6,79,14,7
497,NB,2014,256.5,1001.5,0,882.25,2315.749,0,20,80,0,28,72,0
498,NB,2014,380,0,0,1699,0,0,100,0,0,100,0,0
499,NB,2014,654.679,351.72,15.6,998.321,2482.33,64.35,64,34,2,28,70,2
500,NB,2014,5423.374,146.725,331.9,7987.252,196.148,622.6,92,2,6,91,2,7
501,NB,2014,1745.828,2859.172,0,1233.954,2473.045,0,38,62,0,33,67,0
502,NB,2014,533.476,1100.524,0,1081.87,2547.129,0,33,67,0,30,70,0
503,NB,2014,2321.431,2332.571,26,7341.291,12373.71,116,50,50,1,37,62,1
504,NB,2014,1315,248,0,6371,257,0,84,16,0,96,4,0
504,NS,2014,4686.313,1735.181,0,18204.796,6665.211,0,73,27,0,73,27,0
505,NB,2014,257,852.999,0,845,4149,0,23,77,0,17,83,0
506,NB,2014,32,535,0,648.96,1333.04,0,6,94,0,33,67,0
507,NB,2014,190.999,1691,0,1367,6232.001,0,10,90,0,18,82,0
507,NS,2014,3709.892,1920.534,0,6798.956,3750.796,0,66,34,0,64,36,0
508,NB,2014,474.998,0,0,480.999,0,0,100,0,0,100,0,0
509,NS,2014,224.002,1467,0,576,3712.999,0,13,87,0,13,87,0
510,NS,2014,83.983,124.666,0,197.833,152.166,0,40,60,0,57,43,0
511,NS,2014,0,108.002,0,0,99,0,0,100,0,0,100,0
512,NS,2014,0,3527.517,0,0,3464.004,0,0,100,0,0,100,0
513,NS,2014,153.689,392.894,0,311.182,1036.815,0,28,72,0,23,77,0
514,NS,2014,23.69,0,0,9,0,0,100,0,0,100,0,0
516,NS,2014,300.171,760.742,0,1420.321,1853.679,0,28,72,0,43,57,0
517,NS,2014,787.863,5142.967,0,2725.715,20128.284,0,13,87,0,12,88,0
518,NS,2014,8882.286,4950.414,0,12597.441,9566.56,0,64,36,0,57,43,0
519,NS,2014,0,344,0,0,769,0,0,100,0,0,100,0
520,NS,2014,11.666,462.331,0,73.083,1959.917,0,2,98,0,4,96,0
521,NS,2014,0,88,0,0,765,0,0,100,0,0,100,0
522,NS,2014,130.349,382.568,0,775.119,3171.88,0,25,75,0,20,80,0
523,NS,2014,205.222,791.412,0,633.757,3440.243,0,21,79,0,16,84,0
524,NS,2014,42,26,0,195,100,0,62,38,0,66,34,0
525,NS,2014,464.397,1881.262,0,1429.706,5835.291,0,20,80,0,20,80,0
527,NS,2014,62.429,898.572,0,209.667,1736.33,0,6,94,0,11,89,0
528,NS,2014,1738.627,1415.155,0,1229.382,1225.616,0,55,45,0,50,50,0
529,NS,2014,0,686.999,0,0,532.998,0,0,100,0,0,100,0
530,NS,2014,36.666,1249.332,0,64.667,1543.336,0,3,97,0,4,96,0
531,NS,2014,508.15,1578.129,0,584.748,3307.257,0,24,76,0,15,85,0
534,PE,2014,17533.382,5418.619,0,12984.6,3344.4,0,76,24,0,80,20,0
535,PE,2014,17800,0,0,12826,0,0,100,0,0,100,0,0
536,PE,2014,43435.249,2435.75,0,34740.666,2035.333,0,95,5,0,94,6,0
537,PE,2014,19528.666,434.332,0,24430.11,639.888,0,98,2,0,97,3,0
538,PE,2014,6544,0,0,3547,0,0,100,0,0,100,0,0
539,QC,2014,19,256.21,62.98,139,607,204,6,76,19,15,64,21
540,QC,2014,213741.812,110852.993,82361.612,162744.606,56280.599,55870.402,53,27,20,59,20,20
541,ON,2014,0,15495.1,2550.9,1841.961,2461.889,997.15,0,86,14,35,46,19
541,QC,2014,144586.286,42670.903,273475.227,46336.084,11830.243,71048.669,31,9,59,36,9,55
542,ON,2014,0,1011.114,19191.206,2925.56,1912.575,32528.866,0,5,95,8,5,87
543,ON,2014,6613,39716.139,17371.82,7466.041,18878.202,9129.745,10,62,27,21,53,26
543,QC,2014,0,332,1566,0,645,2317.4,0,17,83,0,22,78
544,ON,2014,3801.023,61444.093,15430.084,4242.401,24351.835,5887.766,5,76,19,12,71,17
545,ON,2014,4574.588,14800.516,13085.192,6086.493,7022.16,9750.348,14,46,40,27,31,43
546,ON,2014,0,40847.737,9063.223,0,28827.201,6603.794,0,82,18,0,81,19
546,QC,2014,0,365,0,0,235,0,0,100,0,0,100,0
547,ON,2014,7118.423,25256.208,19976.949,15293.658,24787.38,29813.255,14,48,38,22,35,43
548,QC,2014,378.96,0,0,327,0,0,100,0,0,100,0,0
549,ON,2014,0,662.277,7169.845,0,1167.826,13340.172,0,8,92,0,8,92
550,ON,2014,1111.673,4204.838,1664.567,5837.724,31415.283,9699.923,16,60,24,12,67,21
551,ON,2014,32655.573,69025.182,54311.648,38388.048,44391.11,58540.841,21,44,35,27,31,41
552,ON,2014,32534.646,5597.505,0,65252.604,23546.799,0,85,15,0,73,27,0
553,ON,2014,63352.271,101496.239,19979.126,52316.164,65108.303,14877.318,34,55,11,40,49,11
554,ON,2014,18438.828,4059.352,0,36540.269,4651.73,0,82,18,0,89,11,0
555,ON,2014,11309.387,7720.916,19659.264,13714.539,20919.516,26168.798,29,20,51,23,34,43
556,ON,2014,25967.331,111537.724,2294.426,35066.157,82693.905,1722.937,19,80,2,29,69,1
557,ON,2014,10600.779,281517.064,0,3564.042,79634.959,0,4,96,0,4,96,0
558,ON,2014,17844.341,225184.358,1084.5,13403.857,79839.022,96.12,7,92,0,14,86,0
559,ON,2014,0,310.4,0,0,0,0,0,100,0,,,
560,ON,2014,24213.157,60840.904,0,11485.246,22450.752,0,28,72,0,34,66,0
561,ON,2014,569.338,18607.919,2197.889,199.062,7963.646,950.667,3,87,10,2,87,10
562,ON,2014,0,20460.889,10547.111,0,10402.333,5428.667,0,66,34,0,66,34
563,ON,2014,0,104,0,0,76,0,0,100,0,0,100,0
564,ON,2014,11175.113,63961.029,23726.377,10088.71,19629.167,9940.987,11,65,24,25,49,25
565,ON,2014,90828.451,208400.739,85588.81,13619.911,38373.705,12521.386,24,54,22,21,59,19
566,ON,2014,172.5,10851.602,7837.9,52.25,2989.75,2389.4,1,58,42,1,55,44
567,ON,2014,7112.777,162068.35,20041.875,1626.667,36503.027,4626.306,4,86,11,4,85,11
568,ON,2014,75643.343,8761.058,284.6,13300.31,1543.193,49.5,89,10,0,89,10,0
569,ON,2014,3360.968,25462.172,87666.86,819.134,7732.984,31805.881,3,22,75,2,19,79
570,ON,2014,10764.403,216619.645,53486.353,1028.289,25726.306,5821.406,4,77,19,3,79,18
571,ON,2014,9495.556,1946.334,2595.111,1573.666,277,369.333,68,14,18,71,12,17
572,ON,2014,3218.629,15301.557,3225.676,444.541,1758.935,750.524,15,70,15,15,60,25
581,BC,2014,75.6,2375.08,0,179.2,5623,0,3,97,0,3,97,0
583,AB,2014,0,21.052,29.947,0,120.736,173.263,0,41,59,0,41,59
583,BC,2014,0,2129.768,396.573,0,8742.889,2464.111,0,84,16,0,78,22
584,AB,2014,0,0,889,0,0,1717,0,0,100,0,0,100
585,BC,2014,797.723,17667.73,1.125,1827.556,62595.693,0.75,4,96,0,3,97,0
586,AB,2014,6881.424,77996.129,33757.346,4827.942,21938.859,14644.2,6,66,28,12,53,35
587,AB,2014,21692.93,1373.25,0,7194.339,471,0,94,6,0,94,6,0
588,AB,2014,4174.557,10659.555,92937.276,2989.135,5506.942,38480.823,4,10,86,6,12,82
589,AB,2014,693.887,2255.133,0,394.588,1282.412,0,24,76,0,24,76,0
590,AB,2014,0,20716.043,40381.337,0,12249.756,39078.244,0,34,66,0,24,76
591,AB,2014,239.9,2487.335,113887.834,237,1336.5,83792.5,0,2,98,0,2,98
591,BC,2014,11833.84,64089.624,16719.419,33580.971,138175.513,24059.763,13,69,18,17,71,12
592,AB,2014,715.712,18819.19,111362.558,1341.882,21612.516,58130.603,1,14,85,2,27,72
593,AB,2014,0,6626.941,85000.058,0,2798.882,36051.119,0,7,93,0,7,93
594,AB,2014,0,0,45750.999,0,0,45219.001,0,0,100,0,0,100
595,AB,2014,0,4178.824,93951.176,0,585.412,10814.589,0,4,96,0,5,95
596,AB,2014,9151.917,48152.661,54174.412,2575.323,12241.83,15392.947,8,43,49,9,41,51
597,AB,2014,1252.6,13123.799,26130.999,1517.5,20839.201,23531.001,3,32,65,3,45,51
598,AB,2014,0,1102.5,67170.5,0,1129.1,64178.902,0,2,98,0,2,98
599,AB,2014,0,3762,60429.001,0,4695,33331,0,6,94,0,12,88
600,AB,2014,1045.926,143,949.333,2989.368,494.764,3312.667,49,7,44,44,7,49
609,AB,2014,0,0,336,0,0,403,0,0,100,0,0,100
610,AB,2014,751.256,9323.866,24532.507,815.693,15489.328,43896.982,2,27,71,1,26,73
610,BC,2014,0,0,0,0,0.999,0,,,,0,100,0
611,AB,2014,134.25,923.25,3432.5,178,972.45,3353.55,3,21,76,4,22,74
612,AB,2014,0,4755.787,1048.874,0,11188.722,3227.278,0,82,18,0,78,22
615,AB,2014,3335.12,12846.179,0,5519.704,17500.496,0,21,79,0,24,76,0
616,AB,2014,13452.083,3079.679,0,8589.108,4872.893,0,81,19,0,64,36,0
617,AB,2014,1534.856,4095.643,1099.5,2170.286,6190.714,1894,23,61,16,21,60,18
618,AB,2014,905.599,8162.304,535.31,1228.085,6817.333,1158,9,85,6,13,74,13
618,BC,2014,256.789,3585.504,515.969,1282.564,15901.999,4876.437,6,82,12,6,72,22
619,AB,2014,0,466,0,0,762,0,0,100,0,0,100,0
622,AB,2014,2863.025,9822.936,0,5050.278,17284.72,0,23,77,0,23,77,0
623,AB,2014,3342.175,16818.03,3338.532,8483.149,42014.339,11352.509,14,72,14,14,68,18
625,AB,2014,49.667,99.334,0,91,182,0,33,67,0,33,67,0
626,AB,2014,0,1298.001,0,0,3675.001,0,0,100,0,0,100,0
629,AB,2014,178.3,2494.147,679.242,645.3,7911.499,1625,5,74,20,6,78,16
630,AB,2014,69.875,4508.575,54.888,278.5,19631.166,179.333,2,97,1,1,98,1
631,AB,2014,0,1232.6,119.4,0,4209.9,437.1,0,91,9,0,91,9
647,SK,2014,1036.339,207.661,0,1442.566,198.434,0,83,17,0,88,12,0
650,AB,2014,319.94,3751.262,446.55,729.667,8009.071,945.263,7,83,10,8,83,10
652,SK,2014,26.104,202.897,0,60.418,469.582,0,11,89,0,11,89,0
657,SK,2014,170.023,3001.477,0,606.31,5248.69,0,5,95,0,10,90,0
658,SK,2014,1281.97,651.98,0,605.274,307.726,0,66,34,0,66,34,0
660,SK,2014,687.988,8620.76,0,955.35,12905.651,0,7,93,0,7,93,0
661,SK,2014,77.413,6527.588,0,38.707,3156.294,0,1,99,0,1,99,0
662,SK,2014,59,236,0,29,116,0,20,80,0,20,80,0
667,MB,2014,0,235,0,0,349,0,0,100,0,0,100,0
669,MB,2014,0,16145.85,0,0,10947,0,0,100,0,0,100,0
669,SK,2014,0,0,966,0,0,265,0,0,100,0,0,100
672,SK,2014,6286.501,5143.089,380.961,3750.396,2295.704,163.903,53,44,3,60,37,3
677,MB,2014,0,0,3697,0,0,4108,0,0,100,0,0,100
678,AB,2014,5627.396,112675.962,5595.216,6198.209,129328.256,5738.294,5,91,5,4,92,4
679,AB,2014,0,14728.77,0,0,27620,0,0,100,0,0,100,0
680,AB,2014,3959.27,63342.659,0,6704.41,98542.999,0,6,94,0,6,94,0
680,SK,2014,745.91,14125.041,0,3036.873,30627.124,0,5,95,0,9,91,0
681,AB,2014,2925.612,94284.929,24137.41,2201.177,36049.174,9978.44,2,78,20,5,75,21
682,SK,2014,2869.915,4072.397,2086.536,5910.412,8684.22,3259.37,32,45,23,33,49,18
683,AB,2014,49540.77,20267,0,26573,6532.999,0,71,29,0,80,20,0
684,AB,2014,716.21,85045.315,32029.694,1265.076,134840.952,49188.771,1,72,27,1,73,27
685,SK,2014,1031.882,12542.669,9753,833.458,27313.542,13761,4,54,42,2,65,33
686,AB,2014,0,12146.389,0,0,18375,0,0,100,0,0,100,0
686,SK,2014,47.068,1458.93,0,129.114,4617.887,0,3,97,0,3,97,0
687,AB,2014,2817.444,9932.755,0,3843.111,12709.689,0,22,78,0,23,77,0
687,SK,2014,6915.962,77090.04,0,8998.011,67853.99,0,8,92,0,12,88,0
688,AB,2014,0,64727.899,0,0,47542.7,0,0,100,0,0,100,0
689,SK,2014,2670.387,37889.112,0,4304.199,25748.806,0,7,93,0,14,86,0
690,SK,2014,2144.233,27023.164,0,3290.765,32278.234,0,7,93,0,9,91,0
691,SK,2014,17236.911,1557.389,0,5373.972,228.027,0,92,8,0,96,4,0
692,AB,2014,41.142,34472.241,12346.819,140.884,70057.755,33737.966,0,74,26,0,67,32
693,SK,2014,11327.607,110244.392,0,9044.877,23907.127,0,9,91,0,27,73,0
694,SK,2014,38546.493,40815.507,21310.001,9767.031,7151.36,2747.609,38,41,21,50,36,14
695,SK,2014,22467.181,12833.818,0,21492.967,10999.032,0,64,36,0,66,34,0
696,SK,2014,53395.744,84716.208,0,34639.42,33793.583,0,39,61,0,51,49,0
697,SK,2014,0,8444.833,45504.165,0,1784.959,9598.041,0,16,84,0,16,84
698,SK,2014,32274.419,22305.084,0,6100.035,5838.968,0,59,41,0,51,49,0
699,SK,2014,0,27413,0,0,22024.001,0,0,100,0,0,100,0
700,SK,2014,0,10775.795,32418.255,0,5385.829,7992.171,0,25,75,0,40,60
701,SK,2014,53935.39,13802.013,0,33590.635,4224.369,0,80,20,0,89,11,0
702,SK,2014,7938.999,186605.812,17812.19,3679.708,25886.211,1049.081,4,88,8,12,85,3
703,AB,2014,0,67251.321,779.359,0,100103.901,1813.2,0,99,1,0,98,2
704,SK,2014,1148.755,62504.162,21779.387,618.769,19688.379,6632.85,1,73,25,2,73,25
705,SK,2014,0,60860.138,219310.862,0,13896.695,12485.303,0,22,78,0,53,47
706,SK,2014,3588.199,104269.802,0,469.363,22169.637,0,3,97,0,2,98,0
707,SK,2014,14843.488,152364.35,1858.264,13056.779,44396.4,516.826,9,90,1,23,77,1
708,AB,2014,1332.9,54152.095,0,3656.7,113604.55,0,2,98,0,3,97,0
709,MB,2014,4403.524,139968.57,13837.755,1960.902,69451.172,3672.93,3,88,9,3,92,5
709,SK,2014,26972.434,170923.327,12435.253,10755.87,51605.848,2265.274,13,81,6,17,80,4
710,SK,2014,996.957,10830.342,0,1348.49,18768.511,0,8,92,0,7,93,0
711,SK,2014,262.033,16606.917,0,129.746,20691.255,0,2,98,0,1,99,0
714,MB,2014,0,1545,0,0,900,0,0,100,0,0,100,0
714,SK,2014,0,51962.141,5756.308,0,34246.961,1929.039,0,90,10,0,95,5
715,MB,2014,543.435,16055.934,11260.731,1184.262,9626.555,8357.185,2,58,40,6,50,44
715,SK,2014,0,9175.576,2683.424,0,3926.007,911.993,0,77,23,0,81,19
716,MB,2014,3677.65,37664.55,18537.55,4011.999,23670.5,13812.5,6,63,31,10,57,33
717,MB,2014,42765.421,40038.554,12452.522,23382.967,23164.235,4166.796,45,42,13,46,46,8
718,MB,2014,0,1499.7,0,0,7695,0,0,100,0,0,100,0
720,MB,2014,0,0,1201.6,0,0,5338,0,0,100,0,0,100
723,MB,2014,46,18798.248,2056.7,290,89023.002,4222,0,90,10,0,95,5
724,MB,2014,2850.776,24613.666,123280.202,5586.22,20165.164,68398.621,2,16,82,6,21,73
726,MB,2014,40760.902,0,1255.045,65659.186,0,951.813,97,0,3,99,0,1
727,AB,2014,27532.816,191304.099,137353.124,15573,79999.645,43986.693,8,54,39,11,57,32
728,AB,2014,3759.722,193580.958,3803.47,1994.167,45150.554,450.979,2,96,2,4,95,1
729,AB,2014,30937.854,95592.918,0,22658.563,51776.947,0,24,76,0,30,70,0
729,SK,2014,18700.883,332179.11,0,11370.018,140727.978,0,5,95,0,7,93,0
730,AB,2014,42754.188,386348.754,10821.111,25357.371,186884.277,6117.778,10,88,2,12,86,3
731,AB,2014,18557.123,426247.698,0,14892.376,158632.823,0,4,96,0,9,91,0
732,AB,2014,0,12381.3,0,0,16492.5,0,0,100,0,0,100,0
733,SK,2014,25710.776,132531.204,8893.016,9283.441,61031.822,1783.736,15,79,5,13,85,2
734,SK,2014,25277.008,11600.989,0,17741.995,2993.002,0,69,31,0,86,14,0
735,SK,2014,3570.453,146705.54,0,3795.526,37545.476,0,2,98,0,9,91,0
736,SK,2014,36178.85,202535.283,7118.872,10797.998,45818.231,1172.77,15,82,3,19,79,2
737,AB,2014,21461,113108.601,15092.2,11282.7,67414.149,8504.7,14,76,10,13,77,10
738,AB,2014,7095.46,122573.25,0,5738.35,28956.04,0,5,95,0,17,83,0
739,AB,2014,86115.735,8502.3,0,86529.722,8030.7,0,91,9,0,92,8,0
739,SK,2014,30291.783,3724.221,0,24882.498,1377.501,0,89,11,0,95,5,0
740,AB,2014,14367.1,144020.501,0,11019.1,72420.801,0,9,91,0,13,87,0
741,SK,2014,4131.956,146513.995,1290.055,398.279,18741.042,192.674,3,96,1,2,97,1
742,SK,2014,25412.708,11602.293,0,11206.012,505.99,0,69,31,0,96,4,0
743,AB,2014,2091.6,74473.817,0,618.3,37303.723,0,3,97,0,2,98,0
743,SK,2014,3821.325,5422.603,2010.074,1268.366,3228.486,1220.149,34,48,18,22,56,21
744,AB,2014,0,184610.71,14741.44,0,70942.87,2703.68,0,93,7,0,96,4
745,SK,2014,25126.307,687952.273,3095.423,7602.949,114268.743,601.315,4,96,0,6,93,0
746,AB,2014,0,143992.45,0,0,80110.65,0,0,100,0,0,100,0
747,SK,2014,21426.158,41202.842,0,18313.929,8933.071,0,34,66,0,67,33,0
748,SK,2014,5263.03,576241.426,797.548,1897.695,176476.848,119.458,1,99,0,1,99,0
749,SK,2014,13010.924,346453.083,0,7041.718,83332.285,0,4,96,0,8,92,0
750,AB,2014,0,47241.76,10191.24,0,93106.48,23362.72,0,82,18,0,80,20
751,MB,2014,9516.204,35485.153,0,9740.401,17850.599,0,21,79,0,35,65,0
751,SK,2014,12604.056,13318.795,0,6826.859,6362.141,0,49,51,0,52,48,0
752,MB,2014,0,92028.212,1330.787,0,55951.745,713.255,0,99,1,0,99,1
752,SK,2014,11822.707,356801.29,0,6188.897,152077.105,0,3,97,0,4,96,0
753,MB,2014,2749.475,426118.539,6078.985,1802.514,145400.474,3191.015,1,98,1,1,97,2
754,SK,2014,2687.759,147722.004,53607.238,1766.99,36115.711,11343.301,1,72,26,4,73,23
755,SK,2014,2256.564,163763.437,0,556.949,49747.05,0,1,99,0,1,99,0
756,SK,2014,6493.644,291660.352,0,899.254,115645.744,0,2,98,0,1,99,0
757,MB,2014,63774.663,25396.336,1572.65,32292.247,7205.752,0,70,28,2,82,18,0
758,MB,2014,40833.559,114451.115,8300.728,21746.697,36421.515,7769.867,25,70,5,33,55,12
759,MB,2014,4631.617,32842.383,0,2029.685,14392.314,0,12,88,0,12,88,0
760,MB,2014,0,75767,0,868.514,28483.486,0,0,100,0,3,97,0
760,SK,2014,4206.329,299941.669,0,2802.542,138938.459,0,1,99,0,2,98,0
761,SK,2014,0,13237,1634,0,9879,1016,0,89,11,0,91,9
762,SK,2014,23440.606,60350.399,0,12782.491,34561.511,0,28,72,0,27,73,0
763,MB,2014,85973.342,53842.497,5628.164,57410.567,26603.324,5137.109,59,37,4,64,30,6
763,SK,2014,29359.434,15418.565,0,22343.603,3108.399,0,66,34,0,88,12,0
764,MB,2014,0,67021.999,0,1198.437,27276.564,0,0,100,0,4,96,0
765,MB,2014,3259.424,322688.575,0,4528.534,87236.996,186.471,1,99,0,5,95,0
766,MB,2014,956.092,183291.911,0,621.891,41179.106,0,1,99,0,1,99,0
767,SK,2014,3651.289,422071.218,44428.491,735.115,53443.337,6180.549,1,90,9,1,89,10
768,SK,2014,0,39271,0,0,10752.999,0,0,100,0,0,100,0
769,AB,2014,0,86958.1,0,0,77369,0,0,100,0,0,100,0
770,SK,2014,67033.991,219963.469,8247.542,23371.22,43260.414,1748.363,23,75,3,34,63,3
771,AB,2014,13249.571,72507.665,194.6,9109.139,52427.471,137.2,15,84,0,15,85,0
771,SK,2014,0,44164.818,1454.184,348.42,14454.219,561.361,0,97,3,2,94,4
772,SK,2014,12377.152,28072.85,0,10715.326,3469.671,0,31,69,0,76,24,0
773,SK,2014,10821.733,244060.641,27950.625,3542.749,49856.655,6996.594,4,86,10,6,83,12
774,SK,2014,0,63197,0,0,9065.995,0,0,100,0,0,100,0
775,SK,2014,3316.267,69666.732,0,263.578,11164.423,0,5,95,0,2,98,0
776,SK,2014,42232.622,9645.375,0,19712.811,2054.187,0,81,19,0,91,9,0
777,AB,2014,10222,2257.05,0,12856.15,3016.8,0,82,18,0,81,19,0
778,SK,2014,19900.989,8384.01,0,4521.257,1904.743,0,70,30,0,70,30,0
779,AB,2014,0,26169.3,0,0,20845.8,0,0,100,0,0,100,0
780,SK,2014,8227.979,51853.563,261078.455,1208.013,3899.407,18718.582,3,16,81,5,16,79
781,AB,2014,11734.8,54353.778,149251.521,5524.96,14775.164,16938.955,5,25,69,15,40,45
782,SK,2014,15104.707,513904.29,0,7622.725,98809.276,0,3,97,0,7,93,0
783,SK,2014,0,255611.002,0,0,56208.002,0,0,100,0,0,100,0
784,SK,2014,11992.88,71890.057,2134.064,3993.591,16657.833,309.574,14,84,2,19,79,1
785,SK,2014,0,74562.544,5778.455,0,16684.318,923.68,0,93,7,0,95,5
786,AB,2014,0,93975.35,18.1,0,36535.45,17.4,0,100,0,0,100,0
787,AB,2014,0,45952.8,0,0,12600.2,0,0,100,0,0,100,0
788,AB,2014,0,48934.4,14937.6,0,13784.8,3571.2,0,77,23,0,79,21
789,SK,2014,14768.073,126078.997,2658.929,9627.543,20840.814,127.643,10,88,2,31,68,0
790,AB,2014,14584.5,41710,0,3874.5,9185.9,0,26,74,0,30,70,0
791,AB,2014,0,188195,0,0,34544,0,0,100,0,0,100,0
792,SK,2014,30032.255,59552.152,592194.583,17927.059,5428.12,58975.822,4,9,87,22,7,72
793,AB,2014,44629.289,351165.537,23093.377,19010.281,112515.238,5458.412,11,84,6,14,82,4
794,SK,2014,0,414692.999,0,0,110616.998,0,0,100,0,0,100,0
795,SK,2014,0,225359,0,461.88,65118.12,0,0,100,0,1,99,0
796,SK,2014,12274.304,51589.695,0,8764.229,14320.754,0,19,81,0,38,62,0
797,AB,2014,1735.3,15509,55,1041.6,8639.171,49,10,90,0,11,89,1
798,AB,2014,29937.8,296610.8,28789.15,15828.4,128132.94,11767.21,8,83,8,10,82,8
799,AB,2014,0,48773,0,0,59612,0,0,100,0,0,100,0
800,AB,2014,0,71966.15,67384.3,0,49268.22,43078.84,0,52,48,0,53,47
801,AB,2014,0,25915.2,2197.8,0,43934.7,3672.3,0,92,8,0,92,8
802,AB,2014,0,58780.55,0,385.89,42638.6,0,0,100,0,1,99,0
803,SK,2014,6894.166,101997.113,53066.72,1485.817,11997.83,5328.354,4,63,33,8,64,28
804,AB,2014,11827.38,32386.92,0,11598.35,23943.7,0,27,73,0,33,67,0
805,AB,2014,4125.715,6457.286,3660,1791.021,1988.113,1126.866,29,45,26,37,41,23
805,SK,2014,4483.096,41919.532,24222.371,1002.361,6375.384,2962.254,6,59,34,10,62,29
806,AB,2014,1168,52175.18,455.7,2468.3,79523.16,437.85,2,97,1,3,96,1
807,SK,2014,0,64817.036,8716.968,0,6774.526,694.472,0,88,12,0,91,9
808,SK,2014,3309.433,108445.154,415029.415,256.328,9944.747,38961.92,1,21,79,1,20,79
809,AB,2014,3120.15,90081.65,0,3813.705,47648.695,0,3,97,0,7,93,0
809,SK,2014,3959.718,104406.299,26898.98,639.498,10404.32,1292.181,3,77,20,5,84,10
810,SK,2014,0,90590.998,0,0,19010.999,0,0,100,0,0,100,0
811,AB,2014,4259.4,4433.106,30403.593,1006.2,995.046,7350.054,11,11,78,11,11,79
811,SK,2014,0,334.364,891.636,0,65.727,175.273,0,27,73,0,27,73
812,AB,2014,27170.125,20473.235,20031.8,28071.674,17906.075,16059.5,40,30,30,45,29,26
813,SK,2014,2525.78,79559.714,35575.503,1500.295,17887.243,8576.466,2,68,30,5,64,31
814,AB,2014,1116,10201.03,0,1033.2,8620.71,0,10,90,0,11,89,0
815,AB,2014,17622.499,13251.508,0,13562.001,10936.617,0,57,43,0,55,45,0
815,SK,2014,21040.658,7842.343,0,3217.418,1616.578,0,73,27,0,67,33,0
816,SK,2014,39324.734,298539.831,24257.439,30187.688,94205.35,4757.961,11,82,7,23,73,4
817,SK,2014,0,83945.051,3341.948,0,10558.758,395.242,0,96,4,0,96,4
818,AB,2014,0,29442.95,0,0,19380.7,0,0,100,0,0,100,0
819,SK,2014,22209.19,6328.812,0,3578.556,1020.445,0,78,22,0,78,22,0
820,SK,2014,739.92,163822.908,749.169,0,38837.999,0,0,99,0,0,100,0
821,AB,2014,1676.836,74413.651,699.873,928.193,33503.638,431.956,2,97,1,3,96,1
821,SK,2014,402.806,143860.193,0,1256.597,52906.403,0,0,100,0,2,98,0
822,SK,2014,5365.032,125335.696,1281.273,1782,49399.275,853.723,4,95,1,3,95,2
823,AB,2014,23991.9,118581.099,0,7075,31767.999,0,17,83,0,18,82,0
824,SK,2014,21053.261,57841.434,1387.309,8625.466,28285.531,0,26,72,2,23,77,0
825,SK,2014,0,415081.001,0,1171.107,110022.897,0,0,100,0,1,99,0
826,SK,2014,13643.918,563575.101,86857.985,10411.676,151323.183,12199.586,2,85,13,6,87,7
827,SK,2014,23621.477,9715.752,1529.77,24755.921,9819.077,1401,68,28,4,69,27,4
828,AB,2014,19004.152,559320.597,0,2919.239,91680.86,0,3,97,0,3,97,0
829,AB,2014,23053,11357.8,0,4234.75,2105.25,0,67,33,0,67,33,0
830,SK,2014,13076.586,228475.295,33686.116,7004.835,82909.272,8607.886,5,83,12,7,84,9
831,SK,2014,5401.987,120734.227,1345.788,1462.352,32736.651,0,4,95,1,4,96,0
832,SK,2014,12655.271,237395.72,766.004,7322.702,122038.796,801.5,5,95,0,6,94,1
833,AB,2014,56.5,18338.2,16.95,110.5,5511.4,33.15,0,100,0,2,97,1
833,SK,2014,0,29354.09,18736.914,0,24840.581,16237.423,0,61,39,0,60,40
834,SK,2014,0,55116.32,132631.681,0,13643.073,42045.927,0,29,71,0,24,76
835,SK,2014,0,5506.839,13461.162,0,2142,5236,0,29,71,0,29,71
836,AB,2014,0,8671,0,0,2070,0,0,100,0,0,100,0
837,AB,2014,0,17984,0,0,12246,0,0,100,0,0,100,0
837,SK,2014,0,8722.659,1646.343,0,14186.679,2859.325,0,84,16,0,83,17
838,AB,2014,639.4,2821.598,0,997.1,2859.901,0,18,82,0,26,74,0
838,SK,2014,0,47019.142,2005.859,0,25225.745,2021.802,0,96,4,0,93,7
839,MB,2014,7867.307,69739.051,8524.645,2349.696,26547.2,3294.104,9,81,10,7,82,10
840,MB,2014,35919.846,10803.781,13848.372,25434.648,9486.326,4749.028,59,18,23,64,24,12
841,MB,2014,19102.723,7570.777,0,1761.29,50586.71,0,72,28,0,3,97,0
843,MB,2014,10965.256,5311.745,0,14724.939,8051.062,0,67,33,0,65,35,0
844,MB,2014,8810.666,30892.567,4825.764,7385.317,28162.368,4178.318,20,69,11,19,71,11
846,MB,2014,0,12124.001,0,0,34375.001,0,0,100,0,0,100,0
847,MB,2014,0,28975.9,19478.8,0,9575.001,3686,0,60,40,0,72,28
848,MB,2014,720.211,6639.539,0,479.263,4971.737,0,10,90,0,9,91,0
849,MB,2014,10648.167,39535.723,628340.112,4379.477,13675.561,71286.962,2,6,93,5,15,80
850,MB,2014,123273.183,29531.817,0,58009.357,7433.641,0,81,19,0,89,11,0
851,MB,2014,0,42038.588,33726.413,0,6716.965,5042.033,0,55,45,0,57,43
852,MB,2014,40519.557,92575.517,110551.928,6729.646,10053.346,10394.006,17,38,45,25,37,38
853,MB,2014,0,17318.771,31900.229,0,921.2,1696.8,0,35,65,0,35,65
854,MB,2014,5293,70036.999,0,1934.375,19211.626,0,7,93,0,9,91,0
855,MB,2014,0,9654,0,0,4246,0,0,100,0,0,100,0
940,BC,2014,39,14,0,324,52,0,74,26,0,86,14,0
943,BC,2014,0,2,0,0,4,0,0,100,0,0,100,0
944,BC,2014,137.812,30.787,0.4,805.802,117.997,2.2,82,18,0,87,13,0
948,BC,2014,1,0,0,3,0,0,100,0,0,100,0,0
950,BC,2014,18.705,522.766,0,213.657,1702.342,0,3,97,0,11,89,0
955,BC,2014,19.286,9.714,33.9,250.5,83,439.5,31,15,54,32,11,57
956,BC,2014,1155.187,1108.098,478.226,3698.826,3049.329,996.843,42,40,17,48,39,13
957,BC,2014,115.022,94.82,0,367.773,223.23,0,55,45,0,62,38,0
958,BC,2014,6.288,2.714,0,28.501,10.499,0,70,30,0,73,27,0
959,BC,2014,3761.951,20097.91,494.18,3341.309,20248.3,479.024,15,83,2,14,84,2
960,BC,2014,27,0,0,21,0,0,100,0,0,100,0,0
962,BC,2014,0,17,0,0,66,0,0,100,0,0,100,0
969,BC,2014,0,4.49,0,0,274,0,0,100,0,0,100,0
971,BC,2014,33.25,1.75,0,508.25,34.749,0,95,5,0,94,6,0
972,BC,2014,2605.416,1322.356,2337.052,21056.122,10637.268,18444.61,42,21,37,42,21,37
974,BC,2014,102.844,36.117,45.04,2126.3,646.5,883.2,56,20,24,58,18,24
975,BC,2014,28,0,0,631,0,0,100,0,0,100,0,0
976,BC,2014,304.064,569.5,0,3905.627,7087.369,0,35,65,0,36,64,0
977,BC,2014,456.374,836.062,0,5492.769,6445.234,0,35,65,0,46,54,0
978,BC,2014,487.328,1051.983,0,4833.143,11350.859,0,32,68,0,30,70,0
979,BC,2014,2172.225,5286.774,0,17426.328,46522.672,0,29,71,0,27,73,0
980,BC,2014,25.5,6.8,1.7,185.25,49.4,12.35,75,20,5,75,20,5
981,BC,2014,0,18,9,12,491,151,0,67,33,2,75,23
982,BC,2014,1644.595,1848.574,1974.04,16700.015,16677.036,23708.954,30,34,36,29,29,42
987,BC,2014,8,10,0,89,104,0,44,56,0,46,54,0
988,BC,2014,374.045,268.955,0,997.065,495.935,0,58,42,0,67,33,0
990,BC,2014,186.749,32.243,0,579.968,65.036,0,85,15,0,90,10,0
991,BC,2014,127.388,2479.517,475.044,244.709,6408.595,1405.696,4,80,15,3,80,17
992,BC,2014,6.666,18.333,0,26.4,72.6,0,27,73,0,27,73,0
995,BC,2014,47.358,196.644,0,104.536,455.465,0,19,81,0,19,81,0
1001,BC,2014,951.982,726.045,0,3165.037,2396.964,0,57,43,0,57,43,0
1002,BC,2014,175.7,22.3,0,880.5,116.5,0,89,11,0,88,12,0
1003,BC,2014,9,0,0,31,0,0,100,0,0,100,0,0
1004,BC,2014,1079.327,1932.07,584.6,2502.672,5178.227,2313.1,30,54,16,25,52,23
1005,BC,2014,2139.426,3357.868,0,10558.37,17163.627,0,39,61,0,38,62,0
1006,BC,2014,3713.765,1647.464,0,17370.011,27982.982,0,69,31,0,38,62,0
1007,BC,2014,2854.187,2521.191,2331.756,3500.227,3484.638,4653.135,37,33,30,30,30,40
1008,BC,2014,1553.322,573.535,440.14,4376.269,2093.824,1209.904,61,22,17,57,27,16
1009,BC,2014,1156.178,273.46,0,2449.643,591.354,0,81,19,0,81,19,0
1010,BC,2014,2174.578,1001.456,0,627.783,468.215,0,68,32,0,57,43,0
1011,BC,2014,649.472,134.504,0,2785.795,607.205,0,83,17,0,82,18,0
1012,BC,2014,334.429,17.57,0,840.766,199.235,0,95,5,0,81,19,0
1013,BC,2014,413.666,223.11,209.223,1944.389,1162.666,1120.945,49,26,25,46,27,27
1015,BC,2014,1147.404,897.596,0,3241.135,2900.867,0,56,44,0,53,47,0
1016,AB,2014,783.5,881.5,0,2420,3252,0,47,53,0,43,57,0
1017,BC,2014,112.959,55.04,0,528.84,444.16,0,67,33,0,54,46,0
1018,AB,2014,237.15,9694.35,182.9,426.3,23156.7,288.9,2,96,2,2,97,1
9593,AB,2014,0,12546.4,50185.6,0,4357.8,17431.2,0,20,80,0,20,80
9607,AB,2014,0,0,2532,0,0,1091,0,0,100,0,0,100
9609,AB,2014,462.383,6011.097,3463.5,1456.9,6224.65,3103.45,5,60,35,14,58,29
9687,AB,2014,6344.706,121517.124,0,5982.778,102699.521,0,5,95,0,6,94,0
9787,AB,2014,0,75023.17,0,0,20891.24,0,0,100,0,0,100,0
244,AB,2015,0,0,1150,0,0,1124,0,0,100,0,0,100
244,BC,2015,0,18,12,0,387.001,75,0,60,40,0,84,16
252,BC,2015,0,22,0,0,190,0,0,100,0,0,100,0
371,MB,2015,0,0,161,0,0,63,0,0,100,0,0,100
374,ON,2015,11,0,0,177,0,0,100,0,0,100,0,0
375,MB,2015,2167.416,18288.399,45978.246,1612.135,6919.321,12193.555,3,28,69,8,33,59
376,MB,2015,0,21,0,0,23,0,0,100,0,0,100,0
378,ON,2015,269,334,0,249,7302,0,45,55,0,3,97,0
379,MB,2015,1276.502,1039.897,0,1274.669,994.331,0,55,45,0,56,44,0
380,MB,2015,2077.636,137.838,2347.826,3675.315,1468.963,2271.721,46,3,51,50,20,31
381,ON,2015,0,3298,0,0,40047,0,0,100,0,0,100,0
383,ON,2015,362.143,3681.858,0,1407.286,9851.714,0,9,91,0,12,88,0
386,ON,2015,84,0,0,450,0,0,100,0,0,100,0,0
391,ON,2015,11,0,0,135,0,0,100,0,0,100,0,0
400,ON,2015,0,0,738,0,0,2465,0,0,100,0,0,100
401,ON,2015,205.696,774.927,2438.375,852.951,3319.692,13752.356,6,23,71,5,19,77
401,QC,2015,1230,45,13862.23,6284,238,73621.129,8,0,92,8,0,92
402,ON,2015,0,64,0,0,682,0,0,100,0,0,100,0
407,ON,2015,332.244,0,250.755,1562.176,0,635.824,57,0,43,71,0,29
408,ON,2015,0,27399,0,0,30120,0,0,100,0,0,100,0
408,QC,2015,2730.1,777.784,16357.856,2740.056,2517.889,18214.13,14,4,82,12,11,78
409,ON,2015,182,784,0,529,5013.001,0,19,81,0,10,90,0
410,ON,2015,77.1,369.9,0,187.7,528.3,0,17,83,0,26,74,0
411,ON,2015,5778.468,3808.53,0,26072.322,6650.679,0,60,40,0,80,20,0
412,ON,2015,0,286.8,1147.2,0,1795.4,7181.6,0,20,80,0,20,80
413,ON,2015,6299.155,1839.385,430.59,51523.058,7276.596,1502.557,74,21,5,85,12,2
415,QC,2015,958.22,0,0,1338,0,0,100,0,0,100,0,0
418,QC,2015,11020.079,1017.7,624.998,14905,1788,1968.001,87,8,5,80,10,11
419,QC,2015,256,0,0,469,0,0,100,0,0,100,0,0
421,QC,2015,1346.66,0,0,3033,0,0,100,0,0,100,0,0
422,QC,2015,78,0,0,300,0,0,100,0,0,100,0,0
423,QC,2015,1228.66,871,0,4898,3668,0,59,41,0,57,43,0
424,QC,2015,2500.998,1553,1473,3092.999,3370.101,597.9,45,28,27,44,48,8
425,QC,2015,9171.782,4276.4,9015.981,34197.799,21194.23,21824.771,41,19,40,44,27,28
426,QC,2015,3775,586,0,4732,396,0,87,13,0,92,8,0
431,QC,2015,6,0,0,37,0,0,100,0,0,100,0,0
438,QC,2015,381.42,0,0,265,0,0,100,0,0,100,0,0
439,QC,2015,307,0,0,361,0,0,100,0,0,100,0,0
440,QC,2015,460,0,0,697,0,0,100,0,0,100,0,0
441,QC,2015,30341.55,35117.049,5007.462,25202.119,37281.037,4203.544,43,50,7,38,56,6
455,NF,2015,0,0,0,315,0,0,,,,100,0,0
458,NF,2015,53,266.371,0,76,1049.999,0,17,83,0,7,93,0
460,NF,2015,0,18.002,0,0,49,0,0,100,0,0,100,0
461,NF,2015,0,126.669,0,0,1178.001,0,0,100,0,0,100,0
462,NF,2015,0,28.002,0,0,77,0,0,100,0,0,100,0
463,NF,2015,0,43.999,0,0,1012,0,0,100,0,0,100,0
466,NF,2015,25,411.551,0,58,977,0,6,94,0,6,94,0
468,NF,2015,0,41.8,0,0,237,0,0,100,0,0,100,0
471,NF,2015,48,124.04,0,209,495,0,28,72,0,30,70,0
475,NF,2015,0,503.679,0,0,2033,0,0,100,0,0,100,0
477,NF,2015,14.67,0,0,160,0,0,100,0,0,100,0,0
478,QC,2015,745,1315.399,0,2733,3490.7,0,36,64,0,44,56,0
479,QC,2015,5732.815,30041.627,5627.12,11745.535,74849.366,9057.1,14,73,14,12,78,9
481,QC,2015,0,5648,0,0,9936,0,0,100,0,0,100,0
482,QC,2015,19955.46,18171.938,0,68138,60522.999,0,52,48,0,53,47,0
483,QC,2015,14306.627,31928.774,919.599,39239.174,61944.224,1296.6,30,68,2,38,60,1
484,NB,2015,0,137,0,0,300.999,0,0,100,0,0,100,0
484,QC,2015,298,3167.97,0,1617,7340,0,9,91,0,18,82,0
485,NB,2015,290.6,510.4,0,1105.45,885.548,0,36,64,0,56,44,0
486,NB,2015,784.8,5484.2,0,519.9,4497.1,0,13,87,0,10,90,0
487,NB,2015,280.557,507.442,0,1060.499,2539.501,0,36,64,0,29,71,0
487,QC,2015,28.881,1499.121,0,77.916,3613.081,0,2,98,0,2,98,0
488,NB,2015,18,258,0,99.333,956.667,0,7,93,0,9,91,0
489,NB,2015,190,982,0,351,1358,0,16,84,0,21,79,0
490,NB,2015,215,590,0,867.92,896.08,0,27,73,0,49,51,0
493,NB,2015,1659.978,15766.732,942.291,1520.183,14291.012,684.806,9,86,5,9,87,4
494,NB,2015,0,17008.998,0,0,10672.001,0,0,100,0,0,100,0
495,NB,2015,149.25,563.75,0,1099.74,2152.26,0,21,79,0,34,66,0
496,NB,2015,2897.868,382.847,194.286,15801.772,2907.913,1366.314,83,11,6,79,14,7
497,NB,2015,254.5,1011.5,0,848.5,2287.501,0,20,80,0,27,73,0
498,NB,2015,430,0,0,1642,0,0,100,0,0,100,0,0
499,NB,2015,683.001,347.75,16.25,964.12,2480.48,62.4,65,33,2,27,71,2
500,NB,2015,5541.803,148.797,361.4,7763.013,190.786,586.2,92,2,6,91,2,7
501,NB,2015,1875.768,2935.231,0,1191.497,2421.503,0,39,61,0,33,67,0
502,NB,2015,569.18,1143.82,0,1043.907,2497.094,0,33,67,0,29,71,0
503,NB,2015,2468.338,2379.663,28,7146.005,12189.998,114,51,49,1,37,63,1
504,NB,2015,1281,247,0,6387.001,236,0,84,16,0,96,4,0
504,NS,2015,4712.14,1741.365,0,17818.879,6499.122,0,73,27,0,73,27,0
505,NB,2015,260,891.998,0,818,4113,0,23,77,0,17,83,0
506,NB,2015,32,551,0,638.96,1331.04,0,5,95,0,32,68,0
507,NB,2015,203,1751,0,1299.999,6062.999,0,10,90,0,18,82,0
507,NS,2015,3723.866,1904.438,0,6648.212,3680.54,0,66,34,0,64,36,0
508,NB,2015,450.001,0,0,491,0,0,100,0,0,100,0,0
509,NS,2015,213,1428.001,0,567,3600.999,0,13,87,0,14,86,0
510,NS,2015,79.15,126.5,0,193.583,149.416,0,38,62,0,56,44,0
511,NS,2015,0,110.999,0,0,101.998,0,0,100,0,0,100,0
512,NS,2015,0,3544.52,0,0,3461.999,0,0,100,0,0,100,0
513,NS,2015,147.57,370.009,0,315.549,1045.451,0,29,71,0,23,77,0
514,NS,2015,25.69,0,0,6,0,0,100,0,0,100,0,0
516,NS,2015,271.474,780.441,0,1367.821,1784.179,0,26,74,0,43,57,0
517,NS,2015,788.947,5182.884,0,2672.808,19691.194,0,13,87,0,12,88,0
518,NS,2015,8518.706,4772.994,0,12380.827,9320.166,0,64,36,0,57,43,0
519,NS,2015,0,331,0,0,775,0,0,100,0,0,100,0
520,NS,2015,11.334,455.669,0,71.5,1914.501,0,2,98,0,4,96,0
521,NS,2015,0,86,0,0,767,0,0,100,0,0,100,0
522,NS,2015,122.033,375.887,0,763.696,3124.308,0,25,75,0,20,80,0
523,NS,2015,198.322,802.305,0,623.7,3385.3,0,20,80,0,16,84,0
524,NS,2015,43,26,0,193,100,0,62,38,0,66,34,0
525,NS,2015,460.581,1895.084,0,1373.268,5715.732,0,20,80,0,19,81,0
527,NS,2015,58.664,857.336,0,212.046,1723.956,0,6,94,0,11,89,0
528,NS,2015,1682.134,1388.649,0,1222.78,1193.223,0,55,45,0,51,49,0
529,NS,2015,0,697.001,0,0,533.999,0,0,100,0,0,100,0
530,NS,2015,26,1198.001,0,60.667,1542.336,0,2,98,0,4,96,0
531,NS,2015,489.021,1535.259,0,578.378,3156.622,0,24,76,0,15,85,0
534,PE,2015,17359.602,5413.395,0,13064.393,3331.604,0,76,24,0,80,20,0
535,PE,2015,17696,0,0,12741,0,0,100,0,0,100,0,0
536,PE,2015,43525.497,2421.5,0,34323.293,2037.708,0,95,5,0,94,6,0
537,PE,2015,19294.89,438.112,0,24534.333,635.666,0,98,2,0,97,3,0
538,PE,2015,6557,0,0,3465,0,0,100,0,0,100,0,0
539,QC,2015,19,283.21,68.98,131,542,189,5,76,19,15,63,22
540,QC,2015,217882.737,112762.807,84058.88,157490.026,53975.921,53854.661,53,27,20,59,20,20
541,ON,2015,0,15575.549,2562.45,1882.657,2397.693,991.65,0,86,14,36,45,19
541,QC,2015,145870.321,42991.725,274903.38,44474.145,11360.469,68391.386,31,9,59,36,9,55
542,ON,2015,0,1053.014,19999.306,2876.56,1855.293,31586.147,0,5,95,8,5,87
543,ON,2015,6896,40657.602,18218.857,7292.63,17952.075,8279.369,10,62,28,22,54,25
543,QC,2015,0,349,1620,0,626,2257.4,0,18,82,0,22,78
544,ON,2015,3946.409,62683.548,15718.249,4157.571,23139.358,5608.067,5,76,19,13,70,17
545,ON,2015,4819.109,15189.249,13467.941,5805.867,6560.101,9263.033,14,45,40,27,30,43
546,ON,2015,0,42197.02,9393.94,0,27611.998,6306.002,0,82,18,0,81,19
546,QC,2015,0,368,0,0,228,0,0,100,0,0,100,0
547,ON,2015,7244.405,26281.299,21396.879,14998.054,23755.215,28363.019,13,48,39,22,35,42
548,QC,2015,384.96,0,0,309,0,0,100,0,0,100,0,0
549,ON,2015,0,697.298,7572.822,0,1129.652,12898.349,0,8,92,0,8,92
550,ON,2015,1141.366,4599.608,1889.774,5636.111,30753.192,9284.625,15,60,25,12,67,20
551,ON,2015,33669.629,70283.708,56528.065,36666.544,42851.865,56185.596,21,44,35,27,32,41
552,ON,2015,34277.035,6074.166,0,63291.354,22889.566,0,85,15,0,73,27,0
553,ON,2015,64270.367,102450.65,20234.553,50545.543,63193.405,14406.051,34,55,11,39,49,11
554,ON,2015,19135.378,4134.801,0,35498.461,4501.539,0,82,18,0,89,11,0
555,ON,2015,11929.275,8301.637,20827.746,13031.65,20266.891,24708.033,29,20,51,22,35,43
556,ON,2015,26669.704,114111.538,2378.239,33904.092,79979.345,1638.563,19,80,2,29,69,1
557,ON,2015,10624.995,282751.843,0,3531.123,78157.876,0,4,96,0,4,96,0
558,ON,2015,17995.642,227783.514,1096.044,13195.265,77102.161,84.577,7,92,0,15,85,0
559,ON,2015,0,310.4,0,0,0,0,0,100,0,,,
560,ON,2015,24080.429,61122.631,0,11356.585,21973.415,0,28,72,0,34,66,0
561,ON,2015,563.087,18623.334,2201.222,188.438,7799.633,932.556,3,87,10,2,87,10
562,ON,2015,0,19931.557,10428.444,0,9985.334,5392.666,0,66,34,0,65,35
563,ON,2015,0,92,0,0,83,0,0,100,0,0,100,0
564,ON,2015,11182.657,64123.912,24198.954,9712.937,18926.778,9331.572,11,64,24,26,50,25
565,ON,2015,90777.337,208718.932,85703.733,13573.174,37637.709,12276.118,24,54,22,21,59,19
566,ON,2015,170.75,10830.15,7881.9,49,2867.85,2255.75,1,57,42,1,55,44
567,ON,2015,7147.5,162534.817,20100.681,1576.389,35836.372,4533.238,4,86,11,4,85,11
568,ON,2015,75217.298,8724.501,281.2,13349.505,1525.596,50.9,89,10,0,89,10,0
569,ON,2015,3316.229,25646.23,88676.538,792.244,7239.395,29828.359,3,22,75,2,19,79
570,ON,2015,10734.538,216231.994,53528.873,1034.946,25077.624,5667.429,4,77,19,3,79,18
571,ON,2015,9477.778,1943.667,2591.556,1541.778,275.667,367.555,68,14,18,71,13,17
572,ON,2015,3200.05,15290.285,3216.524,430.518,1700.383,722.1,15,70,15,15,60,25
581,BC,2015,78,2440.08,0,170.4,5353,0,3,97,0,3,97,0
583,AB,2015,0,21.052,30.947,0,120.736,173.263,0,40,60,0,41,59
583,BC,2015,0,2259.435,407.907,0,8453.334,2426.667,0,85,15,0,78,22
584,AB,2015,0,0,957,0,0,1654,0,0,100,0,0,100
585,BC,2015,877.889,18177.436,1.25,1726.611,61278.763,0.625,5,95,0,3,97,0
586,AB,2015,6974.895,81096.872,35328.133,4808.589,21345.513,14629.901,6,66,29,12,52,36
587,AB,2015,21858.33,1402.35,0,7226.49,460.5,0,94,6,0,94,6,0
588,AB,2015,4332.686,10965.521,95301.88,2907.945,5341.018,36620.639,4,10,86,6,12,82
589,AB,2015,696.475,2263.544,0,421.176,1368.823,0,24,76,0,24,76,0
590,AB,2015,0,21606.431,43141.95,0,11351.341,36675.66,0,33,67,0,24,76
591,AB,2015,236.2,2490.335,113862.837,239.1,1328.5,83400.503,0,2,98,0,2,98
591,BC,2015,11425.258,63352.552,16662.363,33569.939,136037.208,23554.505,12,69,18,17,70,12
592,AB,2015,731.241,19148.328,113951.895,1333.059,21430.057,56033.885,1,14,85,2,27,71
593,AB,2015,0,6662.5,86606.5,0,2789.853,34640.147,0,7,93,0,7,93
594,AB,2015,0,0,47532.001,0,0,43908.002,0,0,100,0,0,100
595,AB,2015,0,4272.235,95502.765,0,518.118,9570.882,0,4,96,0,5,95
596,AB,2015,9623.623,49958.673,56412.892,2219.719,10627.25,13185.931,8,43,49,9,41,51
597,AB,2015,1325.4,13475.999,27838.001,1469,20592.2,22247,3,32,65,3,46,50
598,AB,2015,0,1139.6,67613.401,0,1105.3,63907.702,0,2,98,0,2,98
599,AB,2015,0,3998,62110,0,4444,31861.999,0,6,94,0,12,88
600,AB,2015,1134.904,147.588,994.667,2888.692,490.941,3248.667,50,6,44,44,7,49
609,AB,2015,0,0,360,0,0,385,0,0,100,0,0,100
610,AB,2015,800.575,9796.917,25888.138,774.202,15051.19,42881.609,2,27,71,1,26,73
610,BC,2015,0,0,0,0,0.999,0,,,,0,100,0
611,AB,2015,143,957.15,3560.85,161.75,940.5,3294.75,3,21,76,4,21,75
612,AB,2015,0,4899.633,1086.027,0,11057.308,3207.692,0,82,18,0,78,22
615,AB,2015,3525.838,13538.815,0,5325.026,16883.923,0,21,79,0,24,76,0
616,AB,2015,13791.366,3345.393,0,8355.142,4607.857,0,80,20,0,64,36,0
617,AB,2015,1590.284,4141.714,1115,2125.142,6181.857,1890,23,60,16,21,61,19
618,AB,2015,942.623,8390.631,550.56,1177.502,6637.449,1150.75,10,85,6,13,74,13
618,BC,2015,262.86,3369.071,478.326,1259.606,16021.7,4903.689,6,82,12,6,72,22
619,AB,2015,0,509,0,0,742,0,0,100,0,0,100,0
622,AB,2015,2969.945,10135.014,0,4961.033,17025.965,0,23,77,0,23,77,0
623,AB,2015,3449.023,17543.415,3494.301,8459.194,41225.693,11110.114,14,72,14,14,68,18
625,AB,2015,55,110,0,87.666,175.333,0,33,67,0,33,67,0
626,AB,2015,0,1379.001,0,0,3630,0,0,100,0,0,100,0
629,AB,2015,152.6,2311.453,654.687,674.5,8108.539,1674.111,5,74,21,6,78,16
630,AB,2015,76.625,5127.714,58,271,18910.665,175.333,1,97,1,1,98,1
631,AB,2015,0,1206.7,118.3,0,4277.6,441.4,0,91,9,0,91,9
647,SK,2015,947.474,214.526,0,1541.8,212.2,0,82,18,0,88,12,0
650,AB,2015,354.273,4166.139,494.339,684.667,7566.282,901.053,7,83,10,7,83,10
652,SK,2015,27.143,210.857,0,60.104,466.896,0,11,89,0,11,89,0
657,SK,2015,172.061,3124.437,0,607.492,5225.508,0,5,95,0,10,90,0
658,SK,2015,1358.034,690.916,0,582.886,296.114,0,66,34,0,66,34,0
660,SK,2015,709.211,8901.541,0,937.533,12678.47,0,7,93,0,7,93,0
661,SK,2015,80.852,6804.148,0,35.84,2910.161,0,1,99,0,1,99,0
662,SK,2015,62.8,251.2,0,27.4,109.6,0,20,80,0,20,80,0
667,MB,2015,0,264,0,0,344,0,0,100,0,0,100,0
669,MB,2015,0,16621.849,0,0,10561,0,0,100,0,0,100,0
669,SK,2015,0,0,972,0,0,263,0,0,100,0,0,100
672,SK,2015,6650.266,5386.258,400.026,3547.538,2182.994,154.467,53,43,3,60,37,3
677,MB,2015,0,0,3783,0,0,3907,0,0,100,0,0,100
678,AB,2015,5861.29,116498.082,5644.098,5976.941,125806.551,5727,5,91,4,4,91,4
679,AB,2015,0,15640.77,0,0,26779,0,0,100,0,0,100,0
680,AB,2015,4199.53,66561.661,0,6474.471,94975.001,0,6,94,0,6,94,0
680,SK,2015,793.752,14448.2,0,3007.937,30361.06,0,5,95,0,9,91,0
681,AB,2015,3063.848,95492.694,24111.41,2067.647,34503.702,9995.44,2,78,20,4,74,21
682,SK,2015,2958.383,4222.656,2131.812,5973.308,8765.158,3221.535,32,45,23,33,49,18
683,AB,2015,51127.77,20406,0,24942,6171,0,71,29,0,80,20,0
684,AB,2015,758.374,87107.419,33198.929,1231.182,132758.781,48022.637,1,72,27,1,73,26
685,SK,2015,1043.932,13399.616,9994.001,817.793,26840.208,13685.999,4,55,41,2,65,33
686,AB,2015,0,12611.39,0,0,18101,0,0,100,0,0,100,0
686,SK,2015,51.633,1577.366,0,128.25,4578.75,0,3,97,0,3,97,0
687,AB,2015,2886.112,10423.688,0,3782.056,12280.844,0,22,78,0,24,76,0
687,SK,2015,7180.137,79689.862,0,8832.514,65659.486,0,8,92,0,12,88,0
688,AB,2015,0,65492.902,0,0,46350.001,0,0,100,0,0,100,0
689,SK,2015,2721.455,38504.048,0,4297.137,25229.867,0,7,93,0,15,85,0
690,SK,2015,2123.024,27716.374,0,3328.802,32064.206,0,7,93,0,9,91,0
691,SK,2015,17312.747,1574.553,0,5355.225,211.776,0,92,8,0,96,4,0
692,AB,2015,48.372,34997.075,12887.764,130.375,69496.402,33151.88,0,73,27,0,68,32
693,SK,2015,12275.816,112136.177,0,8662.331,22757.666,0,10,90,0,28,72,0
694,SK,2015,38482.206,41257.617,21474.176,9861.316,6890.191,2672.492,38,41,21,51,35,14
695,SK,2015,23345.682,12967.319,0,20751.453,10772.547,0,64,36,0,66,34,0
696,SK,2015,53847.096,86455.86,0,33893.561,32602.443,0,38,62,0,51,49,0
697,SK,2015,0,8475.052,45657.948,0,1798.61,9677.389,0,16,84,0,16,84
698,SK,2015,32803.57,22678.93,0,5748.139,5606.858,0,59,41,0,51,49,0
699,SK,2015,0,29284.999,0,0,21079,0,0,100,0,0,100,0
700,SK,2015,0,11119.376,32955.672,0,5218.846,7678.154,0,25,75,0,40,60
701,SK,2015,55046.907,13921.492,0,32209.257,4199.741,0,80,20,0,88,12,0
702,SK,2015,8277.176,188361.755,17993.066,3370.026,25546.514,893.454,4,88,8,11,86,3
703,AB,2015,0,70299.221,883.909,0,96171.001,1700.85,0,99,1,0,98,2
704,SK,2015,1172.724,64265.459,22445.119,602.056,18586.268,6210.674,1,73,26,2,73,24
705,SK,2015,0,62223.605,221302.394,0,14621.874,10574.129,0,22,78,0,58,42
706,SK,2015,3624.225,106534.78,0,453.701,20974.3,0,3,97,0,2,98,0
707,SK,2015,15709.141,156493.083,1914.878,12655.296,42538.74,479.961,9,90,1,23,76,1
708,AB,2015,1320.3,55731.493,0,3679.2,110101.2,0,2,98,0,3,97,0
709,MB,2015,4454.641,141798.803,13916.407,1983.733,68309.358,3623.907,3,89,9,3,92,5
709,SK,2015,27835.642,176607.194,12682.16,10381.177,47967.094,2106.729,13,81,6,17,79,3
710,SK,2015,1009.512,11185.789,0,1314.968,18341.032,0,8,92,0,7,93,0
711,SK,2015,271.743,17203.206,0,123.536,20261.466,0,2,98,0,1,99,0
714,MB,2015,0,1578,0,0,904,0,0,100,0,0,100,0
714,SK,2015,0,53805.526,5994.924,0,32773.467,1774.533,0,90,10,0,95,5
715,MB,2015,560.744,16343.854,11370.506,1160.696,9430.466,8378.838,2,58,40,6,50,44
715,SK,2015,0,9350.846,2751.158,0,3848.423,885.575,0,77,23,0,81,19
716,MB,2015,3735.649,38087.05,18868.05,3981,23458,13650,6,63,31,10,57,33
717,MB,2015,43966.607,41320.596,12740.299,22565.721,22268.175,3919.103,45,42,13,46,46,8
718,MB,2015,0,1801.7,0,0,7544,0,0,100,0,0,100,0
720,MB,2015,0,0,1265.6,0,0,5461,0,0,100,0,0,100
723,MB,2015,45,21040.25,2372.7,302,88464.002,3992,0,90,10,0,95,4
724,MB,2015,2932.153,25476.563,126649.933,5583.282,19718.832,66255.887,2,16,82,6,22,72
726,MB,2015,43759.655,0,1317.295,63563.29,0,917.71,97,0,3,99,0,1
727,AB,2015,27707.523,194445.443,138506.837,15299.353,76314.991,42497.884,8,54,38,11,57,32
728,AB,2015,3708.333,194275.905,3820.412,2022.222,43889.139,434.038,2,96,2,4,95,1
729,AB,2015,30491.979,96234.203,0,23017.008,50656.28,0,24,76,0,31,69,0
729,SK,2015,19109.23,336345.764,0,11072.24,137464.753,0,5,95,0,7,93,0
730,AB,2015,43200.353,392233.586,11041.111,24739.911,180826.662,5842.778,10,88,2,12,86,3
731,AB,2015,18810.853,431284.988,0,14609.947,153954.844,0,4,96,0,9,91,0
732,AB,2015,0,13070.7,0,0,15783.3,0,0,100,0,0,100,0
733,SK,2015,25963.779,136413.203,9009.016,9066.643,58878.016,1733.344,15,80,5,13,85,2
734,SK,2015,26274.075,11915.927,0,17296.634,2835.364,0,69,31,0,86,14,0
735,SK,2015,3607.163,149569.838,0,3967.542,35808.455,0,2,98,0,10,90,0
736,SK,2015,36516.648,204563.211,7101.139,10447.526,43993.675,1170.798,15,82,3,19,79,2
737,AB,2015,21748.8,114229.901,15595.65,10929,65936.45,7993.15,14,75,10,13,78,9
738,AB,2015,7374.26,123842.03,0,5457,27954.96,0,6,94,0,16,84,0
739,AB,2015,87390.107,8676,0,85131.7,7874.1,0,91,9,0,92,8,0
739,SK,2015,31324.021,3755.978,0,24178.751,1369.248,0,89,11,0,95,5,0
740,AB,2015,14359.8,144980.301,0,10934.3,71292.201,0,9,91,0,13,87,0
741,SK,2015,4186.453,148147.946,1321.602,385.018,18400.688,177.291,3,96,1,2,97,1
742,SK,2015,25974.357,11747.642,0,10840.963,366.038,0,69,31,0,97,3,0
743,AB,2015,2105.1,74953.146,0,600.3,36699.977,0,3,97,0,2,98,0
743,SK,2015,3844.566,5560.21,2070.221,1241.218,3127.299,1177.48,34,48,18,22,56,21
744,AB,2015,0,185639.08,14852.32,0,69707.22,2590.88,0,93,7,0,96,4
745,SK,2015,25313.696,699086.199,3196.109,7410.573,106951.223,537.207,3,96,0,6,93,0
746,AB,2015,0,145308.2,0,0,76968.05,0,0,100,0,0,100,0
747,SK,2015,22141.005,41862.997,0,17397.613,8394.386,0,35,65,0,67,33,0
748,SK,2015,5290.945,584429.932,827.126,1862.08,172216.439,105.482,1,99,0,1,99,0
749,SK,2015,13587.158,354533.839,0,6612.396,78294.603,0,4,96,0,8,92,0
750,AB,2015,0,47035.72,10055.08,0,92714.07,23263.53,0,82,18,0,80,20
751,MB,2015,10197.058,36387.289,0,9330.095,17232.907,0,22,78,0,35,65,0
751,SK,2015,12846.988,13550.869,0,6679.622,6228.378,0,49,51,0,52,48,0
752,MB,2015,0,94290.249,1367.753,0,54044.499,680.499,0,99,1,0,99,1
752,SK,2015,12259.074,364650.935,0,5926.225,146720.763,0,3,97,0,4,96,0
753,MB,2015,2887.696,433790.811,6164.494,1710.204,139412.912,3081.885,1,98,1,1,97,2
754,SK,2015,2733.442,149611.13,53996.426,1800.028,35027.828,11270.142,1,73,26,4,73,23
755,SK,2015,2302.065,167355.935,0,517.448,47018.553,0,1,99,0,1,99,0
756,SK,2015,6551.214,300829.783,0,856.497,109941.502,0,2,98,0,1,99,0
757,MB,2015,64869.837,25720.164,1572.65,31306.269,6918.736,0,70,28,2,82,18,0
758,MB,2015,41857.223,117506.964,8669.213,20873.789,33941.133,7538.162,25,70,5,33,54,12
759,MB,2015,4707.383,33379.619,0,1974.315,13999.685,0,12,88,0,12,88,0
760,MB,2015,0,77624,0,1037.604,27015.395,0,0,100,0,4,96,0
760,SK,2015,4360.756,308336.248,0,2702.143,134050.858,0,1,99,0,2,98,0
761,SK,2015,0,13789,1834,0,9562,988,0,88,12,0,91,9
762,SK,2015,24550.315,62562.687,0,11971.188,32989.809,0,28,72,0,27,73,0
763,MB,2015,89745.894,55483.715,6085.396,54399.715,25594.037,4880.246,59,37,4,64,30,6
763,SK,2015,30327.434,15418.565,0,21514.582,3190.419,0,66,34,0,87,13,0
764,MB,2015,0,67712,0,1159.28,26568.717,0,0,100,0,4,96,0
765,MB,2015,3356.149,329225.853,0,4519.244,82095.142,137.614,1,99,0,5,95,0
766,MB,2015,957.151,185602.852,0,609.067,38903.933,0,1,99,0,2,98,0
767,SK,2015,3685.998,426195.322,44703.679,726.476,51941.43,6166.097,1,90,9,1,88,10
768,SK,2015,0,40062,0,0,10222.999,0,0,100,0,0,100,0
769,AB,2015,0,87852.3,0,0,76566.05,0,0,100,0,0,100,0
770,SK,2015,68328.231,222741.273,8383.496,22688.208,41841.696,1668.099,23,74,3,34,63,3
771,AB,2015,13277.711,72455.23,194,9088.972,52561.38,138.4,15,84,0,15,85,0
771,SK,2015,0,44061.874,1445.127,374.011,14827.658,580.329,0,97,3,2,94,4
772,SK,2015,12663.936,28723.063,0,10659.395,2893.604,0,31,69,0,79,21,0
773,SK,2015,10907.431,246265.198,28235.375,3528.847,49156.863,6887.292,4,86,10,6,83,12
774,SK,2015,0,63567,0,0,9076,0,0,100,0,0,100,0
775,SK,2015,3324.513,70395.487,0,263.758,10907.24,0,5,95,0,2,98,0
776,SK,2015,43337.801,9794.2,0,18784.958,1940.043,0,82,18,0,91,9,0
777,AB,2015,10412.95,2301,0,12695.05,2979.3,0,82,18,0,81,19,0
778,SK,2015,20271.079,8539.921,0,4291.888,1808.112,0,70,30,0,70,30,0
779,AB,2015,0,26869.5,0,0,20175.3,0,0,100,0,0,100,0
780,SK,2015,8302.583,52068.047,262346.373,1233.778,3981.762,19177.459,3,16,81,5,16,79
781,AB,2015,11989.6,54432.475,149655.925,5281.36,14731.014,16589.505,6,25,69,14,40,45
782,SK,2015,15623.944,520089.053,0,7324.723,95813.27,0,3,97,0,7,93,0
783,SK,2015,0,257673.998,0,0,55794,0,0,100,0,0,100,0
784,SK,2015,11943.095,71984.314,2153.59,4132.172,17068.136,304.693,14,84,3,19,79,1
785,SK,2015,0,74876.131,5758.87,0,16900.66,963.34,0,93,7,0,95,5
786,AB,2015,0,93053.3,19.5,0,37523.05,15.9,0,100,0,0,100,0
787,AB,2015,0,45906.4,0,0,12687.4,0,0,100,0,0,100,0
788,AB,2015,0,49352.4,15039.6,0,13373.4,3471.6,0,77,23,0,79,21
789,SK,2015,15137.953,127861.034,2681.019,9531.719,19683.727,105.553,10,88,2,33,67,0
790,AB,2015,14763,42179.701,0,3699.5,8734.2,0,26,74,0,30,70,0
791,AB,2015,0,188523,0,0,34239,0,0,100,0,0,100,0
792,SK,2015,30916.349,59654.013,598465.636,17495.046,5509.445,57415.504,4,9,87,22,7,71
793,AB,2015,45016.877,353327.745,23386.777,18674.173,110434.358,5151.529,11,84,6,14,82,4
794,SK,2015,0,421622.999,0,0,106348.998,0,0,100,0,0,100,0
795,SK,2015,0,228017.998,0,553.08,63933.921,0,0,100,0,1,99,0
796,SK,2015,12652.571,52087.423,0,8537.884,14081.1,0,20,80,0,38,62,0
797,AB,2015,1736,15582,58,1047.2,8592.816,46,10,90,0,11,89,0
798,AB,2015,30031.1,297014.15,28729.45,15183.5,124048.34,11416.51,8,83,8,10,82,8
799,AB,2015,0,49600,0,0,58943,0,0,100,0,0,100,0
800,AB,2015,0,71438.95,67147.5,0,48990.42,43147.69,0,52,48,0,53,47
801,AB,2015,0,23742.95,2164.05,0,45343.75,3695.25,0,92,8,0,92,8
802,AB,2015,0,59877.15,0,390.24,41772.5,0,0,100,0,1,99,0
803,SK,2015,6897.601,102873.692,53442.707,1531.971,11761.983,5286.04,4,63,33,8,63,28
804,AB,2015,12071.08,33165.92,0,11360.75,23186.9,0,27,73,0,33,67,0
805,AB,2015,4102.755,6406.201,3631.045,1816.156,2039.725,1156.12,29,45,26,36,41,23
805,SK,2015,4497.807,42241.483,24468.708,1026.042,6323.415,2844.544,6,59,34,10,62,28
806,AB,2015,1219.9,53560.93,452.9,2427.3,78238.41,442.05,2,97,1,3,96,1
807,SK,2015,0,65388.451,8781.551,0,6609.522,674.479,0,88,12,0,91,9
808,SK,2015,3333.558,109667.067,419275.381,253.743,9430.822,37479.434,1,21,79,1,20,79
809,AB,2015,3093.2,89977.95,0,3845.155,47793.695,0,3,97,0,7,93,0
809,SK,2015,3986.341,106223.217,27084.44,646.666,9279.577,1182.76,3,77,20,6,84,11
810,SK,2015,0,91296,0,0,18921,0,0,100,0,0,100,0
811,AB,2015,4361.4,4455.638,30117.062,906,973.164,7642.836,11,11,77,10,10,80
811,SK,2015,0,331.908,885.091,0,70.092,186.909,0,27,73,0,27,73
812,AB,2015,27962.375,21496.905,20703.6,27318.701,16902.3,15412.2,40,31,30,46,28,26
813,SK,2015,2539.479,79506.604,35344.919,1526.669,18512.155,9014.176,2,68,30,5,64,31
814,AB,2015,1113.3,10486.6,0,1036.8,8345.58,0,10,90,0,11,89,0
815,AB,2015,17542.299,13180.856,0,13658.6,11036.784,0,57,43,0,55,45,0
815,SK,2015,21134.369,7872.63,0,3255.538,1643.463,0,73,27,0,66,34,0
816,SK,2015,40481.969,302836.485,24466.539,29509.469,91706.782,4611.748,11,82,7,23,73,4
817,SK,2015,0,84789.103,3379.895,0,10207.81,377.189,0,96,4,0,96,4
818,AB,2015,0,29530.55,0,0,19339.8,0,0,100,0,0,100,0
819,SK,2015,22462.97,6401.03,0,3450.581,983.42,0,78,22,0,78,22,0
820,SK,2015,739.92,164768.911,749.169,0,38879.002,0,0,99,0,0,100,0
821,AB,2015,1672.223,74014.336,685.532,934.607,33942.638,447.345,2,97,1,3,96,1
821,SK,2015,416.366,144906.635,0,1250.694,52800.308,0,0,100,0,2,98,0
822,SK,2015,5370.034,127437.811,1310.155,1822,48165.943,835.056,4,95,1,4,95,2
823,AB,2015,24752.7,121102.798,0,6330.133,29307.366,0,17,83,0,18,82,0
824,SK,2015,21243.516,58733.175,1387.309,8607.656,27760.347,0,26,72,2,24,76,0
825,SK,2015,0,420849.999,0,1197.87,106727.134,0,0,100,0,1,99,0
826,SK,2015,13870.48,568562.892,87733.625,10349.011,149865.904,11603.526,2,85,13,6,87,7
827,SK,2015,23593.561,9718.669,1564.772,24995.252,9911.749,1375.999,68,28,4,69,27,4
828,AB,2015,19003.823,561883.427,0,2929.105,89426.147,0,3,97,0,3,97,0
829,AB,2015,23254.45,11457.55,0,4043,2016.6,0,67,33,0,67,33,0
830,SK,2015,13256.115,231473.694,33945.191,6954.202,81437.665,8552.138,5,83,12,7,84,9
831,SK,2015,5468.26,122362.954,1345.788,1433.083,31941.918,0,4,95,1,4,96,0
832,SK,2015,13106.22,240922.991,789.783,6988.218,120085.653,784.128,5,95,0,5,94,1
833,AB,2015,60.5,18420,18.15,110.5,5456.6,33.15,0,100,0,2,97,1
833,SK,2015,0,29463.15,18850.853,0,24969.642,16263.358,0,61,39,0,61,39
834,SK,2015,0,55392.971,133370.029,0,13646.186,42090.818,0,29,71,0,24,76
835,SK,2015,0,5536.451,13533.548,0,2147.226,5248.774,0,29,71,0,29,71
836,AB,2015,0,8603,0,0,2142,0,0,100,0,0,100,0
837,AB,2015,0,17847,0,0,12409,0,0,100,0,0,100,0
837,SK,2015,0,8935.321,1703.678,0,14077.871,2820.127,0,84,16,0,83,17
838,AB,2015,608.3,2771.701,0,1028.9,2925.1,0,18,82,0,26,74,0
838,SK,2015,0,47871.823,2054.176,0,24804.538,2006.371,0,96,4,0,93,7
839,MB,2015,7874.262,69343.384,8472.356,2341.476,26705.134,3315.391,9,81,10,7,83,10
840,MB,2015,37754.442,10889.442,13705.115,24664.469,9685.051,4888.481,61,17,22,63,25,12
841,MB,2015,19156.57,9077.928,0,1732.326,49826.673,0,68,32,0,3,97,0
843,MB,2015,11182.478,5650.522,0,14607.04,7856.962,0,66,34,0,65,35,0
844,MB,2015,9057.569,31552.835,4949.596,7184.533,27533.834,4087.634,20,69,11,19,71,11
846,MB,2015,0,13978,0,0,33334,0,0,100,0,0,100,0
847,MB,2015,0,29968.499,20136.2,0,8800.05,3325.95,0,60,40,0,73,27
848,MB,2015,754.632,6987.118,0,438.632,4557.368,0,10,90,0,9,91,0
849,MB,2015,11052.666,40452.669,630780.666,3999.613,13052.093,68427.295,2,6,92,5,15,80
850,MB,2015,126488.344,30399.658,0,55552.77,6627.233,0,81,19,0,89,11,0
851,MB,2015,0,42213.792,33867.208,0,6453.489,4879.51,0,55,45,0,57,43
852,MB,2015,40877.471,93315.02,111196.507,6431.117,9348.938,9898.942,17,38,45,25,36,39
853,MB,2015,0,17320.53,31903.469,0,927.182,1707.818,0,35,65,0,35,65
854,MB,2015,5413.375,70887.623,0,1833.125,18450.877,0,7,93,0,9,91,0
855,MB,2015,0,10243,0,0,3941,0,0,100,0,0,100,0
940,BC,2015,39,15,0,324,50,0,72,28,0,87,13,0
943,BC,2015,0,2,0,0,4,0,0,100,0,0,100,0
944,BC,2015,145.989,34.611,0.4,798.12,113.78,2.1,81,19,0,87,12,0
948,BC,2015,1,0,0,4,0,0,100,0,0,100,0,0
950,BC,2015,34.647,605.828,0,199.22,1659.78,0,5,95,0,11,89,0
955,BC,2015,19.17,10.028,32.7,248.614,82.686,437.7,31,16,53,32,11,57
956,BC,2015,1178.014,1131.857,482.64,3646.156,2990.86,975.984,42,41,17,48,39,13
957,BC,2015,118.776,95.069,0,359.236,215.765,0,56,44,0,62,38,0
958,BC,2015,6.109,4.892,0,25.858,6.143,0,56,44,0,81,19,0
959,BC,2015,3800.022,20576.592,505.936,3248.913,19489.003,451.423,15,83,2,14,84,2
960,BC,2015,25,0,0,19,0,0,100,0,0,100,0,0
962,BC,2015,0,17,0,0,65,0,0,100,0,0,100,0
969,BC,2015,0,5.49,0,0,274,0,0,100,0,0,100,0
971,BC,2015,23.75,1.25,0,516.8,35.199,0,95,5,0,94,6,0
972,BC,2015,2939.736,1388.476,2354.595,20551.892,10470.527,18247.579,44,21,35,42,21,37
974,BC,2015,110.5,40.9,49.6,2106.84,636.8,880.36,55,20,25,58,18,24
975,BC,2015,38,0,0,611,0,0,100,0,0,100,0,0
976,BC,2015,307.648,628.916,0,3843.6,6906.398,0,33,67,0,36,64,0
977,BC,2015,451.035,850.403,0,5420.446,6314.557,0,35,65,0,46,54,0
978,BC,2015,535.855,987.457,0,4695.473,11292.522,0,35,65,0,29,71,0
979,BC,2015,1918.587,5015.406,0,17323.541,45815.458,0,28,72,0,27,73,0
980,BC,2015,26.25,7,1.75,180.75,48.2,12.05,75,20,5,75,20,5
981,BC,2015,0,22,15,11,493,142,0,59,41,2,76,22
982,BC,2015,1687.569,1991.542,2135.087,16464.723,16334.223,23297.057,29,34,37,29,29,42
987,BC,2015,8,10,0,88,101,0,44,56,0,47,53,0
988,BC,2015,371.155,252.845,0,996.98,509.02,0,59,41,0,66,34,0
990,BC,2015,190.234,31.76,0,566.728,64.275,0,86,14,0,90,10,0
991,BC,2015,131.378,2665.456,450.165,237.623,6216.678,1398.699,4,82,14,3,79,18
992,BC,2015,1.867,5.134,0,30.933,85.067,0,27,73,0,27,73,0
995,BC,2015,46.968,196.031,0,103.451,450.549,0,19,81,0,19,81,0
1001,BC,2015,1029.684,787.342,0,2929.538,2216.46,0,57,43,0,57,43,0
1002,BC,2015,174.9,23.1,0,872.4,115.6,0,88,12,0,88,12,0
1003,BC,2015,10,0,0,30,0,0,100,0,0,100,0,0
1004,BC,2015,1018.386,1945.109,611.5,2463.481,5005.92,2239.6,28,54,17,25,52,23
1005,BC,2015,2224.341,3451.951,0,10390.655,16961.345,0,39,61,0,38,62,0
1006,BC,2015,3613.842,1550.39,0,17130.52,27536.482,0,70,30,0,38,62,0
1007,BC,2015,2893.901,2668.27,2407.956,3367.722,3218.244,4489.034,36,33,30,30,29,41
1008,BC,2015,1617.769,614.394,474.837,4204.632,2031.659,1170.709,60,23,18,57,27,16
1009,BC,2015,1122.446,258.194,0,2468.978,604.023,0,81,19,0,80,20,0
1010,BC,2015,2149.356,989.672,0,621.893,466.104,0,68,32,0,57,43,0
1011,BC,2015,678.311,143.664,0,2744.85,597.149,0,83,17,0,82,18,0
1012,BC,2015,345.127,18.871,0,810.828,195.174,0,95,5,0,81,19,0
1013,BC,2015,398.502,217.667,202.833,1927.056,1146.111,1104.834,49,27,25,46,27,26
1015,BC,2015,1176.519,945.481,0,3192.515,2847.484,0,55,45,0,53,47,0
1016,AB,2015,811,907,0,2394,3229,0,47,53,0,43,57,0
1017,BC,2015,103.721,17.28,0,539.801,483.2,0,86,14,0,53,47,0
1018,AB,2015,245.45,10894.05,182.9,423.6,21521.15,286.15,2,96,2,2,97,1
9593,AB,2015,0,12903.4,51613.6,0,4053.8,16215.2,0,20,80,0,20,80
9607,AB,2015,0,0,2874,0,0,1244,0,0,100,0,0,100
9609,AB,2015,474.283,6372.947,3642.75,1449.25,5919.65,2983.1,5,61,35,14,57,29
9687,AB,2015,6671.372,125936.358,0,5579.444,98264.356,0,5,95,0,5,95,0
9787,AB,2015,0,75808.08,0,0,20135.85,0,0,100,0,0,100,0
244,AB,2016,0,0,1215,0,0,1066,0,0,100,0,0,100
244,BC,2016,0,19,11,0,388.999,76,0,63,37,0,84,16
252,BC,2016,0,21,0,0,189,0,0,100,0,0,100,0
371,MB,2016,0,0,166,0,0,60,0,0,100,0,0,100
374,ON,2016,12,0,0,174,0,0,100,0,0,100,0,0
375,MB,2016,2198.217,18826.193,47029.651,1545.617,6459.591,11421.801,3,28,69,8,33,59
376,MB,2016,0,24,0,0,21,0,0,100,0,0,100,0
378,ON,2016,321,332,0,190,7246,0,49,51,0,3,97,0
379,MB,2016,1444.676,1209.725,0,1133.803,864.198,0,54,46,0,57,43,0
380,MB,2016,2323.045,159.628,2647.627,3487.396,1440.332,2071.273,45,3,52,50,21,30
381,ON,2016,0,3681,0,0,39582,0,0,100,0,0,100,0
383,ON,2016,328.571,3760.429,0,1417.429,9742.572,0,8,92,0,13,87,0
386,ON,2016,78,0,0,428,0,0,100,0,0,100,0,0
391,ON,2016,0,0,0,132,0,0,,,,100,0,0
400,ON,2016,0,0,787,0,0,2420,0,0,100,0,0,100
401,ON,2016,240.253,816.29,2753.453,836.798,3252.41,13487.793,6,21,72,5,19,77
401,QC,2016,1320,46,14528.23,6196,234,72061.129,8,0,91,8,0,92
402,ON,2016,0,46,0,0,688,0,0,100,0,0,100,0
407,ON,2016,334.022,0,238.977,1546.727,0,620.273,58,0,42,71,0,29
408,ON,2016,0,28009,0,0,29556,0,0,100,0,0,100,0
408,QC,2016,2799.278,788.339,16867.523,2629.867,2437.11,17563.797,14,4,82,12,11,78
409,ON,2016,210,834.001,0,504,4880.001,0,20,80,0,9,91,0
410,ON,2016,73.2,388.8,0,187.5,508.5,0,16,84,0,27,73,0
411,ON,2016,6037.696,3980.303,0,25706.104,6455.896,0,60,40,0,80,20,0
412,ON,2016,0,299.4,1197.6,0,1776.8,7107.2,0,20,80,0,20,80
413,ON,2016,6460.216,1980.249,459.285,51277.982,7124.696,1474.148,73,22,5,86,12,2
415,QC,2016,983.22,0,0,1291,0,0,100,0,0,100,0,0
418,QC,2016,11106.08,1029.7,568,14653.001,1743,1997.999,87,8,4,80,9,11
419,QC,2016,286,0,0,434,0,0,100,0,0,100,0,0
421,QC,2016,1389.66,0,0,2980,0,0,100,0,0,100,0,0
422,QC,2016,80,0,0,290,0,0,100,0,0,100,0,0
423,QC,2016,1288.66,882,0,4705,3617,0,59,41,0,57,43,0
424,QC,2016,2654.001,1614.999,1521,2931.001,3293.099,549.9,46,28,26,43,49,8
425,QC,2016,9272.181,4515,9455.98,33649.599,20788.43,21344.769,40,19,41,44,27,28
426,QC,2016,3968,580,0,4495,402,0,87,13,0,92,8,0
431,QC,2016,7,0,0,36,0,0,100,0,0,100,0,0
438,QC,2016,394.42,0,0,237,0,0,100,0,0,100,0,0
439,QC,2016,325,0,0,332,0,0,100,0,0,100,0,0
440,QC,2016,480,0,0,665,0,0,100,0,0,100,0,0
441,QC,2016,30627.55,35920.048,5149.461,24576.719,36227.669,4054.332,43,50,7,38,56,6
455,NF,2016,0,0,0,326,0,0,,,,100,0,0
458,NF,2016,49,287.369,0,77,1003,0,15,85,0,7,93,0
460,NF,2016,0,20.002,0,0,47,0,0,100,0,0,100,0
461,NF,2016,0,107.672,0,0,1195.001,0,0,100,0,0,100,0
462,NF,2016,0,31.001,0,0,74,0,0,100,0,0,100,0
463,NF,2016,0,21.001,0,0,1015.999,0,0,100,0,0,100,0
466,NF,2016,25,401.549,0,59,976,0,6,94,0,6,94,0
468,NF,2016,0,51.8,0,0,227,0,0,100,0,0,100,0
471,NF,2016,47,113.04,0,216,497,0,29,71,0,30,70,0
475,NF,2016,0,477.68,0,0,2051,0,0,100,0,0,100,0
477,NF,2016,12.67,0,0,164,0,0,100,0,0,100,0,0
478,QC,2016,754,1363.899,0,2656,3436.6,0,36,64,0,44,56,0
479,QC,2016,5792.678,30439.761,5818.12,11551.212,73765.691,8790.1,14,72,14,12,78,9
481,QC,2016,0,5668,0,0,9798,0,0,100,0,0,100,0
482,QC,2016,20843.46,18919.541,0,66706,59372.7,0,52,48,0,53,47,0
483,QC,2016,14794.6,33406.501,961.899,38631.048,60388.65,1244.301,30,68,2,39,60,1
484,NB,2016,0,149,0,0,297,0,0,100,0,0,100,0
484,QC,2016,296,3160.97,0,1592,7252,0,9,91,0,18,82,0
485,NB,2016,292.6,562.4,0,1093.782,829.218,0,34,66,0,57,43,0
486,NB,2016,796.2,5455.8,0,490.1,4351.9,0,13,87,0,10,90,0
487,NB,2016,251.061,478.94,0,1053.616,2489.384,0,34,66,0,30,70,0
487,QC,2016,31.865,1527.135,0,73.934,3579.069,0,2,98,0,2,98,0
488,NB,2016,16,240,0,100,987,0,6,94,0,9,91,0
489,NB,2016,194,970,0,336,1341,0,17,83,0,20,80,0
490,NB,2016,213,582,0,819.13,857.871,0,27,73,0,49,51,0
493,NB,2016,1661.707,15371.486,905.807,1495.236,14186.378,697.387,9,86,5,9,87,4
494,NB,2016,0,17042.002,0,0,10492.001,0,0,100,0,0,100,0
495,NB,2016,138.75,566.25,0,1079.24,2137.76,0,20,80,0,34,66,0
496,NB,2016,2998.85,372.207,188.943,15542.34,2877.689,1343.971,84,10,5,79,15,7
497,NB,2016,253.75,1019.25,0,817,2245.001,0,20,80,0,27,73,0
498,NB,2016,479,0,0,1578,0,0,100,0,0,100,0,0
499,NB,2016,703.319,343.78,16.9,927.84,2477.06,61.1,66,32,2,27,71,2
500,NB,2016,5700.453,152.746,395.8,7560.967,185.134,549.9,91,2,6,91,2,7
501,NB,2016,1962.603,2996.397,0,1121.456,2361.543,0,40,60,0,32,68,0
502,NB,2016,608.606,1187.392,0,1003.097,2442.903,0,34,66,0,29,71,0
503,NB,2016,2614.534,2448.465,30,6963.43,12062.566,114,51,48,1,36,63,1
504,NB,2016,1249,251,0,6395,218,0,83,17,0,97,3,0
504,NS,2016,4734.602,1746.904,0,17440.649,6341.349,0,73,27,0,73,27,0
505,NB,2016,264,928.998,0,789,4057,0,22,78,0,16,84,0
506,NB,2016,32,565,0,628.96,1321.04,0,5,95,0,32,68,0
507,NB,2016,215.001,1826.001,0,1235,5896.998,0,11,89,0,17,83,0
507,NS,2016,3748.449,1888.979,0,6506.423,3616.202,0,66,34,0,64,36,0
508,NB,2016,428.001,0,0,497.999,0,0,100,0,0,100,0,0
509,NS,2016,201,1379.001,0,556.999,3491.998,0,13,87,0,14,86,0
510,NS,2016,76.066,125.582,0,189.167,144.834,0,38,62,0,57,43,0
511,NS,2016,0,113.999,0,0,102.999,0,0,100,0,0,100,0
512,NS,2016,0,3556.521,0,0,3444.003,0,0,100,0,0,100,0
513,NS,2016,142.34,351.241,0,319.916,1051.084,0,29,71,0,23,77,0
514,NS,2016,26.69,0,0,4,0,0,100,0,0,100,0,0
516,NS,2016,243.432,803.482,0,1314.743,1715.257,0,23,77,0,43,57,0
517,NS,2016,796.147,5232.682,0,2618.403,19245.599,0,13,87,0,12,88,0
518,NS,2016,8169.03,4609.665,0,12170.475,9084.53,0,64,36,0,57,43,0
519,NS,2016,0,317,0,0,779,0,0,100,0,0,100,0
520,NS,2016,11.25,455.75,0,70.25,1873.75,0,2,98,0,4,96,0
521,NS,2016,0,85,0,0,768,0,0,100,0,0,100,0
522,NS,2016,113.209,371.712,0,750.073,3071.924,0,23,77,0,20,80,0
523,NS,2016,193.522,814.107,0,615.745,3327.254,0,19,81,0,16,84,0
524,NS,2016,44,26,0,191,98,0,63,37,0,66,34,0
525,NS,2016,457.14,1913.513,0,1317.638,5592.359,0,19,81,0,19,81,0
527,NS,2016,54.137,820.867,0,213.845,1710.154,0,6,94,0,11,89,0
528,NS,2016,1621.74,1357.041,0,1213.07,1158.931,0,54,46,0,51,49,0
529,NS,2016,0,650.003,0,0,540.003,0,0,100,0,0,100,0
530,NS,2016,14,1139,0,56.667,1536.333,0,1,99,0,4,96,0
531,NS,2016,467.514,1485.764,0,571.159,3008.838,0,24,76,0,16,84,0
534,PE,2016,17206.375,5413.624,0,13143.451,3318.547,0,76,24,0,80,20,0
535,PE,2016,17568,0,0,12658,0,0,100,0,0,100,0,0
536,PE,2016,43612.959,2408.041,0,33910.21,2039.792,0,95,5,0,94,6,0
537,PE,2016,19078.778,441.222,0,24639.335,631.666,0,98,2,0,98,2,0
538,PE,2016,6558,0,0,3380,0,0,100,0,0,100,0,0
539,QC,2016,19,319.21,76.98,125,490,175,5,77,19,16,62,22
540,QC,2016,221911.177,114661.114,85751.129,152565.071,51849.678,52056.857,53,27,20,59,20,20
541,ON,2016,0,15595.95,2569.05,1876.396,2376.905,986.7,0,86,14,36,45,19
541,QC,2016,147309.81,43299.267,276515.344,42927.551,11000.262,66460.184,32,9,59,36,9,55
542,ON,2016,0,1094.384,20819.937,2836.56,1796.154,30659.286,0,5,95,8,5,87
543,ON,2016,7138,41555.131,19038.044,7073.898,17028.91,7459.604,11,61,28,22,54,24
543,QC,2016,0,367,1678,0,610,2200.4,0,18,82,0,22,78
544,ON,2016,4057.275,63835.686,15988.237,4034.708,21983.324,5339.973,5,76,19,13,70,17
545,ON,2016,5075.214,15606.305,13886.779,5546.925,6122.473,8805.605,15,45,40,27,30,43
546,ON,2016,0,43441.075,9707.888,0,26387.904,6010.096,0,82,18,0,81,19
546,QC,2016,0,372,0,0,224,0,0,100,0,0,100,0
547,ON,2016,7374.159,27317.87,22856.552,14700.852,22709.849,26886.59,13,47,40,23,35,42
548,QC,2016,395.96,0,0,294,0,0,100,0,0,100,0,0
549,ON,2016,0,732.994,7973.126,0,1089.826,12468.172,0,8,92,0,8,92
550,ON,2016,1174.701,5001.787,2115.261,5439.011,30156.191,8882.724,14,60,26,12,68,20
551,ON,2016,34945.728,71581.549,58742.126,35139.49,41384.908,53917.6,21,43,36,27,32,41
552,ON,2016,36065.514,6573.357,0,61422.275,22366.409,0,85,15,0,73,27,0
553,ON,2016,65406.648,103667.802,20565.402,49045.111,61528.46,13926.144,34,55,11,39,49,11
554,ON,2016,19920.058,4220.122,0,34630.128,4354.872,0,83,17,0,89,11,0
555,ON,2016,12585.025,8931.518,22023.319,12341.539,19635.429,23294.622,29,21,51,22,36,42
556,ON,2016,27462.092,116638.583,2459.802,32867.887,77302.675,1556.437,19,80,2,29,69,1
557,ON,2016,10640.146,283662.694,0,3503.219,76789.782,0,4,96,0,4,96,0
558,ON,2016,18116.467,230084.732,1107,12968.483,74453.896,73.62,7,92,0,15,85,0
559,ON,2016,0,310.4,0,0,0,0,0,100,0,,,
560,ON,2016,23950.307,61362.748,0,11243.056,21535.943,0,28,72,0,34,66,0
561,ON,2016,554.962,18649.599,2206.333,177.5,7659.055,917.444,3,87,10,2,87,10
562,ON,2016,0,19420.444,10341.554,0,9576.332,5374.666,0,65,35,0,64,36
563,ON,2016,0,84,0,0,91,0,0,100,0,0,100,0
564,ON,2016,11354.688,64460.651,24708.174,9435.054,18281.043,8759.908,11,64,25,26,50,24
565,ON,2016,90607.044,208847.977,85737.979,13593.234,36934.64,12065.121,24,54,22,22,59,19
566,ON,2016,172.25,10854.199,7946.95,46.75,2784.549,2132.9,1,57,42,1,56,43
567,ON,2016,7174.444,162803.677,20131.875,1527.222,35284.984,4445.796,4,86,11,4,86,11
568,ON,2016,74716.068,8681.031,277.9,13395.714,1509.083,52.2,89,10,0,90,10,0
569,ON,2016,3275.868,25930.936,89929.199,768.9,6794.129,28004.971,3,22,75,2,19,79
570,ON,2016,10707.057,215490.701,53527.641,1041.753,24582.494,5535.753,4,77,19,3,79,18
571,ON,2016,9458.778,1940.667,2587.556,1510.778,275.667,367.555,68,14,18,70,13,17
572,ON,2016,3182.602,15286.854,3222.4,419.703,1652.646,694.65,15,70,15,15,60,25
581,BC,2016,79.6,2476.08,0,162,5098,0,3,97,0,3,97,0
583,AB,2016,0,22.052,30.947,0,122.736,172.263,0,42,58,0,42,58
583,BC,2016,0,2388.21,419.129,0,8121.333,2385.667,0,85,15,0,77,23
584,AB,2016,0,0,1026,0,0,1588,0,0,100,0,0,100
585,BC,2016,947.445,18793.821,1.312,1632.833,59802.608,0.562,5,95,0,3,97,0
586,AB,2016,7051.483,82370.198,36001.219,4763.294,20358.263,14237.443,6,66,29,12,52,36
587,AB,2016,21937.979,1423.2,0,7218.141,447.15,0,94,6,0,94,6,0
588,AB,2016,4461.404,11230.11,97460.175,2813.175,5157.521,34687.505,4,10,86,7,12,81
589,AB,2016,711.769,2313.251,0,411.765,1338.236,0,24,76,0,24,76,0
590,AB,2016,0,22522.989,45892.39,0,10429.347,34218.652,0,33,67,0,23,77
591,AB,2016,232.7,2493.835,113541.334,240.9,1321,83223.999,0,2,98,0,2,98
591,BC,2016,10996.627,61990.321,16604.823,33575.909,134432.98,23051.286,12,69,19,18,70,12
592,AB,2016,744.653,19469.027,116389.784,1318.236,21096.098,53780.668,1,14,85,2,28,71
593,AB,2016,0,6690.147,88189.853,0,2776.647,33215.353,0,7,93,0,8,92
594,AB,2016,0,0,49245.001,0,0,42522.001,0,0,100,0,0,100
595,AB,2016,0,4356,96987,0,451.529,8347.471,0,4,96,0,5,95
596,AB,2016,10063.845,51533.333,58534.616,1883.894,9197.815,11080.195,8,43,49,9,42,50
597,AB,2016,1397.6,13851.201,29464.001,1418.1,20325.6,20870,3,31,66,3,48,49
598,AB,2016,0,1178.8,68658.198,0,1080.1,63087.899,0,2,98,0,2,98
599,AB,2016,0,4238,63821.999,0,4211,30429,0,6,94,0,12,88
600,AB,2016,1200.711,149.882,1040.667,2808.973,483.294,3183.333,50,6,44,43,7,49
609,AB,2016,0,0,385,0,0,366,0,0,100,0,0,100
610,AB,2016,848.967,10235.989,27288.671,730.908,14605.161,41572.929,2,27,71,1,26,73
610,BC,2016,0,0,0,0,0.999,0,,,,0,100,0
611,AB,2016,141.5,979.5,3683,155.5,918.3,3237.2,3,20,77,4,21,75
612,AB,2016,0,5026.758,1120.902,0,10879.625,3174.375,0,82,18,0,77,23
615,AB,2016,3703.435,14182.415,0,5115.414,16218.435,0,21,79,0,24,76,0
616,AB,2016,14091.545,3764.214,0,8121.858,4181.143,0,79,21,0,66,34,0
617,AB,2016,1549.142,4226.357,1127.5,2173.714,6112.286,1884,22,61,16,21,60,19
618,AB,2016,978.557,8613.471,563.81,1130.879,6443.973,1141.25,10,85,6,13,74,13
618,BC,2016,269.476,3418.016,472.768,1236.156,15884.986,4898.858,6,82,11,6,72,22
619,AB,2016,0,554,0,0,713,0,0,100,0,0,100,0
622,AB,2016,3078.84,10456.118,0,4860.359,16735.64,0,23,77,0,23,77,0
623,AB,2016,3641.895,18642.588,3703.26,8298.234,39914.012,10816.753,14,72,14,14,68,18
625,AB,2016,59.334,118.667,0,84.333,168.667,0,33,67,0,33,67,0
626,AB,2016,0,1460.998,0,0,3545,0,0,100,0,0,100,0
629,AB,2016,147.9,2342.47,711.021,682.2,8090.679,1645.222,5,73,22,7,78,16
630,AB,2016,83.5,5793.061,61.777,263,18139.554,170.444,1,98,1,1,98,1
631,AB,2016,0,1213.7,120.3,0,4305.8,442.2,0,91,9,0,91,9
647,SK,2016,857.129,220.871,0,1640.555,224.445,0,80,20,0,88,12,0
650,AB,2016,390.107,4604.673,546.97,638.333,7084.824,848.842,7,83,10,7,83,10
652,SK,2016,27.987,217.013,0,59.379,461.621,0,11,89,0,11,89,0
657,SK,2016,173.834,3243.665,0,609.078,5203.92,0,5,95,0,10,90,0
658,SK,2016,1435.1,729.85,0,559.498,284.502,0,66,34,0,66,34,0
660,SK,2016,730.282,9187.47,0,919.035,12447.962,0,7,93,0,7,93,0
661,SK,2016,84.006,7087.994,0,32.973,2664.029,0,1,99,0,1,99,0
662,SK,2016,66.4,265.6,0,25.8,103.2,0,20,80,0,20,80,0
667,MB,2016,0,292,0,0,338,0,0,100,0,0,100,0
669,MB,2016,0,17100.85,0,0,10154.999,0,0,100,0,0,100,0
669,SK,2016,0,0,978,0,0,261,0,0,100,0,0,100
672,SK,2016,7001.459,5608.535,417.557,3332.772,2060.009,144.215,54,43,3,60,37,3
677,MB,2016,0,0,3931,0,0,3648,0,0,100,0,0,100
678,AB,2016,6087.659,120897.319,5816.862,5731.7,121499.021,5577.529,5,91,4,4,91,4
679,AB,2016,0,16522.77,0,0,25910,0,0,100,0,0,100,0
680,AB,2016,4425.71,68017.659,0,6232.64,93338.999,0,6,94,0,6,94,0
680,SK,2016,839.614,14754.335,0,2971.959,30059.042,0,5,95,0,9,91,0
681,AB,2016,3203.259,96780.283,24089.41,1934.706,32979.644,10009.44,3,78,19,4,73,22
682,SK,2016,3026.311,4347.363,2173.174,5990.911,8785.72,3185.37,32,46,23,33,49,18
683,AB,2016,52728.77,20569,0,23312,5797,0,72,28,0,80,20,0
684,AB,2016,799.91,89282.459,34415.45,1195.308,130658.294,46803.398,1,72,28,1,73,26
685,SK,2016,1052.367,14229.181,10195.998,800.522,26309.477,13555,4,56,40,2,65,33
686,AB,2016,0,13322.39,0,0,17531.999,0,0,100,0,0,100,0
686,SK,2016,56.075,1691.926,0,126.955,4521.046,0,3,97,0,3,97,0
687,AB,2016,2954.945,10898.355,0,3719.777,11868.522,0,21,79,0,24,76,0
687,SK,2016,7448.675,82239.321,0,8671.375,63404.625,0,8,92,0,12,88,0
688,AB,2016,0,67252.502,0,0,44225.799,0,0,100,0,0,100,0
689,SK,2016,2851.243,39052.263,0,4212.399,24785.601,0,7,93,0,15,85,0
690,SK,2016,2100.535,28422.865,0,3365.303,31849.699,0,7,93,0,10,90,0
691,SK,2016,17397.912,1592.389,0,5338.142,194.856,0,92,8,0,96,4,0
692,AB,2016,53.99,35816.516,13553.192,120.333,68629.622,32442.157,0,72,27,0,68,32
693,SK,2016,13277.255,114043.743,0,8252.243,21623.756,0,10,90,0,28,72,0
694,SK,2016,38428.677,41715.297,21636.026,9962.928,6630.244,2595.826,38,41,21,52,35,14
695,SK,2016,24227.183,13098.818,0,20002.245,10539.755,0,65,35,0,65,35,0
696,SK,2016,54328.238,88253.708,0,33154.343,31418.654,0,38,62,0,51,49,0
697,SK,2016,0,8505.627,45813.378,0,1812.727,9759.273,0,16,84,0,16,84
698,SK,2016,33336.741,23076.759,0,5407.602,5363.395,0,59,41,0,50,50,0
699,SK,2016,0,31184.999,0,0,20130.001,0,0,100,0,0,100,0
700,SK,2016,0,11462.041,33491.009,0,5049.896,7359.107,0,25,75,0,41,59
701,SK,2016,56191.682,14045.711,0,30827.088,4179.914,0,80,20,0,88,12,0
702,SK,2016,8626.475,190208.11,18182.414,3053.922,25228.348,731.731,4,88,8,11,87,3
703,AB,2016,0,73242.471,928.309,0,92526.25,1651.8,0,99,1,0,98,2
704,SK,2016,1198.91,66007.949,23109.44,583.126,17451.422,5778.455,1,73,26,2,73,24
705,SK,2016,0,63823.453,223214.546,0,15261.953,8750.045,0,22,78,0,64,36
706,SK,2016,3660.771,108849.232,0,438.037,19777.961,0,3,97,0,2,98,0
707,SK,2016,16585.057,160651.908,1971.133,12249.322,40654.299,442.378,9,90,1,23,76,1
708,AB,2016,1408.5,55500.343,0,3604.5,108686.649,0,2,98,0,3,97,0
709,MB,2016,4507.459,143580.63,13997.76,2003.804,67238.905,3578.29,3,89,9,3,92,5
709,SK,2016,28704.096,182326.226,12929.681,9989.491,44301.063,1945.444,13,81,6,18,79,3
710,SK,2016,1021.027,11524.275,0,1279.701,17893.299,0,8,92,0,7,93,0
711,SK,2016,281.568,17763.383,0,117.325,19788.675,0,2,98,0,1,99,0
714,MB,2016,0,1576,0,0,940,0,0,100,0,0,100,0
714,SK,2016,0,55654.738,6231.711,0,31274.802,1618.198,0,90,10,0,95,5
715,MB,2016,591.365,16634.014,11463.719,1123.844,9215.71,8407.444,2,58,40,6,49,45
715,SK,2016,0,9515.36,2816.641,0,3766.966,858.033,0,77,23,0,81,19
716,MB,2016,3792.649,38492.05,19186.05,3951,23253.5,13492.5,6,63,31,10,57,33
717,MB,2016,45163.906,42637.914,13025.685,21745.668,21318.221,3671.111,45,42,13,47,46,8
718,MB,2016,0,2068.7,0,0,7420,0,0,100,0,0,100,0
720,MB,2016,0,0,1338.6,0,0,5549,0,0,100,0,0,100
723,MB,2016,42,22939.252,2684.7,315,88175.999,3762,0,89,10,0,96,4
724,MB,2016,3011.334,26322.264,130037.051,5603.647,19293.696,64154.657,2,17,82,6,22,72
726,MB,2016,46683.199,0,1379.75,61534.804,0,883.196,97,0,3,99,0,1
727,AB,2016,27980.17,198027.778,139900.928,15068.236,72759.382,41081.628,8,54,38,12,56,32
728,AB,2016,3664.167,195169.874,3841.059,2047.778,42418.73,413.391,2,96,2,5,95,1
729,AB,2016,30797.809,97371.509,0,22657.638,49204.769,0,24,76,0,32,68,0
729,SK,2016,19527.847,340686.152,0,10773.233,134239.764,0,5,95,0,7,93,0
730,AB,2016,43699.306,398607.876,11278.056,24129.241,174594.765,5559.722,10,88,2,12,85,3
731,AB,2016,19096.8,436421.38,0,14318.4,149612.69,0,4,96,0,9,91,0
732,AB,2016,0,13843.8,0,0,15148.8,0,0,100,0,0,100,0
733,SK,2016,26215.26,140309.87,9127.87,8849.149,56689.899,1682.95,15,80,5,13,84,3
734,SK,2016,27333.796,12225.203,0,16853.966,2692.032,0,69,31,0,86,14,0
735,SK,2016,3646.254,152520.744,0,4146.25,34063.745,0,2,98,0,11,89,0
736,SK,2016,36893.063,206654.055,7084.885,10109.404,42168.273,1169.321,15,82,3,19,79,2
737,AB,2016,22095.9,115508.9,16113.6,10602.1,64525.4,7490.3,14,75,10,13,78,9
738,AB,2016,7460.11,125316.67,0,5380.5,26790.9,0,6,94,0,17,83,0
739,AB,2016,88979.68,8855.1,0,83572.782,7716.6,0,91,9,0,92,8,0
739,SK,2016,32381.631,3788.371,0,23471.753,1361.245,0,90,10,0,95,5,0
740,AB,2016,14389.2,147125.499,0,10841.4,69184.6,0,9,91,0,14,86,0
741,SK,2016,4241.367,149819.226,1353.412,371.429,18062.467,160.103,3,96,1,2,97,1
742,SK,2016,26670.716,11777.282,0,10360.132,341.869,0,69,31,0,97,3,0
743,AB,2016,2119.5,75473.351,0,582.3,36115.217,0,3,97,0,2,98,0
743,SK,2016,3873.27,5701.174,2131.556,1215.035,3027.853,1135.111,33,49,18,23,56,21
744,AB,2016,0,186896.5,14970.4,0,68445.24,2477.76,0,93,7,0,97,3
745,SK,2016,25508.601,710450.614,3298.788,7217.095,99610.072,472.832,3,96,0,7,93,0
746,AB,2016,0,145928.55,0,0,74910.35,0,0,100,0,0,100,0
747,SK,2016,22873.66,42530.34,0,16481.391,7850.61,0,35,65,0,68,32,0
748,SK,2016,5321.156,592802.38,856.464,1827.252,167907.581,91.325,1,99,0,1,99,0
749,SK,2016,14180.273,362708.724,0,6173.397,73063.123,0,4,96,0,8,92,0
750,AB,2016,0,48177.86,10106.94,0,91341.84,23059.16,0,83,17,0,80,20
751,MB,2016,10801.328,37331.025,0,8986.482,16584.519,0,22,78,0,35,65,0
751,SK,2016,13082.807,13793.041,0,6538.544,6082.455,0,49,51,0,52,48,0
752,MB,2016,0,96559.101,1405.898,0,52182.278,649.724,0,99,1,0,99,1
752,SK,2016,12707.495,372681.51,0,5667.309,141352.688,0,3,97,0,4,96,0
753,MB,2016,3027.174,441097.074,6267.752,1616.523,133944.898,2940.58,1,98,1,1,97,2
754,SK,2016,2781.138,151628.362,54398.501,1840.796,33956.685,11203.515,1,73,26,4,72,24
755,SK,2016,2349.562,171047.44,0,477.783,44297.217,0,1,99,0,1,99,0
756,SK,2016,6608.45,310261.549,0,813.74,104249.258,0,2,98,0,1,99,0
757,MB,2016,66070.609,26049.392,1572.65,30275.076,6636.922,0,71,28,2,82,18,0
758,MB,2016,42952.77,120206.419,9316.209,20005.372,31856.949,7039.962,25,70,5,34,54,12
759,MB,2016,4784.011,33922.988,0,1918.697,13605.304,0,12,88,0,12,88,0
760,MB,2016,0,79461.999,0,1207.908,25569.092,0,0,100,0,5,95,0
760,SK,2016,4517.832,316807.171,0,2601.969,129167.029,0,1,99,0,2,98,0
761,SK,2016,0,14353.999,2038,0,9246,960,0,88,12,0,91,9
762,SK,2016,25660.863,64811.14,0,11166.461,31406.537,0,28,72,0,26,74,0
763,MB,2016,93542.636,57115.148,6537.218,51415.371,24602.487,4621.144,60,36,4,64,31,6
763,SK,2016,31306.434,15418.565,0,20685.878,3279.12,0,67,33,0,86,14,0
764,MB,2016,0,68467.998,0,1123.851,25829.149,0,0,100,0,4,96,0
765,MB,2016,3447.988,335585.019,0,4523.79,77171.31,99.9,1,99,0,6,94,0
766,MB,2016,957.858,187941.147,0,598.949,36647.049,0,1,99,0,2,98,0
767,SK,2016,3717.962,430241.129,44978.903,717.356,50434.421,6153.223,1,90,9,1,88,11
768,SK,2016,0,40855.001,0,0,9689.998,0,0,100,0,0,100,0
769,AB,2016,0,88719.9,0,0,75705.6,0,0,100,0,0,100,0
770,SK,2016,69506.062,225604.989,8520.95,22093.753,40331.288,1587.96,23,74,3,35,63,2
771,AB,2016,13302.79,72371.111,193.2,9067.3,52646.045,139.2,15,84,0,15,85,0
771,SK,2016,0,43965.876,1436.126,401.154,15205.377,599.469,0,97,3,2,94,4
772,SK,2016,12942.86,29356.138,0,10600.667,2311.334,0,31,69,0,82,18,0
773,SK,2016,10994.49,248513.65,28519.861,3516.054,48472.248,6779.7,4,86,10,6,82,12
774,SK,2016,0,63939.007,0,0,9086.999,0,0,100,0,0,100,0
775,SK,2016,3332.108,71124.891,0,263.861,10648.139,0,4,96,0,2,98,0
776,SK,2016,44543.598,9945.401,0,17894.13,1825.87,0,82,18,0,91,9,0
777,AB,2016,10596.15,2343,0,12516.1,2937.6,0,82,18,0,81,19,0
778,SK,2016,20630.611,8691.388,0,4059,1710,0,70,30,0,70,30,0
779,AB,2016,0,27576,0,0,19493.1,0,0,100,0,0,100,0
780,SK,2016,8370.515,52268.489,263516.998,1260.548,4064.769,19641.681,3,16,81,5,16,79
781,AB,2016,12239.92,54511.309,150081.629,5037.76,14681.765,16245.556,6,25,69,14,41,45
782,SK,2016,16132.727,526318.268,0,7026.371,92844.621,0,3,97,0,7,93,0
783,SK,2016,0,259793,0,0,55400.001,0,0,100,0,0,100,0
784,SK,2016,11894.68,72105.203,2173.117,4271.886,17489.303,299.809,14,84,3,19,79,1
785,SK,2016,0,75154.695,5738.305,0,17119.266,1003.734,0,93,7,0,94,6
786,AB,2016,0,92114.05,21,0,38483.9,14.5,0,100,0,0,100,0
787,AB,2016,0,45819.8,0,0,12766.8,0,0,100,0,0,100,0
788,AB,2016,0,49761.4,15141.6,0,12964.2,3373.8,0,77,23,0,79,21
789,SK,2016,15502.166,129607.337,2702.501,9420.919,18535.016,84.071,10,88,2,34,66,0
790,AB,2016,14933.8,42626.5,0,3525.2,8282,0,26,74,0,30,70,0
791,AB,2016,0,188814,0,0,33930,0,0,100,0,0,100,0
792,SK,2016,31758.739,59736.01,603830.249,17059.916,5590.975,55794.106,5,9,87,22,7,71
793,AB,2016,45353.978,355352.172,23686.153,18322.874,108349.982,4848.835,11,84,6,14,82,4
794,SK,2016,0,428632,0,0,102105.001,0,0,100,0,0,100,0
795,SK,2016,0,230661.999,0,638.28,62773.721,0,0,100,0,1,99,0
796,SK,2016,13033.88,52550.119,0,8301.265,13800.716,0,20,80,0,38,62,0
797,AB,2016,1733.9,15640,61,1050,8538.215,42.5,10,90,0,11,89,0
798,AB,2016,30094.8,297726.45,28721.05,14639.2,120165.94,11078.56,8,84,8,10,82,8
799,AB,2016,0,50753,0,0,58034,0,0,100,0,0,100,0
800,AB,2016,0,70930.2,66263.4,0,48836.07,43939.44,0,52,48,0,53,47
801,AB,2016,0,20975.2,2137.8,0,47481.1,3720.9,0,91,9,0,93,7
802,AB,2016,0,60592.65,0,396.24,41344.9,0,0,100,0,1,99,0
803,SK,2016,6897.101,103819.062,53838.837,1578.803,11534.767,5247.431,4,63,33,9,63,29
804,AB,2016,12316.75,33948.5,0,11119.53,22424.42,0,27,73,0,33,67,0
805,AB,2016,4080.719,6360.908,3605.374,1840.64,2092.39,1185.971,29,45,26,36,41,23
805,SK,2016,4515.782,42608.254,24737.963,1051.058,6277.636,2728.306,6,59,34,10,62,27
806,AB,2016,1268.5,54935.96,449.4,2379.7,76895.86,445.55,2,97,1,3,96,1
807,SK,2016,0,65992.418,8851.58,0,6449.171,654.827,0,88,12,0,91,9
808,SK,2016,3354.667,110848.286,423285.052,251.158,8908.68,35978.158,1,21,79,1,20,80
809,AB,2016,3066.25,89870.5,0,3872.105,47917.495,0,3,97,0,7,93,0
809,SK,2016,4011.657,108035.978,27270.361,654.13,8151.07,1073.805,3,78,20,7,83,11
810,SK,2016,0,91976.999,0,0,18835.003,0,0,100,0,0,100,0
811,AB,2016,4461.6,4478.269,29832.53,806.4,952.082,7938.117,12,12,77,8,10,82
811,SK,2016,0,329.455,878.545,0,74.455,198.545,0,27,73,0,27,73
812,AB,2016,28736.875,22502.825,21357.65,26536.125,15885.905,14755.25,40,31,29,46,28,26
813,SK,2016,2546.808,79398.421,35081.772,1555.481,19137.181,9457.34,2,68,30,5,63,31
814,AB,2016,1110.15,10771.13,0,1039.95,8063.78,0,9,91,0,11,89,0
815,AB,2016,17456.899,13090.22,0,13744.301,11126.834,0,57,43,0,55,45,0
815,SK,2016,21215.937,7893.062,0,3292.399,1667.603,0,73,27,0,66,34,0
816,SK,2016,41623.422,307025.981,24665.598,28816.652,89216.064,4471.288,11,82,7,24,73,4
817,SK,2016,0,85589.778,3416.221,0,9854.083,358.915,0,96,4,0,96,4
818,AB,2016,0,29590.05,0,0,19280,0,0,100,0,0,100,0
819,SK,2016,22703.179,6469.821,0,3320.061,945.939,0,78,22,0,78,22,0
820,SK,2016,739.92,165615.915,749.169,0,38917.999,0,0,99,0,0,100,0
821,AB,2016,1666.009,73590.934,670.143,939.62,34379.632,462.035,2,97,1,3,96,1
821,SK,2016,429.926,145899.074,0,1244.951,52686.051,0,0,100,0,2,98,0
822,SK,2016,5372.034,129531.125,1338.843,1861.998,46940.609,816.39,4,95,1,4,95,2
823,AB,2016,25490.578,123543.423,0,5585.756,26850.745,0,17,83,0,17,83,0
824,SK,2016,21413.642,59598.05,1387.309,8586.599,27229.401,0,26,72,2,24,76,0
825,SK,2016,0,426375.003,0,1224.632,103410.368,0,0,100,0,1,99,0
826,SK,2016,14090.177,573313.757,88560.067,10229.565,148458.12,11018.757,2,85,13,6,87,6
827,SK,2016,23548.333,9709.896,1598.77,25230.246,9999.755,1350,68,28,5,69,27,4
828,AB,2016,18995.058,564196.836,0,2939.355,87178.394,0,3,97,0,3,97,0
829,AB,2016,23433.85,11541.95,0,3849.85,1926.15,0,67,33,0,67,33,0
830,SK,2016,13436.061,234558.877,34205.058,6904.977,80013.093,8500.931,5,83,12,7,84,9
831,SK,2016,5535.017,124001.198,1345.788,1404.78,31164.218,0,4,95,1,4,96,0
832,SK,2016,13555.892,244356.786,813.325,6649.304,118104.474,766.224,5,94,0,5,94,1
833,AB,2016,62,18487.4,18.6,106,5395.6,31.8,0,100,0,2,98,1
833,SK,2016,0,29565.981,18969.02,0,25091.893,16289.108,0,61,39,0,61,39
834,SK,2016,0,55656.882,134080.117,0,13650.6,42143.399,0,29,71,0,24,76
835,SK,2016,0,5564.032,13600.967,0,2151.871,5260.129,0,29,71,0,29,71
836,AB,2016,0,8531,0,0,2215,0,0,100,0,0,100,0
837,AB,2016,0,17696,0,0,12562,0,0,100,0,0,100,0
837,SK,2016,0,9143.412,1759.588,0,13960.982,2778.016,0,84,16,0,83,17
838,AB,2016,576.1,2710.899,0,1060.2,2985.8,0,18,82,0,26,74,0
838,SK,2016,0,48623.297,2096.702,0,24333.12,1983.337,0,96,4,0,92,8
839,MB,2016,7888.806,69000.763,8426.429,2331.99,26857.915,3336.097,9,81,10,7,83,10
840,MB,2016,39730.121,10988.654,13561.224,23692.059,9857.205,5031.737,62,17,21,61,26,13
841,MB,2016,19217.676,10785.825,0,1694.17,48807.829,0,64,36,0,3,97,0
843,MB,2016,11389.478,5988.522,0,14504.189,7660.809,0,66,34,0,65,35,0
844,MB,2016,9311.66,32223.838,5080.504,6976.794,26908.111,3989.094,20,69,11,18,71,11
846,MB,2016,0,15838.998,0,0,32244,0,0,100,0,0,100,0
847,MB,2016,0,30941.9,20770.8,0,8032.451,2972.55,0,60,40,0,73,27
848,MB,2016,789.789,7319.961,0,398.421,4169.579,0,10,90,0,9,91,0
849,MB,2016,11452.167,41384.777,633736.057,3627.953,12423.087,65707.962,2,6,92,4,15,80
850,MB,2016,129733.808,31171.191,0,53028.658,5914.342,0,81,19,0,90,10,0
851,MB,2016,0,42378.202,34015.796,0,6224.616,4723.384,0,55,45,0,57,43
852,MB,2016,41249.718,94091.336,111867.944,6153.006,8646.715,9414.277,17,38,45,25,36,39
853,MB,2016,0,17325.104,31911.895,0,933.516,1719.485,0,35,65,0,35,65
854,MB,2016,5532.25,71732.751,0,1732.25,17695.751,0,7,93,0,9,91,0
855,MB,2016,0,10761,0,0,3696,0,0,100,0,0,100,0
940,BC,2016,38,17,0,325,47,0,69,31,0,87,13,0
943,BC,2016,0,0,0,0,5,0,,,,0,100,0
944,BC,2016,153.131,40.267,0.6,777.478,105.622,1.9,79,21,0,88,12,0
948,BC,2016,1,0,0,4,0,0,100,0,0,100,0,0
950,BC,2016,32.653,634.82,0,201.219,1668.78,0,5,95,0,11,89,0
955,BC,2016,18.358,10.143,31.4,247.272,81.629,440.1,31,17,52,32,11,57
956,BC,2016,1213.765,1168.702,499.044,3615.327,2954.7,967.976,42,41,17,48,39,13
957,BC,2016,134.973,103.869,0,342.687,203.313,0,57,43,0,63,37,0
958,BC,2016,7.75,4.25,0,26.036,5.964,0,65,35,0,81,19,0
959,BC,2016,3859.118,21202.653,523.544,3184.207,18889.428,429.386,15,83,2,14,84,2
960,BC,2016,23,0,0,16,0,0,100,0,0,100,0,0
962,BC,2016,0,19,0,0,62,0,0,100,0,0,100,0
969,BC,2016,0,5.49,0,0,274,0,0,100,0,0,100,0
971,BC,2016,14.25,0.75,0,517.75,35.249,0,95,5,0,94,6,0
972,BC,2016,3227.638,1459.715,2375.462,19954.205,10240.298,18002.5,46,21,34,41,21,37
974,BC,2016,124.527,47.033,54.44,2082.617,625.783,876.6,55,21,24,58,17,24
975,BC,2016,52,0,0,586,0,0,100,0,0,100,0,0
976,BC,2016,306.647,679.916,0,3776.066,6715.931,0,31,69,0,36,64,0
977,BC,2016,435.839,821.599,0,5355.394,6223.609,0,35,65,0,46,54,0
978,BC,2016,617.182,989.132,0,4529.727,11153.274,0,38,62,0,29,71,0
979,BC,2016,1558.212,4264.79,0,17306.585,45517.415,0,27,73,0,28,72,0
980,BC,2016,30,8,2,175.5,46.8,11.7,75,20,5,75,20,5
981,BC,2016,1,16,36,11,504,117,2,30,68,2,80,19
982,BC,2016,1757.732,2045.15,2321.323,16164.194,16073.854,22859.951,29,33,38,29,29,41
987,BC,2016,8,11,0,86,99,0,42,58,0,46,54,0
988,BC,2016,382.325,257.675,0,968.41,488.59,0,60,40,0,66,34,0
990,BC,2016,200.746,33.251,0,542.349,61.653,0,86,14,0,90,10,0
991,BC,2016,127.684,2843.424,426.841,237.839,6029.577,1409.584,4,84,13,3,79,18
992,BC,2016,1.067,2.934,0,31.733,87.267,0,27,73,0,27,73,0
995,BC,2016,47.503,199.496,0,101.225,440.776,0,19,81,0,19,81,0
1001,BC,2016,1379.807,1055.221,0,2415.673,1825.325,0,57,43,0,57,43,0
1002,BC,2016,170.1,24.9,0,867.4,114.6,0,87,13,0,88,12,0
1003,BC,2016,2,0,0,38,0,0,100,0,0,100,0,0
1004,BC,2016,923.605,2017.69,642.7,2448.233,4766.369,2167.4,26,56,18,26,51,23
1005,BC,2016,2331.373,3574.771,0,10198.459,16709.544,0,39,61,0,38,62,0
1006,BC,2016,3180.302,1039.92,0,16988.972,26863.025,0,75,25,0,39,61,0
1007,BC,2016,2951.128,2823.638,2510.362,3297.485,3052.716,4381.8,36,34,30,31,28,41
1008,BC,2016,1671.243,594.586,510.177,4023.722,2021.833,1133.441,60,21,18,56,28,16
1009,BC,2016,1082.31,241.329,0,2502.312,615.689,0,82,18,0,80,20,0
1010,BC,2016,2136.977,979.05,0,627.39,469.608,0,69,31,0,57,43,0
1011,BC,2016,711.259,154.72,0,2709.446,584.554,0,82,18,0,82,18,0
1012,BC,2016,364.791,22.208,0,771.49,191.509,0,94,6,0,80,20,0
1013,BC,2016,391.223,212.557,198.222,1888.22,1122.334,1081.444,49,27,25,46,27,26
1015,BC,2016,1182.687,986.311,0,3145.152,2786.849,0,55,45,0,53,47,0
1016,AB,2016,901,994,0,2316,3156,0,48,52,0,42,58,0
1017,BC,2016,114.559,13.44,0,530.32,487.68,0,89,11,0,52,48,0
1018,AB,2016,269.15,11769.75,184.8,399.75,20205.3,282.45,2,96,2,2,97,1
9593,AB,2016,0,13258,53032,0,3755.2,15020.8,0,20,80,0,20,80
9607,AB,2016,0,0,2980,0,0,1145,0,0,100,0,0,100
9609,AB,2016,484.483,6717.097,3802.4,1441.6,5591.4,2839,4,61,35,15,57,29
9687,AB,2016,7002.484,130508.846,0,5175.556,93788.545,0,5,95,0,5,95,0
9787,AB,2016,0,76582.42,0,0,19383.84,0,0,100,0,0,100,0
244,AB,2017,0,0,1202,0,0,1119,0,0,100,0,0,100
244,BC,2017,0,19,8,0,377,79,0,70,30,0,83,17
252,BC,2017,0,18,0,0,189,0,0,100,0,0,100,0
371,MB,2017,0,0,156,0,0,61,0,0,100,0,0,100
374,ON,2017,12,0,0,177,0,0,100,0,0,100,0,0
375,MB,2017,2281.896,19181.001,47532.173,1512.77,6177.06,10981.171,3,28,69,8,33,59
376,MB,2017,0,27,0,0,19,0,0,100,0,0,100,0
378,ON,2017,264,358,0,233,7048,0,42,58,0,3,97,0
379,MB,2017,1502.868,1202.534,0,1143.446,881.553,0,56,44,0,56,44,0
380,MB,2017,2290.931,151.143,2607.226,3510.985,1476.813,2079.202,45,3,52,50,21,29
381,ON,2017,0,3700,0,0,39308,0,0,100,0,0,100,0
383,ON,2017,359.714,3801.287,0,1392,9646,0,9,91,0,13,87,0
386,ON,2017,67,0,0,451,0,0,100,0,0,100,0,0
391,ON,2017,2,0,0,135,0,0,100,0,0,100,0,0
400,ON,2017,0,0,765,0,0,2418,0,0,100,0,0,100
401,ON,2017,253.371,790.757,3128.87,834.038,3266.895,13199.068,6,19,75,5,19,76
401,QC,2017,1281,46,14328.23,6180,233,71793.129,8,0,92,8,0,92
402,ON,2017,0,70,0,0,669,0,0,100,0,0,100,0
407,ON,2017,398.482,0,283.516,1491.267,0,586.734,58,0,42,72,0,28
408,ON,2017,0,28488,0,0,28913,0,0,100,0,0,100,0
408,QC,2017,2832.078,783.45,17141.412,2599.578,2468.778,17160.019,14,4,83,12,11,77
409,ON,2017,242,763,0,474,4957.001,0,24,76,0,9,91,0
410,ON,2017,67,333,0,195,549,0,17,83,0,26,74,0
411,ON,2017,6041.11,3836.89,0,25671.236,6587.764,0,61,39,0,80,20,0
412,ON,2017,0,301.4,1205.6,0,1753.4,7013.6,0,20,80,0,20,80
413,ON,2017,6430.538,1969.742,474.34,51125.364,7134.076,1459.943,72,22,5,86,12,2
415,QC,2017,969.22,0,0,1311,0,0,100,0,0,100,0,0
418,QC,2017,11186.081,979.7,610,14554.001,1766,1958.001,88,8,5,80,10,11
419,QC,2017,278,0,0,441,0,0,100,0,0,100,0,0
421,QC,2017,1403.66,0,0,2975,0,0,100,0,0,100,0,0
422,QC,2017,68,0,0,292,0,0,100,0,0,100,0,0
423,QC,2017,1229.66,845,0,4753,3612,0,59,41,0,57,43,0
424,QC,2017,2738.002,1576.999,1572,2848.001,3316.1,498.9,47,27,27,43,50,7
425,QC,2017,9217.28,4089.9,10071.98,33505.701,21088.33,20564.77,39,17,43,45,28,27
426,QC,2017,3785,579,0,4660,396,0,87,13,0,92,8,0
431,QC,2017,6,0,0,37,0,0,100,0,0,100,0,0
438,QC,2017,382.42,0,0,252,0,0,100,0,0,100,0,0
439,QC,2017,344,0,0,316,0,0,100,0,0,100,0,0
440,QC,2017,526,0,0,633,0,0,100,0,0,100,0,0
441,QC,2017,31041.15,36610.627,5168.883,24161.119,35427.826,4000.174,43,50,7,38,56,6
455,NF,2017,2,0,0,314,0,0,100,0,0,100,0,0
458,NF,2017,49,242.371,0,73,985,0,17,83,0,7,93,0
460,NF,2017,0,14.998,0,0,48,0,0,100,0,0,100,0
461,NF,2017,0,100.67,0,0,1162,0,0,100,0,0,100,0
462,NF,2017,0,23,0,0,75,0,0,100,0,0,100,0
463,NF,2017,0,31.998,0,0,949.999,0,0,100,0,0,100,0
466,NF,2017,25,367.549,0,54,945.999,0,6,94,0,5,95,0
468,NF,2017,0,44.8,0,0,228,0,0,100,0,0,100,0
471,NF,2017,48,114.04,0,204,444,0,30,70,0,31,69,0
475,NF,2017,0,443.679,0,0,1928,0,0,100,0,0,100,0
477,NF,2017,13.67,0,0,146,0,0,100,0,0,100,0,0
478,QC,2017,664,1302.099,0,2729,3496.901,0,34,66,0,44,56,0
479,QC,2017,5879.708,30275.728,5675.12,11413.818,73382.083,8866.1,14,72,14,12,78,9
481,QC,2017,0,5571,0,0,9877,0,0,100,0,0,100,0
482,QC,2017,20418.46,18704.54,0,66933,59334.402,0,52,48,0,53,47,0
483,QC,2017,14603.051,32166.05,954.899,38568.429,61273.373,1218.2,31,67,2,38,61,1
484,NB,2017,0,135,0,0,293.999,0,0,100,0,0,100,0
484,QC,2017,317,3210.97,0,1570,7197,0,9,91,0,18,82,0
485,NB,2017,267.6,490.4,0,1084.699,877.302,0,35,65,0,55,45,0
486,NB,2017,781.8,5518.2,0,486.6,4177.4,0,12,88,0,10,90,0
487,NB,2017,223.36,434.639,0,1077.682,2495.319,0,34,66,0,30,70,0
487,QC,2017,27.138,1482.864,0,78.917,3623.082,0,2,98,0,2,98,0
488,NB,2017,22.666,217.334,0,94.667,982.333,0,9,91,0,9,91,0
489,NB,2017,224,1023,0,304,1275,0,18,82,0,19,81,0
490,NB,2017,229,679,0,808.353,766.647,0,25,75,0,51,49,0
493,NB,2017,1642.674,15637.615,916.71,1477.511,13809.456,681.032,9,86,5,9,86,4
494,NB,2017,0,17103.001,0,0,10412.998,0,0,100,0,0,100,0
495,NB,2017,150.75,524.25,0,1039.24,2158.76,0,22,78,0,32,68,0
496,NB,2017,2821.115,386.597,194.286,15391.723,2845.791,1326.486,83,11,6,79,15,7
497,NB,2017,235.25,935.75,0,822.5,2231.499,0,20,80,0,27,73,0
498,NB,2017,440,0,0,1555,0,0,100,0,0,100,0,0
499,NB,2017,691.439,318.96,15.6,925.601,2458.3,61.1,67,31,2,27,71,2
500,NB,2017,5668.049,142.15,340.8,7410.195,193.406,597.4,92,2,6,90,2,7
501,NB,2017,1958.978,2956.022,0,1067.589,2326.41,0,40,60,0,31,69,0
502,NB,2017,581.946,1184.055,0,1015.964,2425.037,0,33,67,0,30,70,0
503,NB,2017,2494.239,2442.758,35,6879.052,11736.945,107,50,49,1,37,63,1
504,NB,2017,1303,231,0,6261.001,230,0,85,15,0,96,4,0
504,NS,2017,4816.889,1755.615,0,17017.09,6212.915,0,73,27,0,73,27,0
505,NB,2017,266,884.999,0,773,3953.001,0,23,77,0,16,84,0
506,NB,2017,33,493,0,598.96,1351.04,0,6,94,0,31,69,0
507,NB,2017,179.002,1746,0,1236,5863.999,0,9,91,0,17,83,0
507,NS,2017,3798.692,1900.36,0,6282.107,3526.144,0,67,33,0,64,36,0
508,NB,2017,417.001,0,0,502,0,0,100,0,0,100,0,0
509,NS,2017,235.001,1512.999,0,523.001,3383.998,0,13,87,0,13,87,0
510,NS,2017,63.4,107.25,0,195.333,146.666,0,37,63,0,57,43,0
511,NS,2017,0,127,0,0,86.999,0,0,100,0,0,100,0
512,NS,2017,0,3533.517,0,0,3457.998,0,0,100,0,0,100,0
513,NS,2017,120.886,311.691,0,323.401,1029.6,0,28,72,0,24,76,0
514,NS,2017,23.69,0,0,7,0,0,100,0,0,100,0,0
516,NS,2017,232.262,793.647,0,1319.579,1687.423,0,23,77,0,44,56,0
517,NS,2017,783.113,5199.715,0,2581.325,18823.673,0,13,87,0,12,88,0
518,NS,2017,8316.456,4687.242,0,11871.589,8908.411,0,64,36,0,57,43,0
519,NS,2017,0,299,0,0,765,0,0,100,0,0,100,0
520,NS,2017,12.5,477.501,0,68.167,1832.834,0,3,97,0,4,96,0
521,NS,2017,0,73,0,0,758,0,0,100,0,0,100,0
522,NS,2017,96.197,354.72,0,732.739,2992.264,0,21,79,0,20,80,0
523,NS,2017,181.422,782.111,0,607.655,3201.345,0,19,81,0,16,84,0
524,NS,2017,42,26,0,186,95,0,62,38,0,66,34,0
525,NS,2017,432.49,1755.169,0,1309.154,5463.853,0,20,80,0,19,81,0
527,NS,2017,56.323,789.676,0,203.736,1685.264,0,7,93,0,11,89,0
528,NS,2017,1619.826,1346.955,0,1196.214,1153.783,0,55,45,0,51,49,0
529,NS,2017,0,718.996,0,0,478.999,0,0,100,0,0,100,0
530,NS,2017,26,1150.996,0,56.667,1505.333,0,2,98,0,4,96,0
531,NS,2017,467.429,1401.849,0,566.386,3012.613,0,25,75,0,16,84,0
534,PE,2017,16956.652,5275.347,0,12957.408,3319.59,0,76,24,0,80,20,0
535,PE,2017,17490,0,0,12436,0,0,100,0,0,100,0,0
536,PE,2017,43052.246,2411.75,0,33489.833,1974.167,0,95,5,0,94,6,0
537,PE,2017,19431.555,443.444,0,23757.446,618.556,0,98,2,0,97,3,0
538,PE,2017,6415,0,0,3408,0,0,100,0,0,100,0,0
539,QC,2017,16,261.21,61.98,129,550,191,5,77,18,15,63,22
540,QC,2017,223445.086,114347.338,86178,150250.948,51798.109,51373.558,53,27,20,59,20,20
541,ON,2017,0,15471.748,2604.25,1832.57,2488.931,951.5,0,86,14,35,47,18
541,QC,2017,146693.752,43358.29,276370.382,43218.027,10874.456,66172.513,31,9,59,36,9,55
542,ON,2017,0,1102.87,21097.449,2855.56,1791.117,30389.324,0,5,95,8,5,87
543,ON,2017,7255,41822.953,19220.885,6936.603,16589.485,7234.767,11,61,28,23,54,24
543,QC,2017,0,397,1620,0,585,2239.4,0,20,80,0,21,79
544,ON,2017,4090.986,63979.579,15983.636,3989.034,21719.331,5310.636,5,76,19,13,70,17
545,ON,2017,5441.744,15382.734,13763.825,5176.202,6286.693,8878.103,16,44,40,25,31,44
546,ON,2017,0,44092.779,9819.173,0,25737.43,5894.572,0,82,18,0,81,19
546,QC,2017,0,375,0,0,221,0,0,100,0,0,100,0
547,ON,2017,7589.816,27099.994,22475.773,14471.754,22867.772,27188.758,13,47,39,22,35,42
548,QC,2017,316.96,0,0,357,0,0,100,0,0,100,0,0
549,ON,2017,0,742.776,8218.344,0,1077.674,12241.327,0,8,92,0,8,92
550,ON,2017,1198.809,5254.319,2250.95,5440.609,29749.466,8787.852,14,60,26,12,68,20
551,ON,2017,35015.869,71698.58,58926.947,34411.254,40775.624,53072.123,21,43,36,27,32,41
552,ON,2017,37167.453,6546.582,0,60239.14,22291.371,0,85,15,0,73,27,0
553,ON,2017,65726.22,103892.835,20417.228,48454.093,60739.171,13902.879,35,55,11,39,49,11
554,ON,2017,20102.763,4274.417,0,34362.423,4300.577,0,82,18,0,89,11,0
555,ON,2017,12555.443,9004.722,22265.044,12359.15,19443.293,23042.071,29,21,51,23,35,42
556,ON,2017,27675.002,117422.929,2475.552,32360.41,75747.089,1516.5,19,80,2,30,69,1
557,ON,2017,10653.836,283327.002,0,3447.614,76120.387,0,4,96,0,4,96,0
558,ON,2017,18337.914,228242.246,1114.043,12660.16,75104.264,66.577,7,92,0,14,86,0
559,ON,2017,0,310.4,0,0,0,0,0,100,0,,,
560,ON,2017,23964.729,59593.332,0,11059.65,22627.353,0,29,71,0,33,67,0
561,ON,2017,547.775,18701.551,2214.445,172.188,7453.938,893,3,87,10,2,87,10
562,ON,2017,0,19924.001,10468,0,9182.333,5156.667,0,66,34,0,64,36
563,ON,2017,0,90,0,0,85,0,0,100,0,0,100,0
564,ON,2017,11343.112,64469.158,24821.244,9355.771,18024.966,8518.697,11,64,25,26,50,24
565,ON,2017,90757.853,209104.375,85832.771,13287.183,36377.244,11834.573,24,54,22,22,59,19
566,ON,2017,170.25,10768.8,7938.55,46.5,2819.549,2108.55,1,57,42,1,57,42
567,ON,2017,7109.722,161860.071,19989.203,1546.945,35436.374,4485.681,4,86,11,4,85,11
568,ON,2017,74376.911,8668.289,277.8,13491.999,1509.401,51.6,89,10,0,90,10,0
569,ON,2017,3327.166,25956.717,90296.117,744.089,6763.034,27675.877,3,22,76,2,19,79
570,ON,2017,10700.169,215871.297,53544.938,1047.809,24467.614,5487.576,4,77,19,3,79,18
571,ON,2017,9427.556,1937.333,2583.112,1517.444,276.666,368.889,68,14,19,70,13,17
572,ON,2017,3231.061,15282.447,3250.348,403.588,1611.587,661.824,15,70,15,15,60,25
581,BC,2017,78.4,2636.08,0,164,4975,0,3,97,0,3,97,0
583,AB,2017,0,35.052,53.947,0,112.736,150.263,0,39,61,0,43,57
583,BC,2017,0,2473.877,473.462,0,7914.223,2282.777,0,84,16,0,78,22
584,AB,2017,0,0,941,0,0,1661,0,0,100,0,0,100
585,BC,2017,865.277,19606.177,1.125,1700.667,58423.585,0.75,4,96,0,3,97,0
586,AB,2017,7700.012,82291.142,36902.748,4237.471,20498.216,13775.316,6,65,29,11,53,36
587,AB,2017,22350.829,1431.15,0,7145.04,438.75,0,94,6,0,94,6,0
588,AB,2017,4497.522,11480.23,97596.939,2802.116,4970.841,34670.345,4,10,86,7,12,82
589,AB,2017,754.358,2451.662,0,381.176,1238.823,0,24,76,0,24,76,0
590,AB,2017,0,22601.356,47156.024,0,10434.235,33220.765,0,32,68,0,24,76
591,AB,2017,233.1,2445.335,116090.834,239,1350,80887.999,0,2,98,0,2,98
591,BC,2017,11010.773,62482.093,16481.169,33098.983,132154.485,22841.06,12,69,18,18,70,12
592,AB,2017,784.888,19550.348,117290.227,1278.353,21062.425,53456.222,1,14,85,2,28,71
593,AB,2017,0,7017.089,89291.912,0,2514.176,32392.823,0,7,93,0,7,93
594,AB,2017,0,0,50703.001,0,0,41018.999,0,0,100,0,0,100
595,AB,2017,0,4323.059,96014.942,0,472.471,9230.529,0,4,96,0,5,95
596,AB,2017,10061.545,51422.955,58493.391,1913.976,9471.46,11586.566,8,43,49,8,41,50
597,AB,2017,1418.6,14112.8,29143.999,1401.5,19978.2,21193,3,32,65,3,47,50
598,AB,2017,0,1186.5,70733.5,0,1074.5,60948.499,0,2,98,0,2,98
599,AB,2017,0,4073,61985,0,4420,31373,0,6,94,0,12,88
600,AB,2017,1289.4,172.059,1272,2757.294,465.706,2996,47,6,47,44,7,48
609,AB,2017,0,0,392,0,0,367,0,0,100,0,0,100
610,AB,2017,833.503,10484.403,28306.729,738.525,14422.033,40735.443,2,26,71,1,26,73
610,BC,2017,0,0,0,0,0.999,0,,,,0,100,0
611,AB,2017,145.5,970.05,3578.45,157.75,942.9,3365.35,3,21,76,4,21,75
612,AB,2017,0,5127.334,1105.325,0,10745.653,3159.346,0,82,18,0,77,23
615,AB,2017,3868.231,14392.919,0,5024.125,16119.873,0,21,79,0,24,76,0
616,AB,2017,13753.76,3705,0,8383.678,4267.321,0,79,21,0,66,34,0
617,AB,2017,1583.428,4271.571,1186,2142.286,6063.714,1831,22,61,17,21,60,18
618,AB,2017,1020.097,8347.103,578.31,1104.651,6640.527,1134.25,10,84,6,12,75,13
618,BC,2017,281.87,3880.505,693.884,1220.138,15354.003,4637.858,6,80,14,6,72,22
619,AB,2017,0,502,0,0,788,0,0,100,0,0,100,0
622,AB,2017,3106.152,10585.807,0,4821.64,16592.359,0,23,77,0,23,77,0
623,AB,2017,3754.902,18661.052,3616.783,8225.792,40027.809,10934.398,14,72,14,14,68,18
625,AB,2017,59,118,0,90.333,180.667,0,33,67,0,33,67,0
626,AB,2017,0,1384.001,0,0,3655,0,0,100,0,0,100,0
629,AB,2017,179.3,2523.048,724.743,654.6,7987.227,1651.722,5,74,21,6,78,16
630,AB,2017,79.75,5550.256,59.333,267.375,18470.071,173.556,1,98,1,1,98,1
631,AB,2017,0,1163.7,114.3,0,4309.2,443.8,0,91,9,0,91,9
647,SK,2017,887.918,224.082,0,1537.808,220.192,0,80,20,0,87,13,0
650,AB,2017,363.94,4113.734,481.076,660.167,7563.203,916.632,7,83,10,7,83,10
652,SK,2017,24.703,192.296,0,58.51,454.489,0,11,89,0,11,89,0
657,SK,2017,188.623,3096.877,0,594.267,5227.731,0,6,94,0,10,90,0
658,SK,2017,1343.182,684.768,0,602.324,305.676,0,66,34,0,66,34,0
660,SK,2017,700.712,9620.038,0,928.328,12086.673,0,7,93,0,7,93,0
661,SK,2017,84.293,6887.706,0,32.399,2779.601,0,1,99,0,1,99,0
662,SK,2017,68,272,0,24,96,0,20,80,0,20,80,0
667,MB,2017,0,281,0,0,325,0,0,100,0,0,100,0
669,MB,2017,0,17960.851,0,0,9531.001,0,0,100,0,0,100,0
669,SK,2017,0,0,846,0,0,324,0,0,100,0,0,100
672,SK,2017,7226.017,5702.397,427.132,3149.862,1983.111,137.026,54,43,3,60,38,3
677,MB,2017,0,0,4207,0,0,3487,0,0,100,0,0,100
678,AB,2017,5954.977,123210.14,5952.039,5849.741,119241.666,5412.882,4,91,4,4,91,4
679,AB,2017,0,15735.77,0,0,26672,0,0,100,0,0,100,0
680,AB,2017,4281.909,68653.661,0,6350.711,92598.999,0,6,94,0,6,94,0
680,SK,2017,742.205,13707.743,0,2844.191,29747.809,0,5,95,0,9,91,0
681,AB,2017,3263.847,94406.693,23767.41,1879.412,34803.939,9902.44,3,78,20,4,75,21
682,SK,2017,2961.511,4238.892,2349.447,5903.227,8751.165,3004.607,31,44,25,33,50,17
683,AB,2017,52120.77,20360,0,23902,6035,0,72,28,0,80,20,0
684,AB,2017,741.355,89454.526,35099.138,1235.353,130403.125,46088.824,1,71,28,1,73,26
685,SK,2017,949.54,14550.01,10416.002,816.187,25956.81,13131,4,56,40,2,65,33
686,AB,2017,0,11887.39,0,0,18856,0,0,100,0,0,100,0
686,SK,2017,48.487,1428.512,0,127.51,4583.491,0,3,97,0,3,97,0
687,AB,2017,2846.111,10393.888,0,3815.056,12334.144,0,21,79,0,24,76,0
687,SK,2017,7250.584,82323.417,0,8426.979,61174.021,0,8,92,0,12,88,0
688,AB,2017,0,68106.8,0,0,43336.9,0,0,100,0,0,100,0
689,SK,2017,2878.196,39711.3,0,4098.031,23810.964,0,7,93,0,15,85,0
690,SK,2017,2277.345,29850.055,0,3192.17,30759.829,0,7,93,0,9,91,0
691,SK,2017,17401.664,1600.636,0,5101.421,181.578,0,92,8,0,97,3,0
692,AB,2017,52.393,36591.854,13024.727,121.554,67717.967,32799.763,0,74,26,0,67,33
693,SK,2017,13132.673,114575.325,0,7825.407,20517.595,0,10,90,0,28,72,0
694,SK,2017,39129.029,42084.445,21699.531,9164.228,6357.927,2437.845,38,41,21,51,35,14
695,SK,2017,22456.683,12872.318,0,20745.725,9382.274,0,64,36,0,69,31,0
696,SK,2017,55698.261,89149.682,0,31780.931,30241.064,0,38,62,0,51,49,0
697,SK,2017,0,8563.661,46132.342,0,1703.744,9168.258,0,16,84,0,16,84
698,SK,2017,33334.441,23157.062,0,5284.51,5166.49,0,59,41,0,51,49,0
699,SK,2017,0,30081.998,0,0,19762,0,0,100,0,0,100,0
700,SK,2017,0,11747.961,33815.091,0,4682.59,6926.411,0,26,74,0,40,60
701,SK,2017,55112.538,14101.863,0,31177.711,4016.292,0,80,20,0,89,11,0
702,SK,2017,8433.493,190411.214,18162.299,3220.921,23753.226,740.847,4,88,8,12,86,3
703,AB,2017,0,75284.321,935.959,0,90669.95,1659,0,99,1,0,98,2
704,SK,2017,1200.362,66680.648,23443.291,577.804,16791.635,5487.562,1,73,26,3,73,24
705,SK,2017,0,63787.152,223307.851,0,14601.327,8658.67,0,22,78,0,63,37
706,SK,2017,3687.92,108982.081,0,412.978,18840.023,0,3,97,0,2,98,0
707,SK,2017,16906.679,163204.426,1976.998,11750.529,39047.447,425.023,9,90,1,23,76,1
708,AB,2017,1754.1,60300.393,0,3281.4,103976.099,0,3,97,0,3,97,0
709,MB,2017,4519.877,145653.624,14057.343,2018.029,64837.756,3468.215,3,89,9,3,92,5
709,SK,2017,28248.87,181376.926,12990.202,9852.805,43705.852,1872.343,13,81,6,18,79,3
710,SK,2017,1016.333,11140.969,0,1256.931,17757.068,0,8,92,0,7,93,0
711,SK,2017,267.339,16670.611,0,118.341,19672.659,0,2,98,0,1,99,0
714,MB,2017,0,1817,0,0,840,0,0,100,0,0,100,0
714,SK,2017,0,56782.857,6339.591,0,30470.627,1552.374,0,90,10,0,95,5
715,MB,2017,645.197,16885.457,11736.443,1104.496,9016.633,8087.871,2,58,40,6,50,44
715,SK,2017,0,9487.449,2813.549,0,3718.856,834.144,0,77,23,0,82,18
716,MB,2017,3989.65,39331.55,19671.55,3748.999,22287,12920,6,62,31,10,57,33
717,MB,2017,45456.582,43748.868,13177.051,21281.422,20434.355,3527.223,44,43,13,47,45,8
718,MB,2017,0,2094.7,0,0,7522,0,0,100,0,0,100,0
720,MB,2017,0,0,1451.6,0,0,5201,0,0,100,0,0,100
723,MB,2017,42,23593.252,2754.7,315,87292.002,3607,0,89,10,0,96,4
724,MB,2017,3248.83,27140.327,133143.491,5371.642,18173.701,60064.657,2,17,81,6,22,72
726,MB,2017,46272.071,0,1429.879,60319.124,0,840.875,97,0,3,99,0,1
727,AB,2017,27455.816,195312.24,137861.562,15393.353,74596.151,42484.325,8,54,38,12,56,32
728,AB,2017,3788.611,194851.474,3751.411,1935.278,43161.035,503.038,2,96,2,4,95,1
729,AB,2017,31676.706,97938.042,0,21812.542,48293.57,0,24,76,0,31,69,0
729,SK,2017,19074.962,340584.03,0,10823.248,130980.747,0,5,95,0,8,92,0
730,AB,2017,44290.232,401308.901,11197.5,23443.089,170948.417,5597.222,10,88,2,12,85,3
731,AB,2017,19485.247,437884.173,0,13878.853,147262.317,0,4,96,0,9,91,0
732,AB,2017,0,14204.7,0,0,14855.4,0,0,100,0,0,100,0
733,SK,2017,25927.979,139519.445,9017.573,8994.055,55042.122,1704.819,15,80,5,14,84,3
734,SK,2017,25630.705,11949.293,0,16885.564,2696.436,0,68,32,0,86,14,0
735,SK,2017,3643.232,153547.768,0,3954.198,32985.799,0,2,98,0,11,89,0
736,SK,2017,36142.694,207377.247,7239.053,10152.758,41131.335,1063.914,14,83,3,19,79,2
737,AB,2017,21647.1,114696.95,15897.55,10695.2,63894.65,7474.5,14,75,10,13,78,9
738,AB,2017,7529.81,125978.33,0,5317.6,26057.16,0,6,94,0,17,83,0
739,AB,2017,86119.622,9150.3,0,85223.668,7452,0,90,10,0,92,8,0
739,SK,2017,29166.71,3618.291,0,23538.128,1267.873,0,89,11,0,95,5,0
740,AB,2017,14870.2,147394.301,0,10403.9,68603.7,0,9,91,0,13,87,0
741,SK,2017,4233.912,149834.283,1344.807,355.873,17278.212,155.912,3,96,1,2,97,1
742,SK,2017,26035.604,11753.397,0,10364.606,338.393,0,69,31,0,97,3,0
743,AB,2017,2020.5,75412.325,0,623.7,35883.483,0,3,97,0,2,98,0
743,SK,2017,3508.518,5575.336,2092.147,1337.744,3035.032,1134.222,31,50,19,24,55,21
744,AB,2017,0,185883.41,14791.84,0,68186.68,2493.92,0,93,7,0,96,4
745,SK,2017,25477.548,712512.091,3308.365,7231.791,97091.441,469.774,3,96,0,7,93,0
746,AB,2017,0,145301.55,0,0,74132.3,0,0,100,0,0,100,0
747,SK,2017,22612.278,41933.723,0,16745.153,8161.849,0,35,65,0,67,33,0
748,SK,2017,5505.953,594843.067,835.982,1715.202,163557.113,101.687,1,99,0,1,99,0
749,SK,2017,13814.739,360599.257,0,6444.585,72777.413,0,4,96,0,8,92,0
750,AB,2017,0,48819.53,11211.07,0,90330.24,21986.56,0,81,19,0,80,20
751,MB,2017,9748.25,36717.105,0,9598.459,16522.54,0,21,79,0,37,63,0
751,SK,2017,12349.648,13607.202,0,6812.329,5962.668,0,48,52,0,53,47,0
752,MB,2017,0,97472.752,1397.247,0,50620.994,641.005,0,99,1,0,99,1
752,SK,2017,12401.36,374910.648,0,5755.172,137790.826,0,3,97,0,4,96,0
753,MB,2017,3039.58,442109.257,6356.16,1604.828,131236.983,2898.189,1,98,1,1,97,2
754,SK,2017,2783.686,151916.913,54700.401,1798.638,32918.313,10634.051,1,73,26,4,73,23
755,SK,2017,2318.7,171116.302,0,497.15,43096.848,0,1,99,0,1,99,0
756,SK,2017,6387.592,310880.407,0,920.465,102199.536,0,2,98,0,1,99,0
757,MB,2017,64774.605,26008.4,1572.65,30623.274,6497.724,0,70,28,2,82,18,0
758,MB,2017,43005.278,121618.52,9419.604,19629.456,30497.785,6955.236,25,70,5,34,53,12
759,MB,2017,4870.528,34536.472,0,1846.517,13093.483,0,12,88,0,12,88,0
760,MB,2017,0,80472,0,1206.392,24555.607,0,0,100,0,5,95,0
760,SK,2017,4543.133,319337.871,0,2518.613,124471.382,0,1,99,0,2,98,0
761,SK,2017,0,13403.001,1926,0,9442,989,0,87,13,0,91,9
762,SK,2017,23057.9,65137.099,0,12956.008,30115.991,0,26,74,0,30,70,0
763,MB,2017,92102.793,56943.765,6557.444,51403.46,24190.799,4557.742,59,37,4,64,30,6
763,SK,2017,30044.437,15418.565,0,21172.489,2821.512,0,66,34,0,88,12,0
764,MB,2017,0,70466.004,0,1130.067,24097.936,0,0,100,0,4,96,0
765,MB,2017,3452.874,336512.131,0,4523.715,75359.243,3.043,1,99,0,6,94,0
766,MB,2017,957.928,188601.072,0,606.407,35995.592,0,1,99,0,2,98,0
767,SK,2017,3733.716,432044.119,45385.16,698.029,48566.181,5727.793,1,90,9,1,88,10
768,SK,2017,0,41235.003,0,0,9256.999,0,0,100,0,0,100,0
769,AB,2017,0,90513.2,0,0,73915.8,0,0,100,0,0,100,0
770,SK,2017,67020.856,226523.001,8571.149,24371.229,39183.887,1530.885,22,75,3,37,60,2
771,AB,2017,12924.75,72886.275,199.6,9448.189,52128.48,132.6,15,85,0,15,84,0
771,SK,2017,0,43788.998,1413,380.991,15260.285,616.727,0,97,3,2,94,4
772,SK,2017,12895.685,29268.314,0,10561.499,2376.502,0,31,69,0,82,18,0
773,SK,2017,11045.138,249796.223,28627.642,3439.4,46935.432,6622.168,4,86,10,6,82,12
774,SK,2017,0,64245.003,0,0,8760.998,0,0,100,0,0,100,0
775,SK,2017,3302.082,71003.921,0,292.587,10758.414,0,4,96,0,3,97,0
776,SK,2017,41494.746,9798.252,0,20724.975,1950.024,0,81,19,0,91,9,0
777,AB,2017,10212.2,2239.35,0,12905,3040.8,0,82,18,0,81,19,0
778,SK,2017,20130.363,8480.639,0,4531.81,1909.188,0,70,30,0,70,30,0
779,AB,2017,0,28033.2,0,0,19060.2,0,0,100,0,0,100,0
780,SK,2017,8239.063,52258.662,263069.277,1380.216,4044.433,19981.348,3,16,81,5,16,79
781,AB,2017,12556.32,54967.971,149610.768,4728.08,14257.689,16799.771,6,25,69,13,40,47
782,SK,2017,15594.335,528247.662,0,7511.118,90461.884,0,3,97,0,8,92,0
783,SK,2017,0,262433.004,0,0,52501.998,0,0,100,0,0,100,0
784,SK,2017,11709.659,72263.637,2172.709,4433.244,17309.322,301.436,14,84,3,20,79,1
785,SK,2017,0,75560.64,5818.359,0,16618.909,916.091,0,93,7,0,95,5
786,AB,2017,0,94169.85,18.8,0,36445.9,16.7,0,100,0,0,100,0
787,AB,2017,0,46146.8,0,0,12433.5,0,0,100,0,0,100,0
788,AB,2017,0,50310.4,15276.6,0,12417.4,3243.6,0,77,23,0,79,21
789,SK,2017,14718.304,128482.648,2673.049,10065.036,19573.44,113.523,10,88,2,34,66,0
790,AB,2017,14768.6,42485.1,0,3686.9,8420.9,0,26,74,0,30,70,0
791,AB,2017,0,190114,0,0,32614,0,0,100,0,0,100,0
792,SK,2017,29923.918,59351.498,602215.578,18708.905,5909.463,57272.633,4,9,87,23,7,70
793,AB,2017,45383.225,356176.194,23460.083,18278.279,107468.94,5071.094,11,84,6,14,82,4
794,SK,2017,0,432173.001,0,0,97845.001,0,0,100,0,0,100,0
795,SK,2017,0,232381.001,0,588.48,60447.521,0,0,100,0,1,99,0
796,SK,2017,12921.506,49864.491,0,8365.632,16414.353,0,21,79,0,34,66,0
797,AB,2017,1639.4,15739,53,1144.5,8443.563,51,9,90,0,12,88,1
798,AB,2017,30145.2,296780.9,28410.95,14429.7,118278.59,11034.96,8,84,8,10,82,8
799,AB,2017,0,46135,0,0,62414,0,0,100,0,0,100,0
800,AB,2017,0,72648.1,69440.75,0,46890.37,40877.64,0,51,49,0,53,47
801,AB,2017,0,25147.2,2233.8,0,43810.95,3631.05,0,92,8,0,92,8
802,AB,2017,0,59885.05,0,413.19,41722.55,0,0,100,0,1,99,0
803,SK,2017,6519.759,104288.664,54122.58,1945.087,11092.737,4971.174,4,63,33,11,62,28
804,AB,2017,11756.17,35037.68,0,11684.91,21355.94,0,25,75,0,35,65,0
805,AB,2017,4083.757,6481.512,3673.732,1839.874,1978.634,1121.493,29,46,26,37,40,23
805,SK,2017,4372.112,42732.3,24745.59,1185.72,6134.483,2713.797,6,59,34,12,61,27
806,AB,2017,1255.7,54945,393.05,2391.5,76918.02,501.9,2,97,1,3,96,1
807,SK,2017,0,65810.927,8881.071,0,6600.489,624.511,0,88,12,0,91,9
808,SK,2017,3178.038,109799.678,424179.286,423.48,9870.241,34677.278,1,20,79,1,22,77
809,AB,2017,3229.6,91919.35,0,3710.555,45887.095,0,3,97,0,7,93,0
809,SK,2017,3942.905,107582.028,27306.062,710.749,8535.935,1016.312,3,77,20,7,83,10
810,SK,2017,0,92337,0,0,18302.001,0,0,100,0,0,100,0
811,AB,2017,4446,4485.701,30244.297,822,945.898,7536.103,11,11,77,9,10,81
811,SK,2017,0,330.545,881.455,0,72,192,0,27,73,0,27,73
812,AB,2017,28472.2,22772.86,21752.85,26789,15603.67,14358,39,31,30,47,27,25
813,SK,2017,2600.363,78837.394,35753.244,1490.142,19408.209,8675.652,2,67,31,5,66,29
814,AB,2017,1037.25,10097.86,0,1113.3,8739.33,0,9,91,0,11,89,0
815,AB,2017,18139.299,13955.413,0,13062.2,10260.766,0,57,43,0,56,44,0
815,SK,2017,21357.562,7806.437,0,3091.129,1725.869,0,73,27,0,64,36,0
816,SK,2017,39614.706,307034.912,24722.38,30442.152,88102.618,4382.241,11,83,7,25,72,4
817,SK,2017,0,86188.126,3439.874,0,9033.768,327.232,0,96,4,0,97,3
818,AB,2017,0,29690.45,0,0,19181.2,0,0,100,0,0,100,0
819,SK,2017,21715.261,6209.74,0,4233.005,1184.994,0,78,22,0,78,22,0
820,SK,2017,739.92,167219.903,749.169,0,36631.999,0,0,99,0,0,100,0
821,AB,2017,1568.758,75926.835,614.53,1036.87,32056.52,516.598,2,97,1,3,95,2
821,SK,2017,491.185,148888.814,0,1169.335,48928.663,0,0,100,0,2,98,0
822,SK,2017,5055.032,127560.572,1386.39,2157,48381.18,758.821,4,95,1,4,94,1
823,AB,2017,25492.167,124259.332,0,5577.844,26120.656,0,17,83,0,18,82,0
824,SK,2017,20493.397,60552.295,1387.309,9360.866,25876.132,0,25,73,2,27,73,0
825,SK,2017,0,425674.006,0,1199.542,102310.458,0,0,100,0,1,99,0
826,SK,2017,13319.167,573274.755,88567.076,10915.849,146141.77,10904.832,2,85,13,6,87,6
827,SK,2017,21826.79,9057.438,1506.771,26611.166,10516.834,1423.001,67,28,5,69,27,4
828,AB,2017,18971.413,566575.843,0,2963.394,84866.556,0,3,97,0,3,97,0
829,AB,2017,23270.85,11404.35,0,4001.65,2057.35,0,67,33,0,66,34,0
830,SK,2017,12767.536,234799.72,34203.746,7501.375,78906.687,8401.937,5,83,12,8,83,9
831,SK,2017,5580.613,124643.601,1345.788,1344.253,30203.744,0,4,95,1,4,96,0
832,SK,2017,12572.085,238565.307,810.604,7525.941,122304.542,759.519,5,95,0,6,94,1
833,AB,2017,55,18364.8,16.5,110.5,5527.8,33.15,0,100,0,2,97,1
833,SK,2017,0,29172.89,20174.11,0,25149.889,14862.11,0,59,41,0,63,37
834,SK,2017,0,56399.786,136099.215,0,12664.043,39406.955,0,29,71,0,24,76
835,SK,2017,0,5485.064,13407.935,0,2195.419,5366.58,0,29,71,0,29,71
836,AB,2017,0,8431,0,0,2315,0,0,100,0,0,100,0
837,AB,2017,0,18616,0,0,11645,0,0,100,0,0,100,0
837,SK,2017,0,9304.044,1850.957,0,13619.713,2656.288,0,83,17,0,84,16
838,AB,2017,514.1,2432.899,0,1122.4,3264.599,0,17,83,0,26,74,0
838,SK,2017,0,45427.663,1844.335,0,27182.779,2207.127,0,96,4,0,92,8
839,MB,2017,8003.888,71119.298,8694.816,2239.672,25038.253,3105.077,9,81,10,7,82,10
840,MB,2017,41634.072,11382.272,13868.656,22237.739,9395.146,4773.115,62,17,21,61,26,13
841,MB,2017,19280.163,12604.335,0,1648.584,47470.417,0,60,40,0,3,97,0
843,MB,2017,12231.032,6641.966,0,13798.319,7205.681,0,65,35,0,66,34,0
844,MB,2017,9521.463,33743.912,5291.621,6816.245,25764.08,3821.676,20,69,11,19,71,10
846,MB,2017,0,14795.002,0,0,32829.999,0,0,100,0,0,100,0
847,MB,2017,0,31044.851,20731.85,0,7880.451,2972.55,0,60,40,0,73,27
848,MB,2017,879.368,8188.382,0,363.368,3832.633,0,10,90,0,9,91,0
849,MB,2017,11630.333,41275.724,629208.943,3432.207,12288.278,66084.519,2,6,92,4,15,81
850,MB,2017,131683.772,31504.229,0,50961.827,5681.172,0,81,19,0,90,10,0
851,MB,2017,0,42547.06,34118.942,0,6100.87,4579.129,0,55,45,0,57,43
852,MB,2017,41006.51,93259.151,111115.338,6085.132,9126.692,9723.177,17,38,45,24,37,39
853,MB,2017,0,17193.505,31669.496,0,1031.336,1899.664,0,35,65,0,35,65
854,MB,2017,5538.5,71385.497,0,1699.125,17564.876,0,7,93,0,9,91,0
855,MB,2017,0,10796,0,0,3642,0,0,100,0,0,100,0
940,BC,2017,33,11,0,321,53,0,75,25,0,86,14,0
943,BC,2017,0,3,0,0,3,0,0,100,0,0,100,0
944,BC,2017,122.692,30.907,0.4,791.765,112.335,1.9,80,20,0,87,12,0
948,BC,2017,0,0,0,3,0,0,,,,100,0,0
950,BC,2017,35.155,579.311,0,193.967,1674.033,0,6,94,0,10,90,0
955,BC,2017,20.8,14.8,28.3,240.658,74.943,435.4,33,23,44,32,10,58
956,BC,2017,1124.758,1068.734,464.021,3648.052,2990.085,987.864,42,40,17,48,39,13
957,BC,2017,112.615,90.226,0,358.586,214.412,0,56,44,0,63,37,0
958,BC,2017,6.93,6.07,0,25.036,4.964,0,53,47,0,83,17,0
959,BC,2017,3943.792,21787.476,536.123,3087.233,18243.534,416.986,15,83,2,14,84,2
960,BC,2017,31,0,0,10,0,0,100,0,0,100,0,0
962,BC,2017,0,14,0,0,67,0,0,100,0,0,100,0
969,BC,2017,0,12.49,0,0,264,0,0,100,0,0,100,0
971,BC,2017,22.8,1.2,0,497.8,34.199,0,95,5,0,94,6,0
972,BC,2017,2759.273,1286.007,2152.539,19964.046,10213.064,17985.893,45,21,35,41,21,37
974,BC,2017,110.08,38.6,54.32,2054.603,618.717,866.68,54,19,27,58,17,24
976,BC,2017,240.177,495.379,0,3740.697,6725.301,0,33,67,0,36,64,0
977,BC,2017,382.837,739.603,0,5253.821,6102.179,0,34,66,0,46,54,0
978,BC,2017,507.747,821.568,0,4514.489,11054.513,0,38,62,0,29,71,0
979,BC,2017,1891.648,4771.356,0,16500.743,43821.258,0,28,72,0,27,73,0
980,BC,2017,24,6.4,1.6,178.5,47.6,11.9,75,20,5,75,20,5
981,BC,2017,2,19,34,9,497,119,4,35,62,1,80,19
982,BC,2017,1476.819,1751.8,2099.576,16253.161,16091.126,22708.712,28,33,39,30,29,41
987,BC,2017,7,7,0,85,100,0,50,50,0,46,54,0
988,BC,2017,361.575,253.425,0,972.01,488.99,0,59,41,0,67,33,0
990,BC,2017,184.285,27.714,0,557.025,67.977,0,87,13,0,89,11,0
991,BC,2017,124.268,2882.941,395.741,237.5,5944.474,1415.026,4,85,12,3,78,19
992,BC,2017,3.2,8.8,0,28.533,78.467,0,27,73,0,27,73,0
995,BC,2017,36.302,153.698,0,110.322,475.679,0,19,81,0,19,81,0
1001,BC,2017,1210.602,949.429,0,2504.694,1867.305,0,56,44,0,57,43,0
1002,BC,2017,156,23,0,855.5,112.5,0,87,13,0,88,12,0
1003,BC,2017,3,0,0,37,0,0,100,0,0,100,0,0
1004,BC,2017,798.914,1729.735,595.35,2501.052,4947.092,2200.85,26,55,19,26,51,23
1005,BC,2017,2206.85,3475.884,0,10003.771,16365.231,0,39,61,0,38,62,0
1006,BC,2017,3693.4,2533.814,0,16375.979,25995.02,0,59,41,0,39,61,0
1007,BC,2017,2909.286,2782.296,2500.539,3320.876,3072.335,4380.791,36,34,31,31,29,41
1008,BC,2017,1571.924,592.448,462.63,4002.429,1983.223,1180.347,60,23,18,56,28,16
1009,BC,2017,1228.534,284.597,0,2346.666,561.334,0,81,19,0,81,19,0
1010,BC,2017,2190.88,1025.155,0,567.91,418.089,0,68,32,0,58,42,0
1011,BC,2017,656.921,144.059,0,2754.212,584.787,0,82,18,0,82,18,0
1012,BC,2017,322.09,26.909,0,810.133,181.868,0,92,8,0,82,18,0
1013,BC,2017,341.221,189.334,177.444,1937.668,1144.111,1100.222,48,27,25,46,27,26
1015,BC,2017,942.977,806.026,0,3333.328,2922.671,0,54,46,0,53,47,0
1016,AB,2017,789,884,0,2460,3302,0,47,53,0,43,57,0
1017,BC,2017,106.318,23.68,0,526.8,467.2,0,82,18,0,53,47,0
1018,AB,2017,216,10548.05,178.65,437.35,21213.25,284.8,2,96,2,2,97,1
9593,AB,2017,0,13172,52688,0,3797.2,15188.8,0,20,80,0,20,80
9607,AB,2017,0,0,3125,0,0,1146,0,0,100,0,0,100
9609,AB,2017,515.933,6628.397,3772.65,1411.85,5678.8,2865.35,5,61,35,14,57,29
9687,AB,2017,7091.372,132492.458,0,5101.666,91209.835,0,5,95,0,5,95,0
9787,AB,2017,0,76060.18,0,0,19929.85,0,0,100,0,0,100,0
244,AB,2018,0,0,1275,0,0,1087,0,0,100,0,0,100
244,BC,2018,0,17.999,10,0,363,80,0,64,36,0,82,18
252,BC,2018,0,16,0,0,188,0,0,100,0,0,100,0
371,MB,2018,0,0,147,0,0,63,0,0,100,0,0,100
374,ON,2018,13,0,0,180,0,0,100,0,0,100,0,0
375,MB,2018,2368.535,19530.437,48016.097,1475.077,5898.966,10553.957,3,28,69,8,33,59
376,MB,2018,0,31,0,0,17,0,0,100,0,0,100,0
378,ON,2018,207,383,0,274,6855,0,35,65,0,4,96,0
379,MB,2018,1578.702,1211.7,0,1136.085,882.915,0,57,43,0,56,44,0
380,MB,2018,2270.575,142.831,2569.894,3524.576,1513.695,2084.73,46,3,52,49,21,29
381,ON,2018,0,3717,0,0,39034,0,0,100,0,0,100,0
383,ON,2018,388.286,3839.714,0,1366.571,9550.429,0,9,91,0,13,87,0
386,ON,2018,57,0,0,473,0,0,100,0,0,100,0,0
391,ON,2018,3,0,0,139,0,0,100,0,0,100,0,0
400,ON,2018,0,0,737,0,0,2416,0,0,100,0,0,100
401,ON,2018,265.968,762.967,3502.066,832.277,3282.636,12913.088,6,17,77,5,19,76
401,QC,2018,1242.001,47,14132.23,6162.001,233,71522.128,8,0,92,8,0,92
402,ON,2018,0,93,0,0,651,0,0,100,0,0,100,0
407,ON,2018,462.164,0,326.835,1437.585,0,553.415,59,0,41,72,0,28
408,ON,2018,0,28959,0,0,28282,0,0,100,0,0,100,0
408,QC,2018,2866.023,779.561,17417.856,2570.211,2500.444,16763.02,14,4,83,12,11,77
409,ON,2018,273,691.001,0,444,5034.001,0,28,72,0,8,92,0
410,ON,2018,59,279,0,203.4,588.6,0,17,83,0,26,74,0
411,ON,2018,6034.965,3689.036,0,25643.44,6718.561,0,62,38,0,79,21,0
412,ON,2018,0,303.4,1213.6,0,1730.4,6921.6,0,20,80,0,20,80
413,ON,2018,6415.481,1958.816,489.682,50973.747,7143.13,1445.17,72,22,6,86,12,2
415,QC,2018,954.22,0,0,1330,0,0,100,0,0,100,0,0
418,QC,2018,11266.08,930.7,650,14454,1790,1918,88,7,5,80,10,11
419,QC,2018,270,0,0,449,0,0,100,0,0,100,0,0
421,QC,2018,1415.66,0,0,2967,0,0,100,0,0,100,0,0
422,QC,2018,56,0,0,294,0,0,100,0,0,100,0,0
423,QC,2018,1168.66,807,0,4801,3607,0,59,41,0,57,43,0
424,QC,2018,2824.001,1540.001,1623,2765.999,3340.101,447.9,47,26,27,42,51,7
425,QC,2018,9155.08,3668.1,10686.979,33359.1,21380.93,19785.769,39,16,45,45,29,27
426,QC,2018,3597,578,0,4823,391,0,86,14,0,93,7,0
431,QC,2018,4,0,0,38,0,0,100,0,0,100,0,0
438,QC,2018,370.42,0,0,268,0,0,100,0,0,100,0,0
439,QC,2018,364,0,0,300,0,0,100,0,0,100,0,0
440,QC,2018,574,0,0,600,0,0,100,0,0,100,0,0
441,QC,2018,31451.35,37320.573,5189.935,23749.321,34634.458,3947.542,43,50,7,38,56,6
455,NF,2018,3,0,0,296,0,0,100,0,0,100,0,0
458,NF,2018,48,190.37,0,73,971,0,20,80,0,7,93,0
460,NF,2018,0,11.998,0,0,50,0,0,100,0,0,100,0
461,NF,2018,0,83.671,0,0,1135.001,0,0,100,0,0,100,0
462,NF,2018,0,18,0,0,78,0,0,100,0,0,100,0
463,NF,2018,0,31.999,0,0,909,0,0,100,0,0,100,0
466,NF,2018,22,335.548,0,47,919,0,6,94,0,5,95,0
468,NF,2018,0,43.8,0,0,228,0,0,100,0,0,100,0
471,NF,2018,49,123.04,0,186,383,0,28,72,0,33,67,0
475,NF,2018,0,419.68,0,0,1772,0,0,100,0,0,100,0
477,NF,2018,10.67,0,0,128,0,0,100,0,0,100,0,0
478,QC,2018,572,1237.899,0,2800,3555.499,0,32,68,0,44,56,0
479,QC,2018,5967.084,30105.356,5530.12,11278.075,73003.829,8943.1,14,72,13,12,78,10
481,QC,2018,0,5472,0,0,9954,0,0,100,0,0,100,0
482,QC,2018,19987.46,18497.237,0,67159,59304.102,0,52,48,0,53,47,0
483,QC,2018,14419.22,30914.176,949.601,38501.949,62141.949,1192.1,31,67,2,38,61,1
484,NB,2018,0,124,0,0,291,0,0,100,0,0,100,0
484,QC,2018,339,3257.97,0,1549,7142,0,9,91,0,18,82,0
485,NB,2018,243.333,422.667,0,1073.719,921.282,0,37,63,0,54,46,0
486,NB,2018,771.9,5580.1,0,482.7,4009.3,0,12,88,0,11,89,0
487,NB,2018,192.861,392.137,0,1097.079,2500.921,0,33,67,0,30,70,0
487,QC,2018,20.406,1435.595,0,84.643,3665.354,0,1,99,0,2,98,0
488,NB,2018,28.666,193.334,0,89.333,975.667,0,13,87,0,8,92,0
489,NB,2018,254,1074,0,273,1212,0,19,81,0,18,82,0
490,NB,2018,250.159,769.841,0,792.417,681.582,0,25,75,0,54,46,0
493,NB,2018,1626.198,15903.446,926.355,1459.98,13445.503,665.516,9,86,5,9,86,4
494,NB,2018,0,17179,0,0,10329,0,0,100,0,0,100,0
495,NB,2018,162,480,0,998.99,2177.009,0,25,75,0,31,69,0
496,NB,2018,2647.032,398.823,199.143,15234.107,2814.379,1308.514,82,12,6,79,15,7
497,NB,2018,217.5,855.5,0,828.25,2213.749,0,20,80,0,27,73,0
498,NB,2018,404,0,0,1532,0,0,100,0,0,100,0,0
499,NB,2018,684.28,295.42,14.3,924.359,2437.54,61.1,69,30,1,27,71,2
500,NB,2018,5630.285,131.814,283.9,7262.104,200.997,641.9,93,2,5,90,2,8
501,NB,2018,1951.899,2909.101,0,1015.403,2293.597,0,40,60,0,31,69,0
502,NB,2018,554.62,1170.379,0,1026.259,2405.74,0,32,68,0,30,70,0
503,NB,2018,2374.981,2436.02,40,6795.983,11420.02,100,49,50,1,37,62,1
504,NB,2018,1354,211,0,6129,241,0,87,13,0,96,4,0
504,NS,2018,4895.423,1757.081,0,16606.384,6086.624,0,74,26,0,73,27,0
505,NB,2018,268,842.002,0,760,3852,0,24,76,0,16,84,0
506,NB,2018,36,423,0,569.96,1378.04,0,8,92,0,29,71,0
507,NB,2018,147,1662.001,0,1239,5827.999,0,8,92,0,18,82,0
507,NS,2018,3846.182,1909.621,0,6069.794,3439.083,0,67,33,0,64,36,0
508,NB,2018,404.001,0,0,505,0,0,100,0,0,100,0,0
509,NS,2018,271.999,1643,0,487.999,3278.001,0,14,86,0,13,87,0
510,NS,2018,52.983,91.666,0,200.5,148.5,0,37,63,0,57,43,0
511,NS,2018,0,137.995,0,0,75,0,0,100,0,0,100,0
512,NS,2018,0,3491.514,0,0,3473.003,0,0,100,0,0,100,0
513,NS,2018,102.92,279.658,0,327.382,1009.619,0,27,73,0,24,76,0
514,NS,2018,20.69,0,0,10,0,0,100,0,0,100,0,0
516,NS,2018,222.959,777.954,0,1321.8,1661.205,0,22,78,0,44,56,0
517,NS,2018,771.046,5163.78,0,2544.732,18410.27,0,13,87,0,12,88,0
518,NS,2018,8491.493,4783.218,0,11581.52,8736.477,0,64,36,0,57,43,0
519,NS,2018,0,284,0,0,750,0,0,100,0,0,100,0
520,NS,2018,13.75,500.25,0,66.167,1790.833,0,3,97,0,4,96,0
521,NS,2018,0,63,0,0,749,0,0,100,0,0,100,0
522,NS,2018,80.49,335.429,0,714.597,2911.402,0,19,81,0,20,80,0
523,NS,2018,167.867,751.661,0,599.021,3076.978,0,18,82,0,16,84,0
524,NS,2018,39,25,0,181,92,0,61,39,0,66,34,0
525,NS,2018,408.905,1615.763,0,1299.675,5334.321,0,20,80,0,20,80,0
527,NS,2018,57.022,757.977,0,192.865,1653.134,0,7,93,0,10,90,0
528,NS,2018,1618.775,1339.008,0,1180.006,1147.995,0,55,45,0,51,49,0
529,NS,2018,0,731,0,0,451.996,0,0,100,0,0,100,0
530,NS,2018,34,1157.002,0,56.667,1476.335,0,3,97,0,4,96,0
531,NS,2018,469.741,1321.542,0,559.64,3012.358,0,26,74,0,16,84,0
534,PE,2018,16705.611,5141.385,0,12765.825,3319.177,0,76,24,0,79,21,0
535,PE,2018,17424,0,0,12213,0,0,100,0,0,100,0,0
536,PE,2018,42488.123,2418.875,0,33066.126,1909.875,0,95,5,0,95,5,0
537,PE,2018,19773.667,445.334,0,22889.665,605.334,0,98,2,0,97,3,0
538,PE,2018,6271,0,0,3433,0,0,100,0,0,100,0,0
539,QC,2018,14,203.21,48.98,133,611,207,5,76,18,14,64,22
540,QC,2018,224971.515,114040.989,86603.92,147958.003,51741.289,50703.313,53,27,20,59,21,20
541,ON,2018,0,15346.2,2637.8,1787.962,2601.64,917.4,0,85,15,34,49,17
541,QC,2018,146075.502,43417.44,276230.476,43497.888,10747.293,65883.817,31,9,59,36,9,55
542,ON,2018,0,1111.622,21373.697,2873.559,1786.077,30120.361,0,5,95,8,5,87
543,ON,2018,7372,42092.455,19401.007,6799.058,16157.265,7013.858,11,61,28,23,54,23
543,QC,2018,0,427,1563,0,560,2276.4,0,21,79,0,20,80
544,ON,2018,4126.178,64129.097,15979.928,3943.882,21455.506,5281.614,5,76,19,13,70,17
545,ON,2018,5806.367,15159.994,13638.942,4807.812,6446.369,8946.818,17,44,39,24,32,44
546,ON,2018,0,44749.636,9931.327,0,25093.754,5781.246,0,82,18,0,81,19
546,QC,2018,0,376,0,0,218,0,0,100,0,0,100,0
547,ON,2018,7807.442,26881.458,22092.679,14243.716,23024.614,27491.965,14,47,39,22,36,42
548,QC,2018,235.96,0,0,419,0,0,100,0,0,100,0,0
549,ON,2018,0,750.58,8455.538,0,1065.848,12022.152,0,8,92,0,8,92
550,ON,2018,1223.773,5503.272,2384.037,5440.077,29349.684,8695.167,13,60,26,13,67,20
551,ON,2018,35098.46,71807.654,59109.294,33676.403,40169.277,52231.321,21,43,36,27,32,41
552,ON,2018,38260.49,6520.254,0,59062.261,22217.216,0,85,15,0,73,27,0
553,ON,2018,66042.11,104107.04,20269.557,47867.069,59956.334,13878.666,35,55,11,39,49,11
554,ON,2018,20283.469,4328.71,0,34092.423,4245.577,0,82,18,0,89,11,0
555,ON,2018,12529.554,9075.771,22507.603,12374.066,19254.988,22792.27,28,21,51,23,35,42
556,ON,2018,27889.337,118216.278,2491.864,31860.635,74195.236,1477.125,19,80,2,30,69,1
557,ON,2018,10665.933,283005.907,0,3392.751,75444.25,0,4,96,0,4,96,0
558,ON,2018,18560.409,226408.317,1121.478,12357.583,75729.274,59.142,8,92,0,14,86,0
559,ON,2018,0,310.4,0,0,0,0,0,100,0,,,
560,ON,2018,23979.056,57824.002,0,10872.187,23694.812,0,29,71,0,31,69,0
561,ON,2018,541.525,18760.522,2223.222,166.562,7251.812,869,3,87,10,2,88,10
562,ON,2018,0,20428.109,10594.89,0,8791.333,4940.668,0,66,34,0,64,36
563,ON,2018,0,95,0,0,79,0,0,100,0,0,100,0
564,ON,2018,11330.679,64472.469,24932.373,9276.017,17770.082,8280.762,11,64,25,26,50,23
565,ON,2018,90916.498,209398.302,85935.197,12994.432,35798.536,11604.03,24,54,22,22,59,19
566,ON,2018,168.5,10689.952,7926.95,46.25,2854.6,2088.15,1,57,42,1,57,42
567,ON,2018,7045.555,160914.4,19847.047,1565.833,35576.622,4524.546,4,86,11,4,85,11
568,ON,2018,74048.954,8656.245,277.8,13588.319,1510.582,51.1,89,10,0,90,10,0
569,ON,2018,3379.605,25979.635,90662.756,717.639,6730.09,27349.273,3,22,76,2,19,79
570,ON,2018,10696.463,216200.209,53563.732,1052.2,24355.299,5440.5,4,77,19,3,79,18
571,ON,2018,9398.444,1932.667,2576.888,1525.112,277.667,370.223,68,14,19,70,13,17
572,ON,2018,3279.697,15282.44,3279.726,387.824,1571.753,630.424,15,70,15,15,61,24
581,BC,2018,78.8,2788.08,0,165.2,4876,0,3,97,0,3,97,0
583,AB,2018,0,48.578,76.421,0,103.21,127.789,0,39,61,0,45,55
583,BC,2018,0,2588.543,529.795,0,7674.443,2174.556,0,83,17,0,78,22
584,AB,2018,0,0,850,0,0,1737,0,0,100,0,0,100
585,BC,2018,615.333,19320.25,1,1939.722,58186.339,0.938,3,97,0,3,97,0
586,AB,2018,8183.836,82004.674,37626.389,3877.176,20848.522,13492.3,6,64,29,10,55,35
587,AB,2018,22742.781,1439.25,0,6990.05,430.35,0,94,6,0,94,6,0
588,AB,2018,4520.497,11707.339,97764.854,2804.77,4808.965,34621.664,4,10,86,7,11,82
589,AB,2018,794.828,2583.192,0,352.471,1145.529,0,24,76,0,24,76,0
590,AB,2018,0,22667.961,48364.42,0,10452.392,32279.609,0,32,68,0,24,76
591,AB,2018,233.2,2453.835,118191.336,237.3,1322.5,79003.5,0,2,98,0,2,98
591,BC,2018,11217.214,61456.32,16370.847,32436.85,131422.738,22622.951,13,69,18,17,70,12
592,AB,2018,824.418,19631.93,118458.11,1239.177,21022.798,52870.025,1,14,85,2,28,70
593,AB,2018,0,7293.118,90330.882,0,2303.853,31635.147,0,7,93,0,7,93
594,AB,2018,0,0,52158,0,0,39520.999,0,0,100,0,0,100
595,AB,2018,0,4290.118,95055.882,0,493.176,10099.823,0,4,96,0,5,95
596,AB,2018,10063.109,51449.839,58793.744,1944.668,9610.045,11753.289,8,43,49,8,41,50
597,AB,2018,1437.9,14360.799,28799,1386.9,19644.2,21541,3,32,65,3,46,51
598,AB,2018,0,1191.4,72804.603,0,1070.3,58814.699,0,2,98,0,2,98
599,AB,2018,0,4142,60234,0,4397,32230.001,0,6,94,0,12,88
600,AB,2018,1403.155,193.471,1499.333,2676.082,448.118,2812,45,6,48,45,8,47
609,AB,2018,0,0,398,0,0,367,0,0,100,0,0,100
610,AB,2018,818.247,10617.106,29144.277,746.257,14359.621,40083.121,2,26,72,1,26,73
610,BC,2018,0,0,0,0,0.999,0,,,,0,100,0
611,AB,2018,150.25,961.2,3470.55,159.5,967.35,3497.15,3,21,76,3,21,76
612,AB,2018,0,5103.44,1088.219,0,10739.942,3147.057,0,82,18,0,77,23
615,AB,2018,3950.316,14251.985,0,5015.207,16374.093,0,22,78,0,23,77,0
616,AB,2018,13413.332,3794.429,0,8647.178,4207.821,0,78,22,0,67,33,0
617,AB,2018,1726.856,4402.143,1252,2002.286,5927.714,1771,23,60,17,21,61,18
618,AB,2018,1044.451,8210.888,599.06,1095.921,6706.062,1120.25,11,83,6,12,75,13
618,BC,2018,259.443,4336.524,893.289,1240.168,14842.714,4400.116,5,79,16,6,72,21
619,AB,2018,0,483,0,0,830,0,0,100,0,0,100,0
622,AB,2018,3044.24,10477.721,0,4871.239,16687.763,0,23,77,0,23,77,0
623,AB,2018,3881.748,18707.339,3519.65,8142.912,40122.196,11064.893,15,72,13,14,68,19
625,AB,2018,56.334,112.667,0,99,198,0,33,67,0,33,67,0
626,AB,2018,0,1361,0,0,3711.999,0,0,100,0,0,100,0
629,AB,2018,214.7,2773.493,736.298,623.6,7816.338,1661.111,6,74,20,6,77,16
630,AB,2018,79.5,5486.062,55.777,268.125,18620.321,177.556,1,98,1,1,98,1
631,AB,2018,0,1138.6,112.4,0,4289.6,441.4,0,91,9,0,91,9
647,SK,2018,916.968,227.032,0,1436.8,215.2,0,80,20,0,87,13,0
650,AB,2018,321.607,3715.701,452.445,698.5,7947.762,946.737,7,83,10,7,83,10
652,SK,2018,21.781,170.219,0,57.472,446.528,0,11,89,0,11,89,0
657,SK,2018,203.55,2945.949,0,579.32,5248.681,0,6,94,0,10,90,0
658,SK,2018,1250.948,639.002,0,643.83,326.17,0,66,34,0,66,34,0
660,SK,2018,672.815,10059.935,0,937.132,11725.868,0,6,94,0,7,93,0
661,SK,2018,84.58,6683.422,0,31.825,2893.174,0,1,99,0,1,99,0
662,SK,2018,69.2,276.8,0,22.4,89.6,0,20,80,0,20,80,0
667,MB,2018,0,269,0,0,312,0,0,100,0,0,100,0
669,MB,2018,0,18818.851,0,0,8907.001,0,0,100,0,0,100,0
669,SK,2018,0,0,712,0,0,385,0,0,100,0,0,100
672,SK,2018,7449.305,5797.705,436.542,2968.72,1906.215,130.067,54,42,3,59,38,3
677,MB,2018,0,0,4545,0,0,3262,0,0,100,0,0,100
678,AB,2018,5816.958,126307.02,6233.156,5973.268,116204.901,5102.647,4,91,5,5,91,4
679,AB,2018,0,15047.77,0,0,27334,0,0,100,0,0,100,0
680,AB,2018,4165,69736.66,0,6441.161,91411,0,6,94,0,7,93,0
680,SK,2018,645.147,12664.805,0,2725.733,29426.266,0,5,95,0,8,92,0
681,AB,2018,3323.847,92027.692,23441.41,1824.706,36634.642,9798.44,3,77,20,4,76,20
682,SK,2018,2896.023,4131.157,2526.671,5816.139,8716.729,2823.132,30,43,26,34,50,16
683,AB,2018,51522.77,20148.001,0,24481,6275,0,72,28,0,80,20,0
684,AB,2018,697.963,89669.534,35775.222,1259.758,130098.946,45381.895,1,71,28,1,74,26
685,SK,2018,846.713,14876.838,10639.002,831.048,25602.953,12712.001,3,56,40,2,65,32
686,AB,2018,0,11067.391,0,0,19568,0,0,100,0,0,100,0
686,SK,2018,40.838,1166.161,0,128.065,4642.937,0,3,97,0,3,97,0
687,AB,2018,2754.778,9946.922,0,3892.223,12739.878,0,22,78,0,23,77,0
687,SK,2018,7052.886,82423.112,0,8186.927,58985.073,0,8,92,0,12,88,0
688,AB,2018,0,68862.797,0,0,42546.3,0,0,100,0,0,100,0
689,SK,2018,2903.773,40363.724,0,3985.874,22847.127,0,7,93,0,15,85,0
690,SK,2018,2454.555,31274.843,0,3018.404,29677.594,0,7,93,0,9,91,0
691,SK,2018,17393.975,1607.324,0,4865.14,169.859,0,92,8,0,97,3,0
692,AB,2018,50.714,37357.202,12492.907,123.164,66812.901,33163.339,0,75,25,0,67,33
693,SK,2018,12979.048,115079.954,0,7408.275,19426.724,0,10,90,0,28,72,0
694,SK,2018,39816.637,42444.335,21763.031,8378.24,6087.119,2280.639,38,41,21,50,36,14
695,SK,2018,20677.183,12644.818,0,21489.169,8229.831,0,62,38,0,72,28,0
696,SK,2018,57057.247,90046.704,0,30425,29073.998,0,39,61,0,51,49,0
697,SK,2018,0,8620.897,46447.101,0,1596.178,8584.817,0,16,84,0,16,84
698,SK,2018,33319.328,23232.174,0,5166.024,4973.975,0,59,41,0,51,49,0
699,SK,2018,0,28981.998,0,0,19399.001,0,0,100,0,0,100,0
700,SK,2018,0,12033.675,34137.377,0,4319.799,6499.202,0,26,74,0,40,60
701,SK,2018,54006.464,14156.934,0,31513.724,3852.277,0,79,21,0,89,11,0
702,SK,2018,8230.346,190585.147,18139.508,3399.403,22279.962,752.638,4,88,8,13,84,3
703,AB,2018,0,77974.471,1030.609,0,88169.201,1579.35,0,99,1,0,98,2
704,SK,2018,1201.812,67343.517,23773.972,572.242,16135.324,5198.431,1,73,26,3,74,24
705,SK,2018,0,63733.859,223365.138,0,13905.762,8605.24,0,22,78,0,62,38
706,SK,2018,3714.546,109118.449,0,387.916,17921.083,0,3,97,0,2,98,0
707,SK,2018,17223.299,165743.7,1983.102,11260.636,37450.579,407.788,9,90,1,23,76,1
708,AB,2018,2088.9,65778.292,0,2966.4,98592.699,0,3,97,0,3,97,0
709,MB,2018,4533.435,147512.286,14118.132,2031.881,62649.686,3357.432,3,89,8,3,92,5
709,SK,2018,27779.916,180413.231,13050.86,9716.291,43108.365,1799.345,13,82,6,18,79,3
710,SK,2018,1012.18,10762.122,0,1235.248,17622.752,0,9,91,0,7,93,0
711,SK,2018,253.168,15578.783,0,119.301,19555.699,0,2,98,0,1,99,0
714,MB,2018,0,2029,0,0,767,0,0,100,0,0,100,0
714,SK,2018,0,57897.378,6441.072,0,29670.621,1488.377,0,90,10,0,95,5
715,MB,2018,710.513,17158.445,11991.146,1073.178,8797.126,7786.697,2,57,40,6,50,44
715,SK,2018,0,9457.105,2809.895,0,3669.745,810.255,0,77,23,0,82,18
716,MB,2018,4186.649,40177.05,20158.05,3544.999,21315,12347,6,62,31,10,57,33
717,MB,2018,45766.662,44859.313,13327.523,20802.086,19551.684,3384.231,44,43,13,48,45,8
718,MB,2018,0,2053.7,0,0,7682,0,0,100,0,0,100,0
720,MB,2018,0,0,1596.6,0,0,4823,0,0,100,0,0,100
723,MB,2018,41,24122.25,2818.7,316,86533.002,3461,0,89,10,0,96,4
724,MB,2018,3452.52,27924.022,136161.106,5174.819,17092.065,56075.118,2,17,81,7,22,72
726,MB,2018,46484.532,0,1480.416,58497.653,0,798.348,97,0,3,99,0,1
727,AB,2018,26934.404,192614.996,135834.961,15714.647,76410.247,43876.247,8,54,38,12,56,32
728,AB,2018,3909.444,194558.956,3663,1826.389,43876.61,591.45,2,96,2,4,95,1
729,AB,2018,32501.981,98463.707,0,21020.716,47423.336,0,25,75,0,31,69,0
729,SK,2018,18622.862,340490.135,0,10877.708,127750.291,0,5,95,0,8,92,0
730,AB,2018,45101.091,403982.586,11113.889,22539.288,167327.143,5637.5,10,88,2,12,86,3
731,AB,2018,19914.065,439581.325,0,13398.935,144679.744,0,4,96,0,8,92,0
732,AB,2018,0,14550.3,0,0,14579.1,0,0,100,0,0,100,0
733,SK,2018,25638.245,138717.082,8899.671,9141.814,53403.451,1725.738,15,80,5,14,83,3
734,SK,2018,23915.92,11671.083,0,16927.195,2687.804,0,67,33,0,86,14,0
735,SK,2018,3640.041,154577.962,0,3763.584,31918.423,0,2,98,0,11,89,0
736,SK,2018,35388.409,208114.371,7393.224,10199.771,40079.735,959.493,14,83,3,20,78,2
737,AB,2018,21192,113880.45,15679.25,10793.9,63263.95,7460.25,14,76,10,13,78,9
738,AB,2018,7600.36,126628.53,0,5253.85,25335.52,0,6,94,0,17,83,0
739,AB,2018,81347.653,9484.2,0,88779.918,7148.7,0,90,10,0,93,7,0
739,SK,2018,25934.707,3447.294,0,23602.126,1173.875,0,88,12,0,95,5,0
740,AB,2018,15338.2,147714.601,0,9977.6,67970.7,0,9,91,0,13,87,0
741,SK,2018,4226.924,149854.35,1336.724,340.145,16506.678,150.176,3,96,1,2,97,1
742,SK,2018,25390.786,11729.214,0,10366.157,334.844,0,68,32,0,97,3,0
743,AB,2018,1878.3,75462.437,0,709.2,35541.562,0,2,98,0,2,98,0
743,SK,2018,3140.126,5448.427,2052.444,1457.671,3040.994,1133.333,30,51,19,26,54,20
744,AB,2018,0,184853.37,14612.48,0,67943.39,2510.56,0,93,7,0,96,4
745,SK,2018,25445.881,714582.383,3316.743,7244.81,94595.07,467.114,3,96,0,7,92,0
746,AB,2018,0,144644.15,0,0,73380.85,0,0,100,0,0,100,0
747,SK,2018,22338.077,41331.922,0,17001.552,8465.447,0,35,65,0,67,33,0
748,SK,2018,5692.129,596872.554,815.319,1607.9,159183.295,111.807,1,99,0,1,99,0
749,SK,2018,13441.159,358429.841,0,6722.207,72321.79,0,4,96,0,9,91,0
750,AB,2018,0,50100.14,11724.26,0,88733.63,21503.97,0,81,19,0,80,20
751,MB,2018,8657.593,36074.762,0,10253.614,16495.384,0,19,81,0,38,62,0
751,SK,2018,11612.984,13415.864,0,7078.167,5844.832,0,46,54,0,55,45,0
752,MB,2018,0,98373.796,1388.202,0,49075.32,632.682,0,99,1,0,99,1
752,SK,2018,12091.528,377086.476,0,5844.154,134261.835,0,3,97,0,4,96,0
753,MB,2018,3054.031,443249.687,6499.275,1590.852,128450.421,2770.725,1,98,1,1,97,2
754,SK,2018,2786.68,152205.897,54999.42,1761.228,31890.323,10075.451,1,72,26,4,73,23
755,SK,2018,2287.949,171181.05,0,515.901,41912.098,0,1,99,0,1,99,0
756,SK,2018,6165.724,311496.27,0,1024.161,100160.837,0,2,98,0,1,99,0
757,MB,2018,63445.792,25970.206,1572.65,31015.554,6358.45,0,70,29,2,83,17,0
758,MB,2018,43084.676,122785.256,9533.463,19231.367,29378.196,6859.318,25,70,5,35,53,12
759,MB,2018,4956.304,35144.696,0,1774.708,12584.292,0,12,88,0,12,88,0
760,MB,2018,0,81480,0,1203.968,23542.032,0,0,100,0,5,95,0
760,SK,2018,4566.94,321806.057,0,2436.247,119847.754,0,1,99,0,2,98,0
761,SK,2018,0,12449.998,1814,0,9630.001,1016,0,87,13,0,90,10
762,SK,2018,20433.341,65472.658,0,14748.115,28796.884,0,24,76,0,34,66,0
763,MB,2018,90807.249,56789.249,6581.501,51260.82,23768.75,4491.436,59,37,4,64,30,6
763,SK,2018,28781.437,15418.565,0,21654.437,2360.563,0,65,35,0,90,10,0
764,MB,2018,0,72309.003,0,1136.282,22518.719,0,0,100,0,5,95,0
765,MB,2018,3466.552,337675.454,0,4513.343,73220.658,0,1,99,0,6,94,0
766,MB,2018,957.928,189241.075,0,614.407,35364.592,0,1,99,0,2,98,0
767,SK,2018,3749.814,433908.028,45801.158,678.965,46733.334,5308.707,1,90,9,1,89,10
768,SK,2018,0,41614.999,0,0,8829.997,0,0,100,0,0,100,0
769,AB,2018,0,92318.5,0,0,72113.15,0,0,100,0,0,100,0
770,SK,2018,64429.084,227558.545,8623.373,26685.785,37957.634,1474.585,21,76,3,40,57,2
771,AB,2018,12550.117,73410.185,206,9823.721,51604.67,126.2,15,85,0,16,84,0
771,SK,2018,0,43614.239,1389.759,359.277,15312.246,633.474,0,97,3,2,94,4
772,SK,2018,13149.467,28879.536,0,10225.357,2731.642,0,31,69,0,79,21,0
773,SK,2018,11096.213,251115.795,28745.998,3362.83,45420.901,6465.268,4,86,10,6,82,12
774,SK,2018,0,64562,0,0,8437.999,0,0,100,0,0,100,0
775,SK,2018,3271.96,70899.039,0,320.302,10861.697,0,4,96,0,3,97,0
776,SK,2018,38442.823,9653.175,0,23486.707,2071.292,0,80,20,0,92,8,0
777,AB,2018,9829.9,2136.75,0,13292.25,3143.85,0,82,18,0,81,19,0
778,SK,2018,19630.815,8270.186,0,4992.661,2103.338,0,70,30,0,70,30,0
779,AB,2018,0,28494.9,0,0,18621.9,0,0,100,0,0,100,0
780,SK,2018,8109.716,52263.379,262719.904,1497.112,4025.02,20311.871,3,16,81,6,16,79
781,AB,2018,12871.6,55427.09,149155.21,4418.96,13828.334,17339.286,6,25,69,12,39,49
782,SK,2018,15062.087,530256.915,0,7982.059,88103.943,0,3,97,0,8,92,0
783,SK,2018,0,265072.001,0,0,49652.001,0,0,100,0,0,100,0
784,SK,2018,11522.659,72421.445,2171.896,4589.532,17126.81,302.658,13,84,3,21,78,1
785,SK,2018,0,75977.097,5898.903,0,16123.839,830.162,0,93,7,0,95,5
786,AB,2018,0,96237.3,16.6,0,34397.15,18.9,0,100,0,0,100,0
787,AB,2018,0,46469.7,0,0,12102.2,0,0,100,0,0,100,0
788,AB,2018,0,50852,15408,0,11875.2,3115.8,0,77,23,0,79,21
789,SK,2018,13932.128,127383.582,2644.291,10690.499,20584.221,142.281,10,88,2,34,66,0
790,AB,2018,14607.6,42344.4,0,3845.8,8557.6,0,26,74,0,31,69,0
791,AB,2018,0,191398,0,0,31311,0,0,100,0,0,100,0
792,SK,2018,28079.469,58966.084,600601.442,20312.681,6218.666,58698.651,4,9,87,24,7,69
793,AB,2018,45412.522,357003.163,23235.612,18234.434,106591.348,5292.553,11,84,5,14,82,4
794,SK,2018,0,435723.001,0,0,93639.002,0,0,100,0,0,100,0
795,SK,2018,0,234102,0,541.08,58149.92,0,0,100,0,1,99,0
796,SK,2018,12804.916,47164.083,0,8411.983,18946.998,0,21,79,0,31,69,0
797,AB,2018,1546.3,15833.5,44.5,1239,8351.512,59,9,91,0,13,87,1
798,AB,2018,30211.6,295805.2,28091.6,14203.5,116411.04,10999.06,9,84,8,10,82,8
799,AB,2018,0,41671,0,0,66639,0,0,100,0,0,100,0
800,AB,2018,0,73539.35,72225.45,0,45771.07,38210.69,0,50,50,0,55,45
801,AB,2018,0,27882,2328,0,41581.7,3543.3,0,92,8,0,92,8
802,AB,2018,0,59178.5,0,430.14,42100.15,0,0,100,0,1,99,0
803,SK,2018,6141.795,104773.202,54417.005,2302.237,10655.915,4698.849,4,63,33,13,60,27
804,AB,2018,11198.74,36137.36,0,12247.44,20278.46,0,24,76,0,38,62,0
805,AB,2018,4086.795,6602.115,3742.089,1839.109,1864.877,1057.014,28,46,26,39,39,22
805,SK,2018,4227.551,42855.817,24754.63,1317.118,5991.547,2697.333,6,60,34,13,60,27
806,AB,2018,1243.9,54976.84,336.7,2404.2,76924.63,557.9,2,97,1,3,96,1
807,SK,2018,0,65630.942,8911.054,0,6750.061,594.942,0,88,12,0,92,8
808,SK,2018,3001.838,108771.261,425158.901,592.355,10811.72,33395.925,1,20,79,1,24,75
809,AB,2018,3392.95,93973.4,0,3549.005,43848.645,0,3,97,0,7,93,0
809,SK,2018,3872.571,107131.203,27342.226,765.184,8908.607,960.21,3,77,20,7,84,9
810,SK,2018,0,92723.998,0,0,17777.001,0,0,100,0,0,100,0
811,AB,2018,4431,4493.185,30653.315,837.6,939.713,7136.087,11,11,77,9,11,80
811,SK,2018,0,331.908,885.091,0,69.819,186.182,0,27,73,0,27,73
812,AB,2018,28211.45,23045.32,22147.3,27045.574,15321.735,13959.8,38,31,30,48,27,25
813,SK,2018,2657.778,78297.926,36433.296,1424.869,19673.894,7904.235,2,67,31,5,68,27
814,AB,2018,963.9,9428.67,0,1186.2,9410.6,0,9,91,0,11,89,0
815,AB,2018,18820.2,14825.828,0,12380.9,9391.464,0,56,44,0,57,43,0
815,SK,2018,21498.573,7720.43,0,2893.254,1782.743,0,74,26,0,62,38,0
816,SK,2018,37604.26,307081.269,24781.473,32026.526,86977.228,4291.252,10,83,7,26,71,3
817,SK,2018,0,86780.914,3463.085,0,8228.937,296.063,0,96,4,0,97,3
818,AB,2018,0,29790.7,0,0,19079.6,0,0,100,0,0,100,0
819,SK,2018,20716.77,5946.23,0,5125.435,1418.567,0,78,22,0,78,22,0
820,SK,2018,739.92,168823.908,749.169,0,34387,0,0,99,0,0,100,0
821,AB,2018,1471.109,78293.492,559.619,1134.119,29702.708,570.811,2,97,1,4,95,2
821,SK,2018,552.762,151871.236,0,1095.155,45241.844,0,0,100,0,2,98,0
822,SK,2018,4737.031,125594.633,1434.333,2444.999,49768.767,702.234,4,95,1,5,94,1
823,AB,2018,25494.277,124965.219,0,5569.456,25396.546,0,17,83,0,18,82,0
824,SK,2018,19571.308,61501.386,1387.309,10114.252,24545.748,0,24,75,2,29,71,0
825,SK,2018,0,425006.007,0,1176.123,101196.88,0,0,100,0,1,99,0
826,SK,2018,12546.837,573253.831,88581.332,11517.797,143908.665,10776.977,2,85,13,7,87,6
827,SK,2018,20103.354,8403.876,1414.772,27955.107,11018.894,1495.001,67,28,5,69,27,4
828,AB,2018,18949.857,568966.844,0,2986.633,82544.567,0,3,97,0,3,97,0
829,AB,2018,23104.45,11266.15,0,4153.45,2188.55,0,67,33,0,65,35,0
830,SK,2018,12098.189,235040.581,34199.234,8084.369,77790.693,8301.938,4,84,12,9,83,9
831,SK,2018,5626.96,125307.255,1345.788,1284.533,29252.466,0,4,95,1,4,96,0
832,SK,2018,11602.591,232752.614,807.795,8360.859,126380.649,752.487,5,95,0,6,93,1
833,AB,2018,47.5,18245,14.25,115.5,5656,34.65,0,100,0,2,97,1
833,SK,2018,0,28774.791,21371.207,0,25201.711,13464.29,0,57,43,0,65,35
834,SK,2018,0,57136.836,138103.165,0,11694.256,36717.743,0,29,71,0,24,76
835,SK,2018,0,5404.354,13210.644,0,2237.517,5469.485,0,29,71,0,29,71
836,AB,2018,0,8332,0,0,2414,0,0,100,0,0,100,0
837,AB,2018,0,19544,0,0,10721,0,0,100,0,0,100,0
837,SK,2018,0,9462.738,1942.265,0,13281.411,2536.59,0,83,17,0,84,16
838,AB,2018,451.9,2156.1,0,1183.7,3541.299,0,17,83,0,25,75,0
838,SK,2018,0,42231.616,1592.383,0,29960.973,2424.54,0,96,4,0,93,7
839,MB,2018,8119.601,72922.495,8921.904,2146.722,23527.734,2914.545,9,81,10,8,82,10
840,MB,2018,43530.459,11774.99,14173.551,20784.638,8932.238,4515.126,63,17,20,61,26,13
841,MB,2018,19337.054,14270.445,0,1608.354,46278.647,0,58,42,0,3,97,0
843,MB,2018,12976.923,7111.078,0,13186.841,6934.16,0,65,35,0,66,34,0
844,MB,2018,9718.615,35247.876,5501.509,6667.901,24630.434,3654.664,19,70,11,19,70,10
846,MB,2018,0,13995,0,0,33176,0,0,100,0,0,100,0
847,MB,2018,0,31150.499,20706.2,0,7725.85,2961.15,0,60,40,0,72,28
848,MB,2018,975.368,9134.382,0,321.263,3412.737,0,10,90,0,9,91,0
849,MB,2018,11808.167,41173.334,624803.501,3236.807,12147.065,66391.127,2,6,92,4,15,81
850,MB,2018,133721.44,31813.559,0,48809.894,5469.106,0,81,19,0,90,10,0
851,MB,2018,0,42710.945,34222.056,0,5981.254,4435.746,0,56,44,0,57,43
852,MB,2018,40768.399,92437.545,110375.059,6020.014,9597.267,10024.717,17,38,45,23,37,39
853,MB,2018,0,17064.72,31432.28,0,1125.989,2074.011,0,35,65,0,35,65
854,MB,2018,5545.875,71051.124,0,1665.375,17426.624,0,7,93,0,9,91,0
855,MB,2018,0,10814,0,0,3607,0,0,100,0,0,100,0
940,BC,2018,29,6,0,317,59,0,83,17,0,84,16,0
943,BC,2018,0,3,0,0,2,0,0,100,0,0,100,0
944,BC,2018,98.41,24.192,0.4,803.757,118.341,1.9,80,20,0,87,13,0
948,BC,2018,0,0,0,3,0,0,,,,100,0,0
950,BC,2018,38.906,523.564,0,186.716,1676.285,0,7,93,0,10,90,0
955,BC,2018,20.958,16.743,24.2,234.328,72.971,428.7,34,27,39,32,10,58
956,BC,2018,1040.359,970.118,431.03,3673.261,3015.723,1003.012,43,40,18,48,39,13
957,BC,2018,100.507,84.336,0,364.319,217.68,0,54,46,0,63,37,0
958,BC,2018,7.93,6.07,0,24.215,4.785,0,57,43,0,84,16,0
959,BC,2018,4029.751,22358.93,549.353,2986.249,17620.749,404.723,15,83,2,14,84,2
960,BC,2018,35,0,0,9,0,0,100,0,0,100,0,0
962,BC,2018,0,11,0,0,69,0,0,100,0,0,100,0
969,BC,2018,0,18.49,0,0,254,0,0,100,0,0,100,0
971,BC,2018,30.4,1.6,0,477.85,32.149,0,95,5,0,94,6,0
972,BC,2018,2508.784,1176.598,1983.43,19748.606,10120.351,17920.046,44,21,35,41,21,37
974,BC,2018,96.899,29.9,56.2,2029.246,612.633,856.12,53,16,31,58,18,24
976,BC,2018,244.562,529.998,0,3633.347,6514.651,0,32,68,0,36,64,0
977,BC,2018,361.445,710.994,0,5117.473,5926.53,0,34,66,0,46,54,0
978,BC,2018,503.846,817.468,0,4391.133,10784.867,0,38,62,0,29,71,0
979,BC,2018,1901.618,4814.377,0,16023.446,42615.554,0,28,72,0,27,73,0
980,BC,2018,20.25,5.4,1.35,180.75,48.2,12.05,75,20,5,75,20,5
981,BC,2018,2,22,30,9,491,124,4,41,56,1,79,20
982,BC,2018,1248.934,1506.408,1825.849,16270.907,16055.76,22597.333,27,33,40,30,29,41
987,BC,2018,8,8,0,82,98,0,50,50,0,46,54,0
988,BC,2018,346.59,255.41,0,969.36,481.64,0,58,42,0,67,33,0
990,BC,2018,138.421,20.574,0,601.697,76.304,0,87,13,0,89,11,0
991,BC,2018,114.911,2934.065,366.974,241.869,5844.55,1416.581,3,86,11,3,78,19
992,BC,2018,3.2,8.8,0,27.2,74.8,0,27,73,0,27,73,0
995,BC,2018,28.737,123.263,0,115.938,496.064,0,19,81,0,19,81,0
1001,BC,2018,1151.262,887.77,0,2491.123,1867.878,0,56,44,0,57,43,0
1002,BC,2018,146.9,21.1,0,837.7,110.3,0,87,13,0,88,12,0
1003,BC,2018,4,0,0,35,0,0,100,0,0,100,0,0
1004,BC,2018,800.464,1612.652,553.6,2432.889,4962.812,2231.3,27,54,19,25,52,23
1005,BC,2018,2255.796,3548.937,0,9623.822,15830.177,0,39,61,0,38,62,0
1006,BC,2018,4037.194,2919.031,0,15332.696,24448.309,0,58,42,0,39,61,0
1007,BC,2018,2909.311,2753.897,2492.92,3307.648,3085.022,4379.331,36,34,31,31,29,41
1008,BC,2018,1637.425,645.216,416.367,3817.921,1889.113,1225.968,61,24,15,55,27,18
1009,BC,2018,1372.134,325.998,0,2192.269,510.735,0,81,19,0,81,19,0
1010,BC,2018,2247.002,1074.033,0,505.259,362.741,0,68,32,0,58,42,0
1011,BC,2018,606.254,133.722,0,2793.837,583.163,0,82,18,0,83,17,0
1012,BC,2018,296.312,29.687,0,833.65,174.35,0,91,9,0,83,17,0
1013,BC,2018,251.554,106.889,85.556,2031.723,1228,1193.277,57,24,19,46,28,27
1015,BC,2018,975.122,779.881,0,3242.616,2897.383,0,56,44,0,53,47,0
1016,AB,2018,792.5,902.5,0,2489,3320,0,47,53,0,43,57,0
1017,BC,2018,104.441,34.56,0,517.92,446.08,0,75,25,0,54,46,0
1018,AB,2018,175.95,9369.4,159.05,475.35,22233.55,300.6,2,97,2,2,97,1
9593,AB,2018,0,13087,52348,0,3837.8,15351.2,0,20,80,0,20,80
9607,AB,2018,0,0,3360,0,0,1056,0,0,100,0,0,100
9609,AB,2018,550.783,6542.547,3742.65,1378.7,5764,2893.3,5,60,35,14,57,29
9687,AB,2018,7217.484,134543.446,0,4989.444,88557.956,0,5,95,0,5,95,0
9787,AB,2018,0,75547.89,0,0,20464.47,0,0,100,0,0,100,0
244,AB,2019,0,0,1302,0,0,1101,0,0,100,0,0,100
244,BC,2019,0,16.999,5,0,349.001,86,0,77,23,0,80,20
252,BC,2019,0,15,0,0,187,0,0,100,0,0,100,0
371,MB,2019,0,0,137,0,0,66,0,0,100,0,0,100
374,ON,2019,13,0,0,182,0,0,100,0,0,100,0,0
375,MB,2019,2457.747,19878.094,48499.229,1432.18,5621.719,10131.1,3,28,68,8,33,59
376,MB,2019,0,35,0,0,14,0,0,100,0,0,100,0
378,ON,2019,150,405,0,315,6667,0,27,73,0,5,95,0
379,MB,2019,1636.717,1201.684,0,1145.37,903.631,0,58,42,0,56,44,0
380,MB,2019,2240.82,134.52,2531.96,3545.14,1549.719,2091.141,46,3,52,49,22,29
381,ON,2019,0,3733,0,0,38761,0,0,100,0,0,100,0
383,ON,2019,419.142,3877.857,0,1342.429,9456.572,0,10,90,0,12,88,0
386,ON,2019,47,0,0,495,0,0,100,0,0,100,0,0
391,ON,2019,5,0,0,142,0,0,100,0,0,100,0,0
400,ON,2019,0,0,711,0,0,2416,0,0,100,0,0,100
401,ON,2019,277.085,732.862,3869.052,829.634,3299.244,12630.121,6,15,79,5,20,75
401,QC,2019,1204,48,13919.23,6144,232,71248.13,8,0,92,8,0,92
402,ON,2019,0,115,0,0,633,0,0,100,0,0,100,0
407,ON,2019,526.624,0,370.376,1385.904,0,521.096,59,0,41,73,0,27
408,ON,2019,0,29421,0,0,27663,0,0,100,0,0,100,0
408,QC,2019,2899.044,773.116,17697.079,2539.667,2530.666,16373.241,14,4,83,12,12,76
409,ON,2019,304,620,0,414,5111.001,0,33,67,0,7,93,0
410,ON,2019,52.1,225.9,0,210.8,628.2,0,19,81,0,25,75,0
411,ON,2019,6019.703,3535.301,0,25624.391,6847.61,0,63,37,0,79,21,0
412,ON,2019,0,306,1224,0,1708.2,6832.8,0,20,80,0,20,80
413,ON,2019,6395.803,1949.025,505.022,50827.128,7151.079,1430.398,72,22,6,86,12,2
415,QC,2019,938.22,0,0,1348,0,0,100,0,0,100,0,0
418,QC,2019,11344.081,882.7,691.999,14355,1814,1878.001,88,7,5,80,10,10
419,QC,2019,263,0,0,455,0,0,100,0,0,100,0,0
421,QC,2019,1431.66,0,0,2960,0,0,100,0,0,100,0,0
422,QC,2019,44,0,0,296,0,0,100,0,0,100,0,0
423,QC,2019,1109.66,772,0,4848,3599,0,59,41,0,57,43,0
424,QC,2019,2908,1503.998,1674,2688.001,3363.101,396.9,48,25,28,42,52,6
425,QC,2019,9101.779,3240.4,11307.98,33200.099,21671.93,19009.77,38,14,48,45,29,26
426,QC,2019,3409,578,0,4983,386,0,86,14,0,93,7,0
431,QC,2019,3,0,0,39,0,0,100,0,0,100,0,0
438,QC,2019,358.42,0,0,283,0,0,100,0,0,100,0,0
439,QC,2019,383,0,0,284,0,0,100,0,0,100,0,0
440,QC,2019,624,0,0,566,0,0,100,0,0,100,0,0
441,QC,2019,31869.55,38053.889,5215.619,23335.319,33850.774,3893.226,42,51,7,38,55,6
455,NF,2019,3,0,0,271,0,0,100,0,0,100,0,0
458,NF,2019,46,157.369,0,80,938,0,23,77,0,8,92,0
460,NF,2019,0,8,0,0,51,0,0,100,0,0,100,0
461,NF,2019,0,67,0,0,1111,0,0,100,0,0,100,0
462,NF,2019,0,13.001,0,0,80.001,0,0,100,0,0,100,0
463,NF,2019,0,32.002,0,0,884.999,0,0,100,0,0,100,0
466,NF,2019,19,319.551,0,37,886.001,0,6,94,0,4,96,0
468,NF,2019,0,44.8,0,0,230,0,0,100,0,0,100,0
471,NF,2019,49,115.04,0,163,333,0,30,70,0,33,67,0
475,NF,2019,0,388.68,0,0,1650.999,0,0,100,0,0,100,0
477,NF,2019,7.67,0,0,101,0,0,100,0,0,100,0,0
478,QC,2019,479,1173.699,0,2871,3611.7,0,29,71,0,44,56,0
479,QC,2019,6050.403,29922.035,5379.12,11147.741,72629.157,9020.1,15,72,13,12,78,10
481,QC,2019,0,5375,0,0,10028,0,0,100,0,0,100,0
482,QC,2019,19556.46,18284.34,0,67382,59270.102,0,52,48,0,53,47,0
483,QC,2019,14232.102,29636.298,943.6,38443.246,62964.05,1166.7,32,66,2,37,61,1
484,NB,2019,0,109,0,0,288,0,0,100,0,0,100,0
484,QC,2019,359,3303.97,0,1528,7087,0,10,90,0,18,82,0
485,NB,2019,220.067,355.933,0,1060.832,964.169,0,38,62,0,52,48,0
486,NB,2019,757.8,5630.2,0,477.5,3848.5,0,12,88,0,11,89,0
487,NB,2019,158.113,346.889,0,1116.846,2505.154,0,31,69,0,31,69,0
487,QC,2019,16.423,1390.58,0,89.628,3706.371,0,1,99,0,2,98,0
488,NB,2019,35.333,169.667,0,84.667,970.333,0,17,83,0,8,92,0
489,NB,2019,285,1127,0,244,1151,0,20,80,0,17,83,0
490,NB,2019,301.548,831.453,0,747.328,627.672,0,27,73,0,54,46,0
493,NB,2019,1611.725,16177.272,936,1442.747,13090.832,650.419,9,86,5,10,86,4
494,NB,2019,0,17271.002,0,0,10236,0,0,100,0,0,100,0
495,NB,2019,173,438,0,956.99,2194.009,0,28,72,0,30,70,0
496,NB,2019,2473.966,410.033,204,15071.474,2781.47,1290.057,80,13,7,79,15,7
497,NB,2019,201.25,777.75,0,831.5,2194.499,0,21,79,0,27,73,0
498,NB,2019,367,0,0,1508,0,0,100,0,0,100,0,0
499,NB,2019,670.76,270.89,12.35,921.12,2414.78,61.1,70,28,1,27,71,2
500,NB,2019,5584.375,121.725,227.9,7119.38,208.121,682.5,94,2,4,89,3,9
501,NB,2019,1942.065,2861.935,0,965.785,2261.214,0,40,60,0,30,70,0
502,NB,2019,531.169,1159.831,0,1034.908,2386.091,0,31,69,0,30,70,0
503,NB,2019,2260.396,2423.604,45,6707.986,11109.013,94,48,51,1,37,62,1
504,NB,2019,1406,191,0,5997,250,0,88,12,0,96,4,0
504,NS,2019,4945.137,1756.364,0,16203.813,5966.182,0,74,26,0,73,27,0
505,NB,2019,265,798.001,0,745,3755,0,25,75,0,17,83,0
506,NB,2019,38,354,0,539.96,1406.04,0,10,90,0,28,72,0
507,NB,2019,112.998,1582.001,0,1238,5786.999,0,7,93,0,18,82,0
507,NS,2019,3898.461,1916.091,0,5865.232,3356.267,0,67,33,0,64,36,0
508,NB,2019,392,0,0,508,0,0,100,0,0,100,0,0
509,NS,2019,313.999,1769.001,0,451.001,3172.001,0,15,85,0,12,88,0
510,NS,2019,40.817,78.834,0,206.667,150.334,0,34,66,0,58,42,0
511,NS,2019,0,145.998,0,0,65,0,0,100,0,0,100,0
512,NS,2019,0,3410.52,0,0,3484.004,0,0,100,0,0,100,0
513,NS,2019,85.321,245.259,0,331.618,990.382,0,26,74,0,25,75,0
514,NS,2019,18.69,0,0,12,0,0,100,0,0,100,0,0
516,NS,2019,217.139,760.771,0,1321.782,1637.215,0,22,78,0,45,55,0
517,NS,2019,758.882,5123.951,0,2505.334,18008.665,0,13,87,0,12,88,0
518,NS,2019,8688.153,4895.55,0,11300.332,8568.66,0,64,36,0,57,43,0
519,NS,2019,0,271,0,0,734,0,0,100,0,0,100,0
520,NS,2019,14.917,523.085,0,64.25,1750.749,0,3,97,0,4,96,0
521,NS,2019,0,51,0,0,740,0,0,100,0,0,100,0
522,NS,2019,65.097,321.824,0,695.998,2832.003,0,17,83,0,20,80,0
523,NS,2019,150.212,725.317,0,590.489,2962.51,0,17,83,0,17,83,0
524,NS,2019,37,24,0,177,90,0,61,39,0,66,34,0
525,NS,2019,385.995,1488.668,0,1287.471,5202.527,0,21,79,0,20,80,0
527,NS,2019,58.822,730.178,0,182.795,1622.205,0,7,93,0,10,90,0
528,NS,2019,1619.324,1332.458,0,1161.775,1139.231,0,55,45,0,50,50,0
529,NS,2019,0,755.998,0,0,414,0,0,100,0,0,100,0
530,NS,2019,38.667,1159.335,0,58,1450.002,0,3,97,0,4,96,0
531,NS,2019,474.147,1237.132,0,553.25,3013.751,0,28,72,0,16,84,0
534,PE,2019,16452.935,5011.061,0,12570.873,3316.129,0,77,23,0,79,21,0
535,PE,2019,17372,0,0,11990,0,0,100,0,0,100,0,0
536,PE,2019,41916.541,2425.458,0,32634.75,1848.25,0,95,5,0,95,5,0
537,PE,2019,20106.667,446.334,0,22036.888,592.112,0,98,2,0,97,3,0
538,PE,2019,6125,0,0,3455,0,0,100,0,0,100,0,0
539,QC,2019,11,145.21,33.98,137,671,223,6,76,18,13,65,22
540,QC,2019,226512.939,113748.095,87027.39,145698.553,51678.22,50044.836,53,27,20,59,21,20
541,ON,2019,0,15218.55,2672.45,1738.657,2716.943,884.4,0,85,15,33,51,17
541,QC,2019,145457.186,43473.513,276095.722,43764.45,10621.165,65591.386,31,9,59,36,9,55
542,ON,2019,0,1120.372,21651.945,2892.56,1781.04,29850.4,0,5,95,8,5,86
543,ON,2019,7488,42365.682,19582.401,6671.792,15725.537,6795.035,11,61,28,23,54,23
543,QC,2019,0,457,1505,0,535,2314.4,0,23,77,0,19,81
544,ON,2019,4160.37,64275.838,15974.985,3899.726,21190.123,5252.149,5,76,19,13,70,17
545,ON,2019,6168.328,14937.294,13516.678,4442.802,6602.443,9014.759,18,43,39,22,33,45
546,ON,2019,0,45401.544,10042.419,0,24454.317,5668.684,0,82,18,0,81,19
546,QC,2019,0,379,0,0,215,0,0,100,0,0,100,0
547,ON,2019,8026.068,26663.121,21710.385,14018.274,23180.248,27794.768,14,47,38,22,36,43
548,QC,2019,156.96,0,0,480,0,0,100,0,0,100,0,0
549,ON,2019,0,759.711,8690.409,0,1053.696,11804.303,0,8,92,0,8,92
550,ON,2019,1246.152,5749.115,2516.477,5440.676,28955.036,8605.881,13,60,26,13,67,20
551,ON,2019,35188.744,71912.842,59288.811,32935.189,39563.997,51393.815,21,43,36,27,32,41
552,ON,2019,39344.278,6494.738,0,57892.633,22143.595,0,86,14,0,72,28,0
553,ON,2019,66352.138,104311.319,20124.826,47284.988,59180.969,13850.255,35,55,11,39,49,12
554,ON,2019,20460.469,4383.711,0,33820.423,4190.577,0,82,18,0,89,11,0
555,ON,2019,12502.082,9146.4,22748.16,12390.4,19071.366,22544.468,28,21,51,23,35,42
556,ON,2019,28109.281,119025.021,2508.177,31365.086,72639.603,1438.313,19,80,2,30,69,1
557,ON,2019,10676.541,282707.304,0,3338.027,74763.973,0,4,96,0,4,96,0
558,ON,2019,18783.899,224582.779,1128.522,12053.946,76326.957,52.098,8,92,0,14,86,0
559,ON,2019,0,310.4,0,0,0,0,0,100,0,,,
560,ON,2019,23989.864,56057.193,0,10683.199,24741.799,0,30,70,0,30,70,0
561,ON,2019,535.9,18825.065,2232.556,160.625,7050.903,845.222,2,87,10,2,88,10
562,ON,2019,0,20929.11,10722.89,0,8400.222,4725.779,0,66,34,0,64,36
563,ON,2019,0,102,0,0,73,0,0,100,0,0,100,0
564,ON,2019,11321.099,64475.168,25043.251,9195.724,17516.79,8043.779,11,64,25,26,50,23
565,ON,2019,91083.336,209750.506,86047.158,12713.189,35185.757,11373.053,24,54,22,21,59,19
566,ON,2019,167.25,10618.449,7911.7,46,2892.501,2072.9,1,57,42,1,58,41
567,ON,2019,6981.388,159963.725,19704.888,1583.889,35706.729,4562.387,4,86,11,4,85,11
568,ON,2019,73727.737,8643.564,277.7,13682.181,1511.218,50.6,89,10,0,90,10,0
569,ON,2019,3433.184,25999.428,91027.387,690.939,6696.806,27023.256,3,22,76,2,19,79
570,ON,2019,10698.44,216456.836,53584.125,1052.397,24243.556,5394.047,4,77,19,3,79,18
571,ON,2019,9369.112,1927.667,2570.222,1531.778,278.667,371.555,68,14,19,70,13,17
572,ON,2019,3329.05,15286.535,3309.276,371.591,1530.211,599.2,15,70,15,15,61,24
581,BC,2019,78.4,2857.08,0,167.2,4873,0,3,97,0,3,97,0
583,AB,2019,0,61.578,98.421,0,93.736,107.263,0,38,62,0,47,53
583,BC,2019,0,2693.321,588.018,0,7440.333,2061.666,0,82,18,0,78,22
584,AB,2019,0,0,760,0,0,1815,0,0,100,0,0,100
585,BC,2019,618.778,19617.99,0.812,1927.833,57399.041,1.125,3,97,0,3,97,0
586,AB,2019,8802.719,81915.964,38254.22,3382.235,20999.966,13305.799,7,64,30,9,56,35
587,AB,2019,23007.379,1447.2,0,6844.05,421.95,0,94,6,0,94,6,0
588,AB,2019,4557.152,11952.145,97934.394,2793.155,4627.747,34574.597,4,10,86,7,11,82
589,AB,2019,824.24,2678.78,0,335.059,1088.941,0,24,76,0,24,76,0
590,AB,2019,0,22747.68,49227.7,0,10456.755,31686.244,0,32,68,0,25,75
591,AB,2019,233.8,2407.335,120785.831,235.1,1350.5,76621.498,0,2,98,0,2,98
591,BC,2019,11317.696,60999.036,16235.538,31877.372,130121.635,22425.125,13,69,18,17,71,12
592,AB,2019,866.418,20005.93,119503.115,1197.882,20672.819,52423.297,1,14,85,2,28,71
593,AB,2019,0,7601.735,91385.264,0,2060.471,30857.528,0,8,92,0,6,94
594,AB,2019,0,0,53608.001,0,0,38025.998,0,0,100,0,0,100
595,AB,2019,0,4257.412,94109.589,0,513.882,10956.118,0,4,96,0,4,96
596,AB,2019,10060.208,51485.967,59111.417,1975.942,9739.344,11903.315,8,43,49,8,41,50
597,AB,2019,1456.6,14643.2,28519.999,1372.7,19275,21821.999,3,33,64,3,45,51
598,AB,2019,0,1199.1,74693.904,0,1064,56860.001,0,2,98,0,2,98
599,AB,2019,0,4221,58329,0,4363,33238.001,0,7,93,0,12,88
600,AB,2019,1502.374,213.353,1703.333,2610.443,432.823,2651.333,44,6,50,46,8,47
609,AB,2019,0,0,405,0,0,367,0,0,100,0,0,100
610,AB,2019,818.089,10878.126,30091.412,738.4,14164.227,39315.375,2,26,72,1,26,73
610,BC,2019,0,0,0,0,0.999,0,,,,0,100,0
611,AB,2019,159,960.45,3372.55,157,983.1,3617.9,4,21,75,3,21,76
612,AB,2019,0,5382.69,1127.969,0,10430.836,3077.164,0,83,17,0,77,23
615,AB,2019,3999.169,14280.031,0,5040.039,16456.81,0,22,78,0,23,77,0
616,AB,2019,13045.26,3876.5,0,8939.286,4153.714,0,77,23,0,68,32,0
617,AB,2019,1766.284,4576.714,1312,1965.142,5748.857,1717,23,60,17,21,61,18
618,AB,2019,1090.241,7950.872,618.81,1065.642,6896.066,1106,11,82,6,12,76,12
618,BC,2019,272.313,4738.253,1041.695,1226.372,14400.818,4214.811,4,78,17,6,73,21
619,AB,2019,0,448,0,0,889,0,0,100,0,0,100,0
622,AB,2019,2962.893,10318.067,0,4940.271,16833.732,0,22,78,0,23,77,0
623,AB,2019,4030.489,18904.277,3429.975,8032.811,40056.853,11186.341,15,72,13,14,68,19
625,AB,2019,57,114,0,104.667,209.333,0,33,67,0,33,67,0
626,AB,2019,0,1328.001,0,0,3777,0,0,100,0,0,100,0
629,AB,2019,228.1,2843.76,760.131,614.6,7820.351,1657.5,6,74,20,6,77,16
630,AB,2019,78.625,5353.825,46.889,269.5,18841.39,187.111,1,98,1,1,98,1
631,AB,2019,0,1074.3,106.7,0,4310.2,442.8,0,91,9,0,91,9
647,SK,2019,944.758,230.242,0,1338.053,209.947,0,80,20,0,86,14,0
650,AB,2019,272.44,3246.866,416.444,743.667,8405.703,984.632,7,82,11,7,83,10
652,SK,2019,18.787,147.213,0,56.361,437.64,0,11,89,0,11,89,0
657,SK,2019,218.606,2790.896,0,564.776,5267.224,0,7,93,0,10,90,0
658,SK,2019,1155.74,592.21,0,684.022,345.978,0,66,34,0,66,34,0
660,SK,2019,645.758,10497.994,0,945.798,11369.201,0,6,94,0,8,92,0
661,SK,2019,84.58,6474.421,0,31.538,3004.461,0,1,99,0,1,99,0
662,SK,2019,70.6,282.4,0,20.8,83.2,0,20,80,0,20,80,0
667,MB,2019,0,261,0,0,297,0,0,100,0,0,100,0
669,MB,2019,0,19651.85,0,0,8304.001,0,0,100,0,0,100,0
669,SK,2019,0,0,576,0,0,445,0,0,100,0,0,100
672,SK,2019,7673.309,5894.451,445.79,2787.638,1828.547,122.813,55,42,3,59,39,3
677,MB,2019,0,0,4875,0,0,3044,0,0,100,0,0,100
678,AB,2019,5685.545,128724.493,6377.686,6088.191,113844.902,4928.647,4,91,5,5,91,4
679,AB,2019,0,14252.77,0,0,28104,0,0,100,0,0,100,0
680,AB,2019,4022.74,70483.659,0,6556.69,90559,0,5,95,0,7,93,0
680,SK,2019,548.56,11624.39,0,2609.412,29102.587,0,5,95,0,8,92,0
681,AB,2019,3384.435,89640.102,23113.41,1769.412,38470.937,9696.44,3,77,20,4,77,19
682,SK,2019,2830.503,4022.623,2704.723,5728.989,8681.299,2640.709,30,42,28,34,51,15
683,AB,2019,50935.77,19960.999,0,25050,6492,0,72,28,0,79,21,0
684,AB,2019,633.597,90216.275,36497.147,1304.874,129464.955,44630.573,0,71,29,1,74,25
685,SK,2019,743.485,15207.065,10866.001,845.107,25247.891,12299,3,57,41,2,66,32
686,AB,2019,0,10061.39,0,0,20462,0,0,100,0,0,100,0
686,SK,2019,33.188,902.811,0,128.558,4700.442,0,4,96,0,3,97,0
687,AB,2019,2649.445,9447.656,0,3983.389,13197.912,0,22,78,0,23,77,0
687,SK,2019,6855.427,82538.575,0,7949.776,56833.225,0,8,92,0,12,88,0
688,AB,2019,0,68991.799,0,0,42383.8,0,0,100,0,0,100,0
689,SK,2019,2929.993,41013.503,0,3875.267,21892.737,0,7,93,0,15,85,0
690,SK,2019,2630.607,32694.793,0,2847.135,28604.862,0,7,93,0,9,91,0
691,SK,2019,17373.848,1612.451,0,4629.382,160.617,0,92,8,0,97,3,0
692,AB,2019,49.006,38448.526,12316.294,124.834,65583.723,33170.119,0,76,24,0,66,34
693,SK,2019,12815.771,115558.232,0,6997.351,18348.646,0,10,90,0,28,72,0
694,SK,2019,40491.575,42795.571,21828.856,7605.673,5819.345,2124.984,39,41,21,49,37,14
695,SK,2019,18888.182,12417.818,0,21912.201,7399.8,0,60,40,0,75,25,0
696,SK,2019,58408.903,90947.042,0,29087.583,27917.413,0,39,61,0,51,49,0
697,SK,2019,0,8677.203,46756.797,0,1489.701,8007.297,0,16,84,0,16,84
698,SK,2019,33294.369,23302.129,0,5048.536,4782.462,0,59,41,0,51,49,0
699,SK,2019,0,27886.002,0,0,19041.001,0,0,100,0,0,100,0
700,SK,2019,0,12318.348,34456.704,0,3963.473,6079.525,0,26,74,0,39,61
701,SK,2019,52873.389,14212.011,0,31840.012,3689.985,0,79,21,0,90,10,0
702,SK,2019,8027.923,190727.264,18113.814,3508.611,20892.93,767.456,4,88,8,14,83,3
703,AB,2019,0,80584.27,1117.459,0,85746.25,1507.2,0,99,1,0,98,2
704,SK,2019,1203.022,67997.155,24102.12,566.68,15484.345,4911.976,1,73,26,3,74,23
705,SK,2019,0,63667.389,223386.61,0,13177.09,8588.912,0,22,78,0,61,39
706,SK,2019,3741.173,109261.825,0,363.377,17016.621,0,3,97,0,2,98,0
707,SK,2019,17533.685,168268.091,1989.326,10776.847,35873.243,390.911,9,90,1,23,76,1
708,AB,2019,2403.9,70908.094,0,2672.1,93554.249,0,3,97,0,3,97,0
709,MB,2019,4547.274,149585.635,14186.946,2043.688,60254.314,3239.001,3,89,8,3,92,5
709,SK,2019,27299.508,179445.982,13112.503,9582.589,42502.28,1727.135,12,82,6,18,79,3
710,SK,2019,1007.868,10387.433,0,1212.862,17485.138,0,9,91,0,6,94,0
711,SK,2019,238.997,14482.955,0,120.147,19433.853,0,2,98,0,1,99,0
714,MB,2019,0,2257,0,0,676,0,0,100,0,0,100,0
714,SK,2019,0,59007.468,6537.981,0,28871.79,1426.209,0,90,10,0,95,5
715,MB,2019,764.574,17415.624,12244.904,1053.116,8591.307,7485.579,3,57,40,6,50,44
715,SK,2019,0,9424.758,2806.242,0,3621.353,786.647,0,77,23,0,82,18
716,MB,2019,4384.649,41026.55,20644.55,3339.999,20340.5,11774.5,7,62,31,9,57,33
717,MB,2019,46120.803,45900.199,13476.497,20277.954,18733.31,3242.737,44,44,13,48,44,8
718,MB,2019,0,2046.7,0,0,7811,0,0,100,0,0,100,0
720,MB,2019,0,0,1698.6,0,0,4491,0,0,100,0,0,100
723,MB,2019,41,24867.25,2897.7,316,85557.002,3301,0,89,10,0,96,4
724,MB,2019,3648.429,28694.366,139287.851,4983.737,16025.609,51987.654,2,17,81,7,22,71
726,MB,2019,46251.842,0,1529.106,57140.742,0,757.26,97,0,3,99,0,1
727,AB,2019,26415.11,189936.65,133815.607,16034.059,78206.87,45257.171,8,54,38,11,56,32
728,AB,2019,3958.333,193911.167,3576,1789.167,44738.181,678.45,2,96,2,4,95,1
729,AB,2019,33375.666,99077.492,0,20181.156,46466.102,0,25,75,0,30,70,0
729,SK,2019,18170.756,340398.247,0,10936.029,124548.973,0,5,95,0,8,92,0
730,AB,2019,45571.955,406528.323,11047.777,21974.111,163834.204,5660.278,10,88,2,11,86,3
731,AB,2019,20334.947,442107.263,0,12927.653,141260.566,0,4,96,0,8,92,0
732,AB,2019,0,14913,0,0,14283.9,0,0,100,0,0,100,0
733,SK,2019,25346.653,137913.182,8774.164,9292.145,51778.151,1745.704,15,80,5,15,82,3
734,SK,2019,22217.492,11363.505,0,16999.955,2641.045,0,66,34,0,87,13,0
735,SK,2019,3636.764,155608.234,0,3570.88,30862.122,0,2,98,0,10,90,0
736,SK,2019,34559.027,208941.594,7548.376,10324.207,38941.744,856.057,14,83,3,21,78,2
737,AB,2019,21162.3,114099.05,15458.95,10466.3,61592,7447.45,14,76,10,13,77,9
738,AB,2019,7670.06,127289.11,0,5190.1,24604.35,0,6,94,0,17,83,0
739,AB,2019,75809.392,9775.8,0,93102.51,6887.7,0,89,11,0,93,7,0
739,SK,2019,22686.48,3275.52,0,23663.878,1079.123,0,87,13,0,96,4,0
740,AB,2019,15820.7,148115.8,0,9538.5,67255.799,0,10,90,0,12,88,0
741,SK,2019,4220.06,149881.031,1328.902,324.928,15753.372,144.7,3,96,1,2,97,1
742,SK,2019,24738.262,11704.737,0,10366.707,331.295,0,68,32,0,97,3,0
743,AB,2019,1733.4,74311.77,0,796.5,36398.518,0,2,98,0,2,98,0
743,SK,2019,2768.146,5322.817,2013.036,1574.867,3045.981,1132.149,27,53,20,27,53,20
744,AB,2019,0,183892.23,14432.32,0,67627.84,2527.36,0,93,7,0,96,4
745,SK,2019,25414.546,716666.666,3323.793,7256.206,92121.076,464.719,3,96,0,7,92,0
746,AB,2019,0,144127.35,0,0,72484.05,0,0,100,0,0,100,0
747,SK,2019,22050.521,40725.479,0,17246.145,8759.856,0,35,65,0,66,34,0
748,SK,2019,5880.18,598896.111,794.717,1566.785,154752.587,121.627,1,99,0,1,99,0
749,SK,2019,13057.543,356199.45,0,7006.758,71855.244,0,4,96,0,9,91,0
750,AB,2019,0,51084.06,12585.74,0,87432.75,20675.05,0,80,20,0,81,19
751,MB,2019,7842.87,35230.486,0,10636.813,16679.188,0,18,82,0,39,61,0
751,SK,2019,10848.565,13241.282,0,7356.726,5709.274,0,45,55,0,56,44,0
752,MB,2019,0,99211.224,1389.776,0,47599.26,613.74,0,99,1,0,99,1
752,SK,2019,11779.04,379214.968,0,5929.414,130764.597,0,3,97,0,4,96,0
753,MB,2019,3066.44,444240.881,6637.681,1578.918,125841.759,2632.32,1,98,1,1,97,2
754,SK,2019,2790.239,152495.535,55292.226,1727.568,30873.452,9527.98,1,72,26,4,73,23
755,SK,2019,2257.073,171237.93,0,534.208,40741.792,0,1,99,0,1,99,0
756,SK,2019,5942.51,312105.491,0,1125.5,98136.5,0,2,98,0,1,99,0
757,MB,2019,62148.378,25931.62,1572.65,31385.716,6220.287,0,69,29,2,83,17,0
758,MB,2019,43159.485,124039.417,9571.501,18842.098,28173.233,6839.949,24,70,5,35,52,13
759,MB,2019,5038.618,35728.382,0,1706.36,12099.64,0,12,88,0,12,88,0
760,MB,2019,0,82492.999,0,1201.848,22524.153,0,0,100,0,5,95,0
760,SK,2019,4588.589,324194.412,0,2355.028,115294.97,0,1,99,0,2,98,0
761,SK,2019,0,11494.003,1701,0,9811.998,1043,0,87,13,0,90,10
762,SK,2019,17796.103,65803.898,0,16533.065,27456.94,0,21,79,0,38,62,0
763,MB,2019,89337.972,56640.85,6612.174,51310.816,23348.917,4418.267,59,37,4,65,30,6
763,SK,2019,27510.434,15418.565,0,22133.696,1893.305,0,64,36,0,92,8,0
764,MB,2019,0,74173.002,0,1142.498,20915.503,0,0,100,0,5,95,0
765,MB,2019,3480.23,338801.769,0,4502.969,71122.026,0,1,99,0,6,94,0
766,MB,2019,957.858,189929.141,0,622.478,34688.521,0,1,99,0,2,98,0
767,SK,2019,3766.228,435854.643,46196.124,660.106,44900.212,4923.681,1,90,10,1,89,10
768,SK,2019,0,41997,0,0,8412,0,0,100,0,0,100,0
769,AB,2019,0,94130.5,0,0,70303.85,0,0,100,0,0,100,0
770,SK,2019,61814.226,228622.259,8677.521,28950.317,36741.475,1419.21,21,76,3,43,55,2
771,AB,2019,12181.95,73938.127,212.4,10195.344,51075.473,119.8,14,86,0,17,83,0
771,SK,2019,0,43440.538,1366.463,336.787,15362.445,649.765,0,97,3,2,94,4
772,SK,2019,13416.135,28475.863,0,9878.623,3091.378,0,32,68,0,76,24,0
773,SK,2019,11149.332,252469.163,28875.513,3287.03,43927.494,6309.48,4,86,10,6,82,12
774,SK,2019,0,64893.001,0,0,8119.004,0,0,100,0,0,100,0
775,SK,2019,3241.993,70813.007,0,347.426,10961.574,0,4,96,0,3,97,0
776,SK,2019,35391.26,9509.74,0,26179.797,2189.201,0,79,21,0,92,8,0
777,AB,2019,9446.65,2034.15,0,13680.25,3247.35,0,82,18,0,81,19,0
778,SK,2019,19134.082,8060.92,0,5442.254,2292.746,0,70,30,0,70,30,0
779,AB,2019,0,28961.1,0,0,18179.1,0,0,100,0,0,100,0
780,SK,2019,7983.373,52282.451,262466.181,1611.222,4004.035,20630.743,2,16,81,6,15,79
781,AB,2019,13185.2,55889.401,148711.8,4112.08,13397.76,17864.301,6,26,68,12,38,51
782,SK,2019,14543.5,532342.506,0,8434.421,85778.582,0,3,97,0,9,91,0
783,SK,2019,0,267704.998,0,0,46850.996,0,0,100,0,0,100,0
784,SK,2019,11334.527,72577.985,2171.49,4741.588,16945.127,304.285,13,84,3,22,77,1
785,SK,2019,0,76407.33,5980.67,0,15634.3,745.701,0,93,7,0,95,5
786,AB,2019,0,98310.6,14.4,0,32341.6,21.1,0,100,0,0,100,0
787,AB,2019,0,46789.9,0,0,11774.2,0,0,100,0,0,100,0
788,AB,2019,0,51390.2,15538.8,0,11337.8,2989.2,0,77,23,0,79,21
789,SK,2019,13143.646,126317.131,2616.224,11300.242,21570.414,170.348,9,89,2,34,65,1
790,AB,2019,14448.7,42206.6,0,4001.9,8691.301,0,26,74,0,32,68,0
791,AB,2019,0,192667,0,0,30025,0,0,100,0,0,100,0
792,SK,2019,26225.651,58578.946,598980.406,21876.216,6519.741,60075.044,4,9,88,25,7,68
793,AB,2019,45442.621,357824.735,23010.341,18191.688,105711.166,5514.506,11,84,5,14,82,4
794,SK,2019,0,439286.999,0,0,89497,0,0,100,0,0,100,0
795,SK,2019,0,235820.002,0,496.68,55884.316,0,0,100,0,1,99,0
796,SK,2019,12679.441,44443.56,0,8446.929,21427.053,0,22,78,0,28,72,0
797,AB,2019,1452.5,15925.5,36.5,1332.8,8262.411,67,8,91,0,14,86,1
798,AB,2019,30288.8,295093.7,27796,13967.4,114209.29,10939.01,9,84,8,10,82,8
799,AB,2019,0,37574,0,0,70497,0,0,100,0,0,100,0
800,AB,2019,0,74773,75013.55,0,44311.02,35539.64,0,50,50,0,55,45
801,AB,2019,0,31231.45,2477.55,0,38739.65,3400.35,0,93,7,0,92,8
802,AB,2019,0,58684.5,0,447.39,42262.3,0,0,100,0,1,99,0
803,SK,2019,5761.823,105268.906,54719.275,2651.579,10227.472,4431.95,3,64,33,15,59,26
804,AB,2019,10640.13,37243.62,0,12810.85,19192.9,0,22,78,0,40,60,0
805,AB,2019,4088.834,6722.719,3810.448,1840.343,1751.119,992.538,28,46,26,40,38,22
805,SK,2019,4082.291,42978.156,24764.561,1445.953,5851.343,2681.705,6,60,34,14,59,27
806,AB,2019,1231.5,55021.31,280.7,2417,76911.79,614.25,2,97,0,3,96,1
807,SK,2019,0,65457.671,8942.327,0,6894.201,565.802,0,88,12,0,92,8
808,SK,2019,2825.209,107761.891,426227.903,756.922,11727.876,32134.202,1,20,79,2,26,72
809,AB,2019,3555.75,96031.4,0,3388.005,41806.995,0,4,96,0,7,93,0
809,SK,2019,3801.384,106684.296,27379.319,819.003,9272.961,905.038,3,77,20,7,84,8
810,SK,2019,0,93134.999,0,0,17258.002,0,0,100,0,0,100,0
811,AB,2019,4416.6,4500.968,31061.332,852,933.179,6738.821,11,11,78,10,11,79
811,SK,2019,0,333,888,0,67.364,179.636,0,27,73,0,27,73
812,AB,2019,27945.801,23317.53,22542.8,27301.149,15038,13561.4,38,32,31,49,27,24
813,SK,2019,2718.912,77773.98,37124.105,1358.234,19936.89,7143.874,2,66,32,5,70,25
814,AB,2019,891,8765.35,0,1259.55,10077.42,0,9,91,0,11,89,0
815,AB,2019,19496,15696.493,0,11705.399,8520.214,0,55,45,0,58,42,0
815,SK,2019,21639.422,7633.58,0,2698.613,1837.386,0,74,26,0,59,41,0
816,SK,2019,35594.731,307158.748,24844.521,33566.788,85847.444,4195.769,10,84,7,27,69,3
817,SK,2019,0,87366.224,3485.779,0,7440.367,265.632,0,96,4,0,97,3
818,AB,2019,0,29894.05,0,0,18976.8,0,0,100,0,0,100,0
819,SK,2019,19706.48,5679.521,0,5996.348,1646.652,0,78,22,0,78,22,0
820,SK,2019,739.92,170424.905,749.169,0,32182.999,0,0,99,0,0,100,0
821,AB,2019,1373.259,80687.695,504.357,1231.368,27322.147,624.674,2,98,1,4,94,2
821,SK,2019,614.659,154844.34,0,1022.411,41626.59,0,0,100,0,2,98,0
822,SK,2019,4419.03,123632.096,1482.865,2724.999,51104.367,646.629,3,95,1,5,94,1
823,AB,2019,25497.478,125668.023,0,5559.856,24681.144,0,17,83,0,18,82,0
824,SK,2019,18649.536,62444.157,1387.309,10848.05,23234.948,0,23,76,2,32,68,0
825,SK,2019,0,424358.001,0,1153.542,100068.456,0,0,100,0,1,99,0
826,SK,2019,11772.857,573249.327,88600.816,12096.417,141692.592,10646.436,2,85,13,7,86,6
827,SK,2019,18365.107,7820.56,1261.334,29272.05,11436.512,1624.439,67,28,5,69,27,4
828,AB,2019,18929.107,571363.541,0,3007.678,80212.123,0,3,97,0,4,96,0
829,AB,2019,22941.1,11129.3,0,4304.75,2319.25,0,67,33,0,65,35,0
830,SK,2019,11426.569,235273.572,34189.862,8653.568,76661.531,8200.903,4,84,12,9,82,9
831,SK,2019,5674.06,125991.151,1345.788,1225.618,28310.384,0,4,95,1,4,96,0
832,SK,2019,10729.633,226830.24,805.134,9073.677,130413.791,745.53,5,95,0,6,93,1
833,AB,2019,40,18129.4,12,120.5,5782.4,36.15,0,100,0,2,97,1
833,SK,2019,0,28369.58,22559.422,0,25248.998,12095.001,0,56,44,0,68,32
834,SK,2019,0,57867.391,140088.612,0,10743.114,34080.887,0,29,71,0,24,76
835,SK,2019,0,5322.773,13011.224,0,2277.871,5568.129,0,29,71,0,29,71
836,AB,2019,0,8233,0,0,2514,0,0,100,0,0,100,0
837,AB,2019,0,20476,0,0,9791,0,0,100,0,0,100,0
837,SK,2019,0,9616.639,2033.363,0,12946.53,2419.469,0,83,17,0,84,16
838,AB,2019,389.9,1878.101,0,1246.6,3820.4,0,17,83,0,25,75,0
838,SK,2019,0,39036.58,1341.422,0,32668.518,2636.702,0,97,3,0,93,7
839,MB,2019,8235.316,74957.383,9179.301,2053.77,21782.871,2693.357,9,81,10,8,82,10
840,MB,2019,45414.894,12161.56,14476.545,19336.592,8477.369,4259.038,63,17,20,60,26,13
841,MB,2019,19398.954,16081.547,0,1562.8,44933.201,0,55,45,0,3,97,0
843,MB,2019,13770.477,7742.522,0,12524.137,6495.862,0,64,36,0,66,34,0
844,MB,2019,9948.131,36784.651,5712.217,6485.634,23459.088,3486.277,19,70,11,19,70,10
846,MB,2019,0,12807.999,0,0,33913.001,0,0,100,0,0,100,0
847,MB,2019,0,31265.549,20688.15,0,7561.801,2941.2,0,60,40,0,72,28
848,MB,2019,1063.895,9997.855,0,285.895,3067.104,0,10,90,0,9,91,0
849,MB,2019,11978.834,41068.556,620508.612,3048.822,12012.717,66639.461,2,6,92,4,15,82
850,MB,2019,135671.609,32128.389,0,46743.462,5250.54,0,81,19,0,90,10,0
851,MB,2019,0,42878.747,34324.251,0,5857.031,4292.969,0,56,44,0,58,42
852,MB,2019,40532.114,91625.517,109646.371,6083.787,9964.823,10289.392,17,38,45,23,38,39
853,MB,2019,0,16939.102,31200.896,0,1218.532,2244.468,0,35,65,0,35,65
854,MB,2019,5553.875,70728.122,0,1631,17280.998,0,7,93,0,9,91,0
855,MB,2019,0,10847,0,0,3554,0,0,100,0,0,100,0
940,BC,2019,24,6,0,311,59,0,80,20,0,84,16,0
943,BC,2019,0,3,0,0,2,0,0,100,0,0,100,0
944,BC,2019,78.779,18.821,0.4,806.733,121.467,1.8,80,19,0,87,13,0
948,BC,2019,0,0,0,3,0,0,,,,100,0,0
950,BC,2019,41.907,463.565,0,178.965,1675.038,0,8,92,0,10,90,0
955,BC,2019,21.116,18.686,20.1,226.6,70.6,421.8,35,31,34,32,10,59
956,BC,2019,961.265,869.538,388.707,3693.672,3037.64,1024.689,43,39,18,48,39,13
957,BC,2019,91.824,81.018,0,370.132,220.868,0,53,47,0,63,37,0
958,BC,2019,7.929,3.072,0,22.394,8.606,0,72,28,0,72,28,0
959,BC,2019,4104.772,22925.313,563.167,2899.051,17006.277,391.812,15,83,2,14,84,2
960,BC,2019,16,0,0,30,0,0,100,0,0,100,0,0
962,BC,2019,0,9,0,0,71,0,0,100,0,0,100,0
969,BC,2019,0,21.49,0,0,247,0,0,100,0,0,100,0
971,BC,2019,38.95,2.05,0,457.9,32.099,0,95,5,0,93,7,0
972,BC,2019,2331.115,1114.288,1838.41,19451.948,9977.127,17831.926,44,21,35,41,21,38
974,BC,2019,106.674,25.166,69.16,1971.85,600.75,833.4,53,13,34,58,18,24
976,BC,2019,252.32,460.237,0,3521.239,6407.762,0,35,65,0,35,65,0
977,BC,2019,322.808,650.633,0,5000.024,5777.977,0,33,67,0,46,54,0
978,BC,2019,498.914,829.401,0,4268.368,10493.63,0,38,62,0,29,71,0
979,BC,2019,1852.787,4714.219,0,15601.58,41546.42,0,28,72,0,27,73,0
980,BC,2019,16.5,4.4,1.1,182.25,48.6,12.15,75,20,5,75,20,5
981,BC,2019,2,24,33,9,484,123,3,41,56,1,79,20
982,BC,2019,1094.056,1310.908,1682.237,16217.103,15971.526,22340.374,27,32,41,30,29,41
987,BC,2019,5,5,0,83,98,0,50,50,0,46,54,0
988,BC,2019,392.98,284.02,0,904.415,447.585,0,58,42,0,67,33,0
990,BC,2019,135.109,17.885,0,603.567,80.439,0,88,12,0,88,12,0
991,BC,2019,111.115,3005.628,338.207,243.518,5723.457,1415.026,3,87,10,3,78,19
992,BC,2019,3.2,8.8,0,25.6,70.4,0,27,73,0,27,73,0
995,BC,2019,22.484,97.516,0,119.976,510.024,0,19,81,0,19,81,0
1001,BC,2019,1072.756,823.274,0,2494.298,1868.704,0,57,43,0,57,43,0
1002,BC,2019,188.9,21.1,0,764.9,107.1,0,90,10,0,88,12,0
1003,BC,2019,5,0,0,33,0,0,100,0,0,100,0,0
1004,BC,2019,740.877,1488.146,514.7,2422.524,4982.978,2258.5,27,54,19,25,52,23
1005,BC,2019,2280.075,3603.659,0,9250.237,15290.765,0,39,61,0,38,62,0
1006,BC,2019,3997.019,3092.213,0,14726.536,23297.462,0,56,44,0,39,61,0
1007,BC,2019,2856.753,2709.744,2486.63,3343.722,3110.589,4373.693,35,34,31,31,29,40
1008,BC,2019,1562.145,641.739,370.103,3770.799,1850.617,1271.588,61,25,14,55,27,18
1009,BC,2019,1520.67,369.463,0,2033.379,458.622,0,80,20,0,82,18,0
1010,BC,2019,2305.818,1125.216,0,441.172,305.829,0,67,33,0,59,41,0
1011,BC,2019,563.139,128.836,0,2826.076,577.925,0,81,19,0,83,17,0
1012,BC,2019,296.393,34.606,0,834.553,165.444,0,90,10,0,83,17,0
1013,BC,2019,147.168,79.556,75.277,2142.668,1257.889,1205.445,49,26,25,47,27,26
1015,BC,2019,906.619,718.375,0,3254.731,2908.267,0,56,44,0,53,47,0
1016,AB,2019,658.5,784.5,0,2655,3475,0,46,54,0,43,57,0
1017,BC,2019,116.08,65.92,0,494.441,402.56,0,64,36,0,55,45,0
1018,AB,2019,152.7,7678,129.7,504.2,23794.15,326.15,2,96,2,2,97,1
9593,AB,2019,0,13003,52012,0,3877.4,15509.6,0,20,80,0,20,80
9607,AB,2019,0,0,3551,0,0,1011,0,0,100,0,0,100
9609,AB,2019,581.383,6498.247,3719.35,1350.65,5808.1,2914.25,5,60,34,13,58,29
9687,AB,2019,7315.262,136615.467,0,4906.666,85890.837,0,5,95,0,5,95,0
9787,AB,2019,0,75047.45,0,0,20988.41,0,0,100,0,0,100,0
244,AB,2020,0,0,1369,0,0,1075,0,0,100,0,0,100
244,BC,2020,0,15.999,6,0,329.001,87,0,73,27,0,79,21
252,BC,2020,0,14,0,0,184,0,0,100,0,0,100,0
371,MB,2020,0,0,128,0,0,68,0,0,100,0,0,100
374,ON,2020,14,0,0,185,0,0,100,0,0,100,0,0
375,MB,2020,2547.517,20221.368,48971.186,1390.725,5347.206,9712.07,4,28,68,8,33,59
376,MB,2020,0,39,0,0,13,0,0,100,0,0,100,0
378,ON,2020,93,428,0,355,6483,0,18,82,0,5,95,0
379,MB,2020,1707.834,1201.566,0,1141.921,914.08,0,59,41,0,56,44,0
380,MB,2020,2209.184,202.868,2419.248,3569.822,1509.386,2173.792,46,4,50,49,21,30
381,ON,2020,0,3746,0,0,38489,0,0,100,0,0,100,0
383,ON,2020,447.428,3912.57,0,1318.286,9363.714,0,10,90,0,12,88,0
386,ON,2020,38,0,0,517,0,0,100,0,0,100,0,0
391,ON,2020,7,0,0,145,0,0,100,0,0,100,0,0
400,ON,2020,0,0,682,0,0,2415,0,0,100,0,0,100
401,ON,2020,289.443,701.269,4232.288,827.873,3316.73,12351.398,6,13,81,5,20,75
401,QC,2020,1162.999,47,13710.23,6126.001,231,70975.13,8,0,92,8,0,92
402,ON,2020,0,137,0,0,616,0,0,100,0,0,100,0
407,ON,2020,588.748,0,411.253,1333.001,0,488.999,59,0,41,73,0,27
408,ON,2020,0,29875,0,0,27054,0,0,100,0,0,100,0
408,QC,2020,2934.389,770.115,17975.634,2510.267,2560.333,16027.5,14,4,83,12,12,76
409,ON,2020,336,547.999,0,386,5188.001,0,38,62,0,7,93,0
410,ON,2020,46.5,175.5,0,219.1,666.9,0,21,79,0,25,75,0
411,ON,2020,5983.024,3367.979,0,25610.784,6976.214,0,64,36,0,79,21,0
412,ON,2020,0,308.6,1234.4,0,1686.4,6745.6,0,20,80,0,20,80
413,ON,2020,6384.128,1941.393,520.932,50676.511,7158.203,1415.341,72,22,6,86,12,2
415,QC,2020,923.22,0,0,1366,0,0,100,0,0,100,0,0
418,QC,2020,11418.079,834.7,732.001,14257.999,1837,1839,88,6,6,80,10,10
419,QC,2020,259,0,0,460,0,0,100,0,0,100,0,0
421,QC,2020,1447.66,0,0,2950,0,0,100,0,0,100,0,0
422,QC,2020,33,0,0,299,0,0,100,0,0,100,0,0
423,QC,2020,1047.66,739,0,4894,3590,0,59,41,0,58,42,0
424,QC,2020,2992.001,1466.001,1725,2610.001,3390.099,345.9,48,24,28,41,53,5
425,QC,2020,9039.881,2814.3,11930.98,33041.401,21957.63,18237.77,38,12,50,45,30,25
426,QC,2020,3217,577,0,5143,380,0,85,15,0,93,7,0
431,QC,2020,2,0,0,40,0,0,100,0,0,100,0,0
438,QC,2020,346.42,0,0,299,0,0,100,0,0,100,0,0
439,QC,2020,403,0,0,268,0,0,100,0,0,100,0,0
440,QC,2020,674,0,0,532,0,0,100,0,0,100,0,0
441,QC,2020,32285.15,38797.575,5244.937,22921.319,33075.827,3840.175,42,51,7,38,55,6
455,NF,2020,2,0,0,238,0,0,100,0,0,100,0,0
458,NF,2020,53,117.37,0,82,912,0,31,69,0,8,92,0
460,NF,2020,0,4,0,0,54,0,0,100,0,0,100,0
461,NF,2020,0,52.999,0,0,1079.001,0,0,100,0,0,100,0
462,NF,2020,0,6.001,0,0,84,0,0,100,0,0,100,0
463,NF,2020,0,26,0,0,885.999,0,0,100,0,0,100,0
466,NF,2020,15,307.55,0,23,862,0,5,95,0,3,97,0
468,NF,2020,0,52.8,0,0,229,0,0,100,0,0,100,0
471,NF,2020,48,111.04,0,133,278.001,0,30,70,0,32,68,0
475,NF,2020,0,353.68,0,0,1551,0,0,100,0,0,100,0
477,NF,2020,3.67,0,0,65,0,0,100,0,0,100,0,0
478,QC,2020,385,1111.199,0,2942,3667.201,0,26,74,0,45,55,0
479,QC,2020,6133.019,29740.416,5226.12,11020.065,72261.837,9099.1,15,72,13,12,78,10
481,QC,2020,0,5275,0,0,10099,0,0,100,0,0,100,0
482,QC,2020,19114.46,18072.439,0,67604,59235.398,0,51,49,0,53,47,0
483,QC,2020,14049.648,28360.75,937.599,38378.701,63762.001,1141.299,32,65,2,37,62,1
484,NB,2020,0,95,0,0,284,0,0,100,0,0,100,0
484,QC,2020,380,3345.97,0,1507,7033,0,10,90,0,18,82,0
485,NB,2020,196.534,292.466,0,1047.223,1002.776,0,40,60,0,51,49,0
486,NB,2020,746,5676,0,472.7,3691.3,0,12,88,0,11,89,0
487,NB,2020,126.337,297.664,0,1135.642,2506.357,0,30,70,0,31,69,0
487,QC,2020,10.695,1344.307,0,93.612,3747.389,0,1,99,0,2,98,0
488,NB,2020,40.667,145.333,0,80,963,0,22,78,0,8,92,0
489,NB,2020,315,1178,0,215,1093,0,21,79,0,16,84,0
490,NB,2020,351.294,893.706,0,704.955,575.045,0,28,72,0,55,45,0
493,NB,2020,1605.412,16449.617,943.967,1425.016,12752.08,634.903,8,87,5,10,86,4
494,NB,2020,0,17383.001,0,0,10139.001,0,0,100,0,0,100,0
495,NB,2020,184.25,396.75,0,917.74,2209.26,0,32,68,0,29,71,0
496,NB,2020,2306.22,420.898,207.885,14898.172,2748.227,1271.6,79,14,7,79,15,7
497,NB,2020,185,702,0,832.5,2175.5,0,21,79,0,28,72,0
498,NB,2020,330,0,0,1483,0,0,100,0,0,100,0,0
499,NB,2020,659.88,244.72,10.4,918.881,2391.02,61.1,72,27,1,27,71,2
500,NB,2020,5524.7,111.201,170.1,6986.024,214.877,719.1,95,2,3,88,3,9
501,NB,2020,1926.582,2808.419,0,918.239,2232.762,0,41,59,0,29,71,0
502,NB,2020,503.418,1141.584,0,1042.459,2363.541,0,31,69,0,31,69,0
503,NB,2020,2145.44,2408.557,49,6617.73,10805.271,89,47,52,1,38,62,1
504,NB,2020,1459,171,0,5867,258,0,90,10,0,96,4,0
504,NS,2020,4992.385,1755.116,0,15805.556,5843.441,0,74,26,0,73,27,0
505,NB,2020,264,754.002,0,730,3662.999,0,26,74,0,17,83,0
506,NB,2020,41,289,0,510.96,1431.04,0,12,88,0,26,74,0
507,NB,2020,80.999,1502.999,0,1236.999,5743.999,0,5,95,0,18,82,0
507,NS,2020,3952.771,1921.404,0,5666.269,3273.732,0,67,33,0,63,37,0
508,NB,2020,379.998,0,0,509,0,0,100,0,0,100,0,0
509,NS,2020,360.998,1894,0,411,3067.001,0,16,84,0,12,88,0
510,NS,2020,32.733,66.916,0,210.75,151.25,0,33,67,0,58,42,0
511,NS,2020,0,154,0,0,58.002,0,0,100,0,0,100,0
512,NS,2020,0,3330.519,0,0,3503.996,0,0,100,0,0,100,0
513,NS,2020,68.724,218.858,0,333.233,970.765,0,24,76,0,26,74,0
514,NS,2020,15.69,0,0,15,0,0,100,0,0,100,0,0
516,NS,2020,210.459,731.455,0,1321.003,1620.997,0,22,78,0,45,55,0
517,NS,2020,745.924,5081.907,0,2467.048,17610.949,0,13,87,0,12,88,0
518,NS,2020,8904.976,5022.729,0,11022.829,8398.173,0,64,36,0,57,43,0
519,NS,2020,0,260,0,0,717,0,0,100,0,0,100,0
520,NS,2020,16.083,544.916,0,62.333,1710.666,0,3,97,0,4,96,0
521,NS,2020,0,41,0,0,731,0,0,100,0,0,100,0
522,NS,2020,49.4,307.523,0,678.79,2750.208,0,14,86,0,20,80,0
523,NS,2020,135.112,696.419,0,581.956,2849.045,0,16,84,0,17,83,0
524,NS,2020,33,22,0,172,87,0,60,40,0,66,34,0
525,NS,2020,363.657,1370.009,0,1273.492,5068.51,0,21,79,0,20,80,0
527,NS,2020,59.376,698.621,0,172.766,1588.232,0,8,92,0,10,90,0
528,NS,2020,1616.807,1323.972,0,1145.599,1132.402,0,55,45,0,50,50,0
529,NS,2020,0,767.999,0,0,386.001,0,0,100,0,0,100,0
530,NS,2020,39.333,1156.667,0,60,1426.998,0,3,97,0,4,96,0
531,NS,2020,480.645,1146.633,0,546.755,3009.247,0,30,70,0,15,85,0
534,PE,2020,16195.851,4885.148,0,12371.808,3311.19,0,77,23,0,79,21,0
535,PE,2020,17335,0,0,11766,0,0,100,0,0,100,0,0
536,PE,2020,41342.421,2432.583,0,32195.332,1786.667,0,94,6,0,95,5,0
537,PE,2020,20436.556,446.444,0,21201.113,578.888,0,98,2,0,97,3,0
538,PE,2020,5972,0,0,3474,0,0,100,0,0,100,0,0
539,QC,2020,10,84.21,19.98,141,733,239,9,74,17,13,66,21
540,QC,2020,228036.509,113454.242,87449.668,143453.748,51609.302,49398.559,53,26,20,59,21,20
541,ON,2020,0,15089.55,2705.45,1689.352,2832.247,851.4,0,85,15,31,53,16
541,QC,2020,144830.837,43533.027,275974.56,44023.83,10496.942,65295.232,31,9,59,37,9,54
542,ON,2020,0,1129.124,21930.196,2910.561,1775.469,29577.972,0,5,95,8,5,86
543,ON,2020,7603,42636.734,19761.969,6540.761,15298.155,6578.558,11,61,28,23,54,23
543,QC,2020,0,486,1447,0,511,2352.4,0,25,75,0,18,82
544,ON,2020,4196.562,64421.897,15970.742,3857.09,20924.998,5222.913,5,76,19,13,70,17
545,ON,2020,6527.289,14714.331,13393.682,4078.557,6755.368,9080.074,19,42,39,20,34,46
546,ON,2020,0,46052.335,10152.619,0,23820.911,5558.089,0,82,18,0,81,19
546,QC,2020,0,380,0,0,212,0,0,100,0,0,100,0
547,ON,2020,8243.322,26446.13,21328.124,13794.262,23334.758,28098.271,15,47,38,21,36,43
548,QC,2020,76.96,0,0,539,0,0,100,0,0,100,0,0
549,ON,2020,0,767.841,8923.279,0,1041.87,11588.131,0,8,92,0,8,92
550,ON,2020,1269.45,5992.854,2648.115,5441.004,28565.827,8519.429,13,60,27,13,67,20
551,ON,2020,35291.944,72013.63,59466.83,32185.285,38965.824,50557.887,21,43,36,26,32,42
552,ON,2020,40426.066,6468.584,0,56724.773,22068.81,0,86,14,0,72,28,0
553,ON,2020,66658.645,104504.933,19980.206,46704.355,58412.216,13821.648,35,55,10,39,49,12
554,ON,2020,20635.059,4440.12,0,33547.833,4134.167,0,82,18,0,89,11,0
555,ON,2020,12475.609,9216.233,22992.309,12399.206,18891.743,22296.923,28,21,51,23,35,42
556,ON,2020,28331.832,119845.601,2525.052,30870.32,71086.62,1400.063,19,80,2,30,69,1
557,ON,2020,10686.048,282421.794,0,3283.389,74077.61,0,4,96,0,4,96,0
558,ON,2020,19009.124,222771.122,1135.957,11755.658,76896.677,44.663,8,92,0,13,87,0
559,ON,2020,0,310.4,0,0,0,0,0,100,0,,,
560,ON,2020,23998.663,54287.398,0,10490.157,25765.844,0,31,69,0,29,71,0
561,ON,2020,530.587,18897.279,2242.778,154.062,6852.423,821.889,2,87,10,2,88,10
562,ON,2020,0,21429.333,10850.666,0,8009.444,4509.555,0,66,34,0,64,36
563,ON,2020,0,107,0,0,67,0,0,100,0,0,100,0
564,ON,2020,11312.113,64473.666,25153.743,9113.757,17264.211,7810.752,11,64,25,27,50,23
565,ON,2020,91265.245,210220.475,86133.278,12448.484,34458.668,11176.851,24,54,22,21,59,19
566,ON,2020,166,10557.35,7893.05,45.75,2927.95,2061.1,1,57,42,1,58,41
567,ON,2020,6917.222,159013.539,19563.237,1601.667,35832.152,4598.181,4,86,11,4,85,11
568,ON,2020,73416.01,8630.393,277.6,13773.776,1512.221,50,89,10,0,90,10,0
569,ON,2020,3488.139,26016.117,91388.742,664.389,6662.85,26699.761,3,22,76,2,20,78
570,ON,2020,10704.667,216594.814,53601.917,1048.904,24135.126,5349.971,4,77,19,3,79,18
571,ON,2020,9342.112,1921.668,2562.222,1537.444,279.666,372.889,68,14,19,70,13,17
572,ON,2020,3378.588,15295.647,3339.624,355.65,1487.749,568.6,15,69,15,15,62,24
581,BC,2020,65.2,2681.08,0,182.8,5130,0,2,98,0,3,97,0
583,AB,2020,0,74.106,118.895,0,84.21,88.789,0,38,62,0,49,51
583,BC,2020,0,2599.543,646.796,0,7399.111,1944.889,0,80,20,0,79,21
584,AB,2020,0,0,662,0,0,1900,0,0,100,0,0,100
585,BC,2020,620.5,19911.14,0.938,1919.667,56651.334,1,3,97,0,3,97,0
586,AB,2020,9399.777,81784.777,38962.348,2908.706,21191.078,13038.215,7,63,30,8,57,35
587,AB,2020,23378.481,1455.15,0,6591.701,413.7,0,94,6,0,94,6,0
588,AB,2020,4594.093,12193.616,98084.982,2781.559,4451.085,34543.959,4,11,85,7,11,83
589,AB,2020,864.24,2808.78,0,307.059,997.941,0,24,76,0,24,76,0
590,AB,2020,0,22774.129,50389.25,0,10514.15,30791.85,0,31,69,0,25,75
591,AB,2020,233.8,2352.335,122800.832,233.6,1386,74820.999,0,2,98,0,2,98
591,BC,2020,12062.764,60873.1,16079.633,30671.772,128485.27,22246.949,14,68,18,17,71,12
592,AB,2020,904.182,20124.941,120634.337,1160.118,20578.07,51898.81,1,14,85,2,28,70
593,AB,2020,0,7884.647,92403.355,0,1843,30124.001,0,8,92,0,6,94
594,AB,2020,0,0,55051.999,0,0,36539,0,0,100,0,0,100
595,AB,2020,0,4224.941,93176.059,0,534.118,11797.882,0,4,96,0,4,96
596,AB,2020,10061.2,51497.247,59372.646,2006.202,9892.532,12110.165,8,43,49,8,41,50
597,AB,2020,1473.9,14878,28155.001,1359.8,18953.6,22189.001,3,33,63,3,45,52
598,AB,2020,0,1201.9,77289.099,0,1061.9,54199.101,0,2,98,0,2,98
599,AB,2020,0,4289,56364.001,0,4340,34304,0,7,93,0,11,89
600,AB,2020,1540.188,232.471,1788,2608.739,418.294,2610.667,43,7,50,46,7,46
609,AB,2020,0,0,411,0,0,368,0,0,100,0,0,100
610,AB,2020,798.103,11037.411,30997.111,750.54,14071.745,38591.717,2,26,72,1,26,72
610,BC,2020,0,0,0,0,0.999,0,,,,0,100,0
611,AB,2020,157.75,939.75,3251.5,164.75,1019.4,3762.85,4,22,75,3,21,76
612,AB,2020,0,5425.575,1137.085,0,10356.183,3037.817,0,83,17,0,77,23
615,AB,2020,4070.005,14395.097,0,5042.657,16455.744,0,22,78,0,23,77,0
616,AB,2020,12695.51,3958.25,0,9213.359,4099.643,0,76,24,0,69,31,0
617,AB,2020,1806.286,4624.215,1370.5,1928,5697.5,1664.5,23,59,18,21,61,18
618,AB,2020,1138.254,7662.239,641.31,1032.477,7112.218,1091.25,12,81,7,11,77,12
618,BC,2020,302.804,5052.564,1055.889,1198.033,14055.669,4164.3,5,79,16,6,72,21
619,AB,2020,0,423,0,0,937,0,0,100,0,0,100,0
622,AB,2020,2889.563,10164.398,0,5000.97,16973.032,0,22,78,0,23,77,0
623,AB,2020,4132.924,18991.54,3336.277,7972.463,40105.881,11312.657,16,72,13,13,68,19
625,AB,2020,58.666,117.333,0,108.666,217.333,0,33,67,0,33,67,0
626,AB,2020,0,1326.001,0,0,3813.999,0,0,100,0,0,100,0
629,AB,2020,263.2,3054.409,721.131,583.8,7688.408,1717.444,7,76,18,6,77,17
630,AB,2020,79.625,5266.939,43.777,268.875,19014.235,190.889,1,98,1,1,98,1
631,AB,2020,0,1031.4,101.6,0,4308.3,443.7,0,91,9,0,91,9
647,SK,2020,971.547,232.453,0,1239.045,204.955,0,81,19,0,86,14,0
650,AB,2020,225.107,2808.726,385.918,786.667,8830.492,1016.842,7,82,11,7,83,10
652,SK,2020,15.671,123.328,0,55.492,430.508,0,11,89,0,11,89,0
657,SK,2020,233.395,2632.105,0,550.232,5284.768,0,8,92,0,9,91,0
658,SK,2020,1058.896,544.054,0,722.554,365.446,0,66,34,0,66,34,0
660,SK,2020,620.292,10944.458,0,953.951,11012.049,0,5,95,0,8,92,0
661,SK,2020,84.293,6259.707,0,30.964,3110.032,0,1,99,0,1,99,0
662,SK,2020,72,288,0,19,76,0,20,80,0,20,80,0
667,MB,2020,0,256,0,0,279,0,0,100,0,0,100,0
669,MB,2020,0,20466.85,0,0,7716.999,0,0,100,0,0,100,0
669,SK,2020,0,0,439,0,0,502,0,0,100,0,0,100
672,SK,2020,7896.433,5992.473,454.644,2606.497,1750.715,115.789,55,42,3,58,39,3
677,MB,2020,0,0,5196,0,0,2832,0,0,100,0,0,100
678,AB,2020,5533.704,130916.67,6506.509,6226.391,111711.546,4770,4,92,5,5,91,4
679,AB,2020,0,13434.771,0,0,28896,0,0,100,0,0,100,0
680,AB,2020,3881.209,71277.66,0,6671.49,89662.001,0,5,95,0,7,93,0
680,SK,2020,451.238,10585.712,0,2494.865,28778.139,0,4,96,0,8,92,0
681,AB,2020,3444.435,87242.104,22780.41,1714.706,40317.644,9597.44,3,77,20,3,78,19
682,SK,2020,2765.293,3915,2884.555,5643.812,8648.328,2456.862,29,41,30,34,52,15
683,AB,2020,50356.77,19747.001,0,25611,6735,0,72,28,0,79,21,0
684,AB,2020,566.308,90412.618,37153.393,1353.489,129185.156,43941.954,0,71,29,1,74,25
685,SK,2020,639.855,15541.695,11096,858.362,24890.636,11891.999,2,57,41,2,66,32
686,AB,2020,0,9262.389,0,0,21149.999,0,0,100,0,0,100,0
686,SK,2020,25.539,639.459,0,128.99,4755.009,0,4,96,0,3,97,0
687,AB,2020,2542.778,8944.922,0,4076.167,13661.133,0,22,78,0,23,77,0
687,SK,2020,6659.266,82669.733,0,7717.538,54721.458,0,7,93,0,12,88,0
688,AB,2020,0,69653.501,0,0,41687.501,0,0,100,0,0,100,0
689,SK,2020,2955.725,41661.775,0,3765.628,20948.371,0,7,93,0,15,85,0
690,SK,2020,2808.702,34111.7,0,2675.897,27540.103,0,8,92,0,9,91,0
691,SK,2020,17343.612,1616.688,0,4395.734,152.266,0,91,9,0,97,3,0
692,AB,2020,47.169,39165.207,11721.372,126.264,64727.76,33593.821,0,77,23,0,66,34
693,SK,2020,12644.439,116014.56,0,6591.627,17283.371,0,10,90,0,28,72,0
694,SK,2020,41157.507,43140.043,21895.456,6847.373,5554.525,1970.102,39,41,21,48,39,14
695,SK,2020,17092.681,12191.319,0,21902.701,7005.299,0,58,42,0,76,24,0
696,SK,2020,59753.701,91847.243,0,27768.419,26770.579,0,39,61,0,51,49,0
697,SK,2020,0,8733.2,47064.799,0,1384.621,7437.377,0,16,84,0,16,84
698,SK,2020,33257.908,23365.592,0,4930.171,4593.828,0,59,41,0,52,48,0
699,SK,2020,0,26792,0,0,18684.999,0,0,100,0,0,100,0
700,SK,2020,0,12602.899,34775.151,0,3612.848,5665.152,0,27,73,0,39,61
701,SK,2020,51715.557,14265.846,0,32150.868,3526.135,0,78,22,0,90,10,0
702,SK,2020,7819.093,190847.03,18085.872,3581.945,19557.536,784.524,4,88,8,15,82,3
703,AB,2020,0,83040.321,1202.059,0,83477.9,1437.45,0,99,1,0,98,2
704,SK,2020,1203.99,68636.862,24426.449,560.874,14836.147,4627.976,1,73,26,3,74,23
705,SK,2020,0,63586.559,223380.442,0,12416.134,8600.866,0,22,78,0,59,41
706,SK,2020,3767.801,109413.2,0,338.839,16125.162,0,3,97,0,2,98,0
707,SK,2020,17839.224,170779.443,1995.431,10302.461,34306.266,374.274,9,90,1,23,76,1
708,AB,2020,2706.3,77122.444,0,2391.3,87430.4,0,3,97,0,3,97,0
709,MB,2020,4561.182,151611.233,14250.436,2054.821,57902.666,3126.514,3,89,8,3,92,5
709,SK,2020,26805.978,178467.584,13175.44,9449.179,41892.661,1655.164,12,82,6,18,79,3
710,SK,2020,1005.347,10017.954,0,1191.561,17348.439,0,9,91,0,6,94,0
711,SK,2020,224.825,13387.126,0,120.995,19310.005,0,2,98,0,1,99,0
714,MB,2020,0,2468,0,0,601,0,0,100,0,0,100,0
714,SK,2020,0,60105.958,6628.491,0,28076.301,1367.697,0,90,10,0,95,5
715,MB,2020,833.09,17670.563,12465.446,1017.741,8385.708,7219.551,3,57,40,6,50,43
715,SK,2020,0,9392.411,2802.588,0,3572.679,763.32,0,77,23,0,82,18
716,MB,2020,4582.649,41877.55,21130.55,3136,19364,11203,7,62,31,9,57,33
717,MB,2020,46535.657,47047.168,13623.674,19695.304,17807.261,3102.435,43,44,13,49,44,8
718,MB,2020,0,2083.7,0,0,7891,0,0,100,0,0,100,0
720,MB,2020,0,0,1816.6,0,0,4146,0,0,100,0,0,100
723,MB,2020,41,25725.249,2982.7,317,84473.001,3135,0,89,10,0,96,4
724,MB,2020,3869.938,29439.058,142274.657,4766.853,14988.868,48048.278,2,17,81,7,22,71
726,MB,2020,45954.797,0,1576.152,55860.186,0,717.814,97,0,3,99,0,1
727,AB,2020,25897.287,187270.896,131801.195,16352.176,79984.593,46631.386,8,54,38,11,56,33
728,AB,2020,4081.667,193707.604,3489.529,1677.222,44959.21,764.921,2,96,2,4,95,2
729,AB,2020,34166.821,100117.548,0,19424.127,45079.699,0,25,75,0,30,70,0
729,SK,2020,17719.59,340312.412,0,10999.239,121376.759,0,5,95,0,8,92,0
730,AB,2020,46124.762,408318.913,10962.222,21325.027,161092.874,5701.944,10,88,2,11,86,3
731,AB,2020,20732.029,443586.95,0,12479.471,138886.6,0,4,96,0,8,92,0
732,AB,2020,0,14813.1,0,0,14453.1,0,0,100,0,0,100,0
733,SK,2020,25052.394,137101.556,8641.05,9445.158,50162.116,1764.722,15,80,5,15,82,3
734,SK,2020,20506.116,11052.883,0,17068.539,2596.459,0,65,35,0,87,13,0
735,SK,2020,3633.355,156641.646,0,3380.7,29817.298,0,2,98,0,10,90,0
736,SK,2020,33731.843,209774.625,7703.532,10442.511,37797.372,753.115,13,84,3,21,77,2
737,AB,2020,20696.4,113550.001,15235.85,10573.7,60686.15,7436.1,14,76,10,13,77,9
738,AB,2020,7740.61,127918.93,0,5126.35,23902.03,0,6,94,0,18,82,0
739,AB,2020,70763.25,10074.6,0,96926.43,6620.4,0,88,12,0,94,6,0
739,SK,2020,19427.028,3102.97,0,23642.992,1065.011,0,86,14,0,96,4,0
740,AB,2020,16256.3,148387.601,0,9146,66668.6,0,10,90,0,12,88,0
741,SK,2020,4213.502,149916.368,1322.124,309.803,15010.98,139.227,3,96,1,2,97,1
742,SK,2020,24076.184,11679.817,0,10363.257,327.744,0,67,33,0,97,3,0
743,AB,2020,1580.4,74194.651,0,891.9,36222.878,0,2,98,0,2,98,0
743,SK,2020,2393.33,5195.744,1973.925,1689.386,3051.652,1130.964,25,54,21,29,52,19
744,AB,2020,0,183374.35,14368,0,66864.8,2428,0,93,7,0,96,4
745,SK,2020,25382.281,718767.205,3329.512,7265.078,89661.464,462.458,3,96,0,7,92,0
746,AB,2020,0,143321.75,0,0,71873.2,0,0,100,0,0,100,0
747,SK,2020,21748.141,40115.861,0,17479.379,9045.62,0,35,65,0,66,34,0
748,SK,2020,6069.671,600924.221,774.115,1525.944,150323.851,131.205,1,99,0,1,99,0
749,SK,2020,12664.914,353914.09,0,7298.716,71371.285,0,3,97,0,9,91,0
750,AB,2020,0,52800.46,13669.14,0,85395.45,19622.15,0,79,21,0,81,19
751,MB,2020,7325.605,34194.746,0,10727.821,17061.178,0,18,82,0,39,61,0
751,SK,2020,10077.543,13064.308,0,7628.284,5570.719,0,44,56,0,58,42,0
752,MB,2020,0,99988.696,1382.304,0,46188.63,604.37,0,99,1,0,99,1
752,SK,2020,11463.866,381299.144,0,6013.176,127304.817,0,3,97,0,5,95,0
753,MB,2020,3077.276,445277.621,6772.101,1568.082,123200.021,2497.899,1,98,1,1,97,2
754,SK,2020,2794.301,152786.235,55580.463,1698.655,29866.422,8989.928,1,72,26,4,74,22
755,SK,2020,2226.372,171291.627,0,552.025,39590.975,0,1,99,0,1,99,0
756,SK,2020,5687.046,312744.955,0,1256.057,96092.937,0,2,98,0,1,99,0
757,MB,2020,60789.358,25892.642,1572.65,31826.043,6085.959,0,69,29,2,84,16,0
758,MB,2020,43346.956,125312.304,9658.14,18342.156,26945.943,6770.177,24,70,5,35,52,13
759,MB,2020,5116.73,36282.271,0,1641.719,11641.28,0,12,88,0,12,88,0
760,MB,2020,0,83509,0,1199.726,21503.274,0,0,100,0,5,95,0
760,SK,2020,4606.721,326456.278,0,2274.835,110809.166,0,1,99,0,2,98,0
761,SK,2020,0,10535.001,1589,0,9985.998,1069,0,87,13,0,90,10
762,SK,2020,15145.825,66127.178,0,17611.504,26794.498,0,19,81,0,40,60,0
763,MB,2020,87907.823,56464.172,6628.005,51332.948,22959.514,4360.535,58,37,4,65,29,6
763,SK,2020,26216.434,15418.565,0,22617.086,1414.913,0,63,37,0,94,6,0
764,MB,2020,0,76066.997,0,1149.335,19279.669,0,0,100,0,6,94,0
765,MB,2020,3493.907,339913.092,0,4492.598,69053.401,0,1,99,0,6,94,0
766,MB,2020,957.858,190633.142,0,630.008,33991.99,0,0,100,0,2,98,0
767,SK,2020,3782.984,437859.293,46600.727,641.578,43101.281,4547.138,1,90,10,1,89,9
768,SK,2020,0,42382,0,0,8001,0,0,100,0,0,100,0
769,AB,2020,0,95949.3,0,0,68489.5,0,0,100,0,0,100,0
770,SK,2020,59183.993,229719.084,8733.919,31165.984,35535.188,1364.835,20,77,3,46,52,2
771,AB,2020,11818.3,74472.801,218.8,10562.4,50539.544,113.4,14,86,0,17,83,0
771,SK,2020,0,43267.892,1343.108,314.298,15410.157,665.545,0,97,3,2,94,4
772,SK,2020,13683.494,28071.504,0,9536.813,3442.184,0,33,67,0,73,27,0
773,SK,2020,11204.497,253857.913,29015.585,3211.313,42458.904,6154.787,4,86,10,6,82,12
774,SK,2020,0,65232.002,0,0,7805.001,0,0,100,0,0,100,0
775,SK,2020,3211.855,70743.143,0,374.036,11057.964,0,4,96,0,3,97,0
776,SK,2020,32339.574,9367.426,0,28806.258,2303.743,0,78,22,0,93,7,0
777,AB,2020,9062.65,1931.1,0,14070.15,3350.85,0,82,18,0,81,19,0
778,SK,2020,18640.162,7852.84,0,5880.589,2477.41,0,70,30,0,70,30,0
779,AB,2020,0,29431.8,0,0,17733.6,0,0,100,0,0,100,0
780,SK,2020,7859.584,52316.354,262312.065,1722.441,3983.381,20937.18,2,16,81,6,15,79
781,AB,2020,13497.12,56351.099,148284.64,3806.32,12965.127,18375.013,6,26,68,11,37,52
782,SK,2020,14209.207,534351.796,0,8697.46,83666.543,0,3,97,0,9,91,0
783,SK,2020,0,270334.999,0,0,44098.003,0,0,100,0,0,100,0
784,SK,2020,11144.983,72737.346,2170.676,4889.143,16763.945,305.912,13,85,3,22,76,1
785,SK,2020,0,76851.072,6062.928,0,15151.046,662.954,0,93,7,0,96,4
786,AB,2020,0,100385.1,12.1,0,30288,23.3,0,100,0,0,100,0
787,AB,2020,0,47106.5,0,0,11450.9,0,0,100,0,0,100,0
788,AB,2020,0,51923.8,15667.2,0,10805,2865,0,77,23,0,79,21
789,SK,2020,12352.244,125274.821,2588.937,11887.556,22537.811,197.635,9,89,2,34,65,1
790,AB,2020,14293.3,42072.2,0,4154.5,8821.6,0,25,75,0,32,68,0
791,AB,2020,0,193921,0,0,28754,0,0,100,0,0,100,0
792,SK,2020,24364.303,58189.86,597350.834,23397.29,6811.628,61406.08,4,9,88,26,7,67
793,AB,2020,45471.119,358636.353,22784.729,18149.291,104843.18,5737.106,11,84,5,14,81,4
794,SK,2020,0,442864.001,0,0,85417.002,0,0,100,0,0,100,0
795,SK,2020,0,237543.999,0,455.28,53646.718,0,0,100,0,1,99,0
796,SK,2020,12538.643,41703.359,0,8452.415,23843.587,0,23,77,0,26,74,0
797,AB,2020,1359.4,16013.5,28.5,1426.6,8176.411,75,8,92,0,15,84,1
798,AB,2020,30321.6,293447.2,27451.05,13774.8,112908.79,10927.36,9,84,8,10,82,8
799,AB,2020,0,33950,0,0,73881,0,0,100,0,0,100,0
800,AB,2020,0,75697.6,78409.9,0,43158.27,32260.04,0,49,51,0,57,43
801,AB,2020,0,34963.3,2687.7,0,35515.5,3196.5,0,93,7,0,92,8
802,AB,2020,0,57872.4,0,464.49,42743.55,0,0,100,0,1,99,0
803,SK,2020,5380.577,105777.998,55029.424,2991.785,9805.051,4170.169,3,64,33,18,58,25
804,AB,2020,10079.92,38356.78,0,13376.16,18101.04,0,21,79,0,42,58,0
805,AB,2020,4088.872,6843.322,3878.806,1841.578,1637.363,928.06,28,46,26,42,37,21
805,SK,2020,3937.833,43098.919,24774.248,1570.633,5711.696,2664.67,5,60,34,16,57,27
806,AB,2020,1218.4,55080.4,224,2430.1,76885.3,670.6,2,97,0,3,96,1
807,SK,2020,0,65294.486,8975.513,0,7032.076,536.922,0,88,12,0,93,7
808,SK,2020,2648.149,106768.447,427381.408,917.612,12620.611,30893.78,0,20,80,2,28,70
809,AB,2020,3718,98091.75,0,3225.755,39758.545,0,4,96,0,8,92,0
809,SK,2020,3729.24,106244.344,27416.408,870.749,9623.457,850.789,3,77,20,8,85,7
810,SK,2020,0,93570.998,0,0,16743,0,0,100,0,0,100,0
811,AB,2020,4402.2,4508.502,31465.598,865.8,926.594,6343.306,11,11,78,11,11,78
811,SK,2020,0,334.364,891.636,0,65.181,173.818,0,27,73,0,27,73
812,AB,2020,27676.475,23590.595,22938.4,27562.399,14753.29,13162.8,37,32,31,50,27,24
813,SK,2020,2782.48,77269.01,37824.506,1291.523,20192.378,6395.1,2,66,32,5,72,23
814,AB,2020,817.65,8103.48,0,1332.9,10739.97,0,9,91,0,11,89,0
815,AB,2020,20168.799,16570.017,0,11032.6,7646.115,0,55,45,0,59,41,0
815,SK,2020,21779.336,7545.666,0,2507.985,1890.014,0,74,26,0,57,43,0
816,SK,2020,33587.397,307262.922,24908.68,35061.688,84704.779,4098.531,9,84,7,28,68,3
817,SK,2020,0,87944.967,3508.032,0,6670.213,235.789,0,96,4,0,97,3
818,AB,2020,0,29994.3,0,0,18873.05,0,0,100,0,0,100,0
819,SK,2020,18685.391,5409.612,0,6845.977,1869.024,0,78,22,0,79,21,0
820,SK,2020,739.92,172026.909,749.169,0,30018.997,0,0,99,0,0,100,0
821,AB,2020,1275.409,83096.651,449.444,1328.417,24921.834,678.538,2,98,1,5,93,3
821,SK,2020,676.874,157816.126,0,951.102,38083.897,0,0,100,0,2,98,0
822,SK,2020,4100.033,121672.373,1531.592,2997.999,52384.797,592.203,3,96,1,5,94,1
823,AB,2020,25502.211,126367.287,0,5548.744,23965.755,0,17,83,0,19,81,0
824,SK,2020,17725.639,63378.05,1387.309,11564.751,21943.25,0,21,77,2,35,65,0
825,SK,2020,0,423721.996,0,1132.632,98926.371,0,0,100,0,1,99,0
826,SK,2020,10998.384,573260.823,88628.796,12623.349,139525.819,10514.276,2,85,13,8,86,6
827,SK,2020,16624.242,7246.48,1100.277,30554.393,11830.114,1761.493,67,29,4,69,27,4
828,AB,2020,18909.44,573769.309,0,3028.149,77873.748,0,3,97,0,4,96,0
829,AB,2020,22779.25,10992.55,0,4455.35,2450.05,0,67,33,0,65,35,0
830,SK,2020,10757.46,235498.222,34173.321,9208.769,75516.914,8099.317,4,84,12,10,81,9
831,SK,2020,5721.804,126694.403,1345.788,1167.508,27376.491,0,4,95,1,4,96,0
832,SK,2020,9898.75,220852.388,802.857,9713.672,134350.082,738.247,4,95,0,7,93,1
833,AB,2020,33,18014,9.9,125,5905.4,37.5,0,100,0,2,97,1
833,SK,2020,0,27963.649,23741.351,0,25287.983,10754.017,0,54,46,0,70,30
834,SK,2020,0,58575.008,142070.994,0,9825.823,31480.179,0,29,71,0,24,76
835,SK,2020,0,5238.871,12806.129,0,2316.483,5662.515,0,29,71,0,29,71
836,AB,2020,0,8134,0,0,2612,0,0,100,0,0,100,0
837,AB,2020,0,21411,0,0,8859,0,0,100,0,0,100,0
837,SK,2020,0,9769.996,2124.007,0,12616.623,2304.379,0,82,18,0,85,15
838,AB,2020,327,1596.002,0,1308.6,4100.401,0,17,83,0,24,76,0
838,SK,2020,0,35842.739,1090.264,0,35303.11,2841.906,0,97,3,0,93,7
839,MB,2020,8350.398,76975.1,9434.502,1961.452,20050.759,2473.788,9,81,10,8,82,10
840,MB,2020,47266.832,12541.431,14775.737,17914.818,8028.697,4005.486,63,17,20,60,27,13
841,MB,2020,19463.622,17977.88,0,1514.275,43494.727,0,52,48,0,3,97,0
843,MB,2020,14504.033,8396.966,0,11920.687,6033.313,0,63,37,0,66,34,0
844,MB,2020,10109.986,38066.659,5920.354,6370.138,22534.391,3319.471,19,70,11,20,70,10
846,MB,2020,0,11618.001,0,0,34656.002,0,0,100,0,0,100,0
847,MB,2020,0,31379.851,20674.85,0,7398.5,2916.5,0,60,40,0,72,28
848,MB,2020,1156.316,10892.434,0,245.895,2684.105,0,10,90,0,8,92,0
849,MB,2020,12142.167,40959.333,616316.503,2868.096,11881.831,66825.073,2,6,92,4,15,82
850,MB,2020,137597.046,32441.955,0,44699.629,5032.37,0,81,19,0,90,10,0
851,MB,2020,0,43046.016,34423.986,0,5732.01,4152.989,0,56,44,0,58,42
852,MB,2020,40298.614,90821.997,108927.392,6148.288,10329.18,10549.53,17,38,45,23,38,39
853,MB,2020,0,16816.299,30974.701,0,1308.259,2409.741,0,35,65,0,35,65
854,MB,2020,5562.75,70418.25,0,1596.125,17128.875,0,7,93,0,9,91,0
855,MB,2020,0,10855,0,0,3528,0,0,100,0,0,100,0
940,BC,2020,18,5,0,306,60,0,78,22,0,84,16,0
943,BC,2020,0,4,0,0,1,0,0,100,0,0,100,0
944,BC,2020,84.845,14.958,0.2,788.025,123.174,1.8,85,15,0,86,13,0
948,BC,2020,0,0,0,3,0,0,,,,100,0,0
950,BC,2020,28.47,350.005,0,186.897,1724.1,0,8,92,0,10,90,0
955,BC,2020,17.4,10.4,16.1,224.442,77.657,413.9,40,24,37,31,11,58
956,BC,2020,872.946,762.899,355.667,3707.962,3056.896,1037.141,44,38,18,48,39,13
957,BC,2020,82.588,74.25,0,374.837,228.166,0,53,47,0,62,38,0
958,BC,2020,14.679,4.321,0,14.821,7.178,0,77,23,0,67,33,0
959,BC,2020,4193.079,23491.912,577.215,2797.645,16397.514,379.021,15,83,2,14,84,2
960,BC,2020,18,0,0,31,0,0,100,0,0,100,0,0
962,BC,2020,0,7,0,0,72,0,0,100,0,0,100,0
969,BC,2020,0,52.49,0,0,213,0,0,100,0,0,100,0
971,BC,2020,55.1,2.9,0,430.35,30.649,0,95,5,0,93,7,0
972,BC,2020,2250.168,1096.477,1755.168,19038.953,9782.73,17679.314,44,21,34,41,21,38
974,BC,2020,117.44,21.4,84.16,1917.75,588.25,810,53,10,38,58,18,24
976,BC,2020,210.901,311.662,0,3453.759,6375.244,0,40,60,0,35,65,0
977,BC,2020,271.633,562.807,0,4886.014,5649.985,0,33,67,0,46,54,0
978,BC,2020,452.742,702.569,0,4181.527,10332.474,0,39,61,0,29,71,0
979,BC,2020,1761.049,4277.948,0,15217.256,40811.743,0,29,71,0,27,73,0
980,BC,2020,15,4,1,182.25,48.6,12.15,75,20,5,75,20,5
981,BC,2020,3,27,42,8,478,116,4,38,58,1,79,19
982,BC,2020,1049.949,1212.427,1575.826,16045.206,15778.269,22030.536,27,32,41,30,29,41
987,BC,2020,4,1,0,83,100,0,80,20,0,45,55,0
988,BC,2020,293.595,184.405,0,986.295,544.705,0,61,39,0,64,36,0
990,BC,2020,106.434,18.558,0,631.586,80.414,0,85,15,0,89,11,0
991,BC,2020,79.388,3069.122,309.44,272.502,5609.582,1411.916,2,89,9,4,77,19
992,BC,2020,3.733,10.267,0,24,66,0,27,73,0,27,73,0
995,BC,2020,13.761,65.237,0,126.865,532.137,0,17,83,0,19,81,0
1001,BC,2020,867.142,647.889,0,2626.144,1984.857,0,57,43,0,57,43,0
1002,BC,2020,264.6,21.4,0,658.3,101.7,0,93,7,0,87,13,0
1003,BC,2020,22,0,0,15,0,0,100,0,0,100,0,0
1004,BC,2020,587.797,1143.977,436.95,2507.165,5225.535,2328.3,27,53,20,25,52,23
1005,BC,2020,2453.772,3829.961,0,8709.154,14550.842,0,39,61,0,37,63,0
1006,BC,2020,4199.402,3269.817,0,13793.064,21918.934,0,56,44,0,39,61,0
1007,BC,2020,2805.418,2664.044,2481.668,3379.709,3134.292,4366,35,34,31,31,29,40
1008,BC,2020,1450.003,571.163,323.841,3760.738,1881.698,1316.566,62,24,14,54,27,19
1009,BC,2020,1672.802,413.332,0,1871.331,404.665,0,80,20,0,82,18,0
1010,BC,2020,2366.119,1178.91,0,374.035,245.965,0,67,33,0,60,40,0
1011,BC,2020,527.085,128.895,0,2849.117,564.882,0,80,20,0,83,17,0
1012,BC,2020,72.979,35.019,0,1056.883,159.116,0,68,32,0,87,13,0
1013,BC,2020,125.386,69.999,66.612,2175.055,1271.111,1216.834,48,27,25,47,27,26
1015,BC,2020,859.473,660.526,0,3243.376,2914.622,0,57,43,0,53,47,0
1016,AB,2020,670.5,815.5,0,2675.5,3479.5,0,45,55,0,43,57,0
1017,BC,2020,147.438,98.56,0,453.24,357.76,0,60,40,0,56,44,0
1018,AB,2020,124.5,5800.1,96,540.3,25524.85,356.05,2,96,2,2,97,1
9593,AB,2020,0,12920,51680,0,3915.8,15663.2,0,20,80,0,20,80
9607,AB,2020,0,0,3776,0,0,933,0,0,100,0,0,100
9609,AB,2020,611.133,6397.897,3686.95,1322.6,5907.6,2943.8,6,60,34,13,58,29
9687,AB,2020,7418.594,138800.931,0,4817.222,83100.478,0,5,95,0,5,95,0
9787,AB,2020,0,74554.48,0,0,21503.93,0,0,100,0,0,100,0
244,AB,2021,0,0,1479,0,0,1005,0,0,100,0,0,100
244,BC,2021,0,29,7,0,296.001,88,0,81,19,0,77,23
252,BC,2021,0,14,0,0,180,0,0,100,0,0,100,0
371,MB,2021,0,0,119,0,0,70,0,0,100,0,0,100
374,ON,2021,13,0,0,187,0,0,100,0,0,100,0,0
375,MB,2021,2611.486,20558.622,49436.962,1369.866,5077.255,9300.879,4,28,68,9,32,59
376,MB,2021,0,43,0,0,10,0,0,100,0,0,100,0
378,ON,2021,36,448,0,394,6302,0,7,93,0,6,94,0
379,MB,2021,1761.27,1193.132,0,1155.325,932.677,0,60,40,0,55,45,0
380,MB,2021,2215.427,310.723,2301.15,3554.302,1427.792,2260.906,46,6,48,49,20,31
381,ON,2021,0,3759,0,0,38217,0,0,100,0,0,100,0
383,ON,2021,477.428,3946.57,0,1294.429,9272.571,0,11,89,0,12,88,0
386,ON,2021,27,0,0,538,0,0,100,0,0,100,0,0
391,ON,2021,8,0,0,149,0,0,100,0,0,100,0,0
400,ON,2021,0,0,653,0,0,2414,0,0,100,0,0,100
401,ON,2021,299.922,670.009,4597.068,826.111,3333.473,12075.417,5,12,83,5,21,74
401,QC,2021,1121,48,13501.229,6105.001,231,70699.13,8,0,92,8,0,92
402,ON,2021,0,159,0,0,599,0,0,100,0,0,100,0
407,ON,2021,650.652,0,450.347,1282.097,0,458.903,59,0,41,74,0,26
408,ON,2021,0,30323,0,0,26454,0,0,100,0,0,100,0
408,QC,2021,2968.367,766.672,18251.301,2479.911,2590,15734.389,14,3,83,12,12,76
409,ON,2021,366,474.999,0,357,5265.001,0,44,56,0,6,94,0
410,ON,2021,38.8,124.2,0,226.3,704.7,0,24,76,0,24,76,0
411,ON,2021,5903.432,3171.565,0,25603.557,7104.445,0,65,35,0,78,22,0
412,ON,2021,0,311.6,1246.4,0,1665,6660,0,20,80,0,20,80
413,ON,2021,6371.068,1933.334,537.126,50532.739,7165.154,1400,72,22,6,86,12,2
415,QC,2021,909.22,0,0,1383,0,0,100,0,0,100,0,0
418,QC,2021,11490.08,787.7,774.001,14159.999,1861,1799.001,88,6,6,79,10,10
419,QC,2021,254,0,0,465,0,0,100,0,0,100,0,0
421,QC,2021,1465.66,0,0,2941,0,0,100,0,0,100,0,0
422,QC,2021,21,0,0,301,0,0,100,0,0,100,0,0
423,QC,2021,985.66,707,0,4939,3578,0,58,42,0,58,42,0
424,QC,2021,3073.001,1429.999,1775,2533,3415.099,295.9,49,23,28,41,55,5
425,QC,2021,8975.581,2462.83,12477.749,32871,22161.8,17541,38,10,52,45,31,24
426,QC,2021,3024,577,0,5300,375,0,84,16,0,93,7,0
431,QC,2021,1,0,0,40,0,0,100,0,0,100,0,0
438,QC,2021,337.42,0,0,313,0,0,100,0,0,100,0,0
439,QC,2021,425,0,0,251,0,0,100,0,0,100,0,0
440,QC,2021,731,0,0,496,0,0,100,0,0,100,0,0
441,QC,2021,32709.95,39545.891,5276.62,22505.319,32300.564,3786.438,42,51,7,38,55,6
455,NF,2021,1,0,0,203,0,0,100,0,0,100,0,0
458,NF,2021,61,86.37,0,92,878,0,41,59,0,9,91,0
460,NF,2021,0,1,0,0,54,0,0,100,0,0,100,0
461,NF,2021,0,25.002,0,0,1009.001,0,0,100,0,0,100,0
462,NF,2021,0,1,0,0,84,0,0,100,0,0,100,0
463,NF,2021,0,20.999,0,0,868,0,0,100,0,0,100,0
466,NF,2021,10,308.55,0,8,835.001,0,3,97,0,1,99,0
468,NF,2021,0,53.8,0,0,234,0,0,100,0,0,100,0
471,NF,2021,46,96.04,0,105,260,0,32,68,0,29,71,0
475,NF,2021,0,318.68,0,0,1486.001,0,0,100,0,0,100,0
477,NF,2021,0,0,0,7,0,0,,,,100,0,0
478,QC,2021,290,1045.598,0,3012,3718.299,0,22,78,0,45,55,0
479,QC,2021,6219.632,29559.805,5071.12,10897.44,71896.459,9178.1,15,72,12,12,78,10
481,QC,2021,0,5177,0,0,10168,0,0,100,0,0,100,0
482,QC,2021,18667.46,17854.239,0,67822,59203.001,0,51,49,0,53,47,0
483,QC,2021,13862.897,27091.497,933.599,38315.298,64539.099,1116.599,33,65,2,37,62,1
484,NB,2021,0,82,0,0,282,0,0,100,0,0,100,0
484,QC,2021,400,3385.97,0,1488,6979,0,11,89,0,18,82,0
485,NB,2021,171.8,230.2,0,1032,1037.999,0,43,57,0,50,50,0
486,NB,2021,738.4,5713.6,0,468.6,3540.4,0,11,89,0,12,88,0
487,NB,2021,86.546,239.453,0,1155.366,2505.636,0,27,73,0,32,68,0
487,QC,2021,5.965,1294.035,0,98.592,3785.408,0,0,100,0,3,97,0
488,NB,2021,45.333,122.667,0,75.333,957.667,0,27,73,0,7,93,0
489,NB,2021,344,1230,0,187,1036,0,22,78,0,15,85,0
490,NB,2021,401.323,954.677,0,661.656,524.343,0,30,70,0,56,44,0
493,NB,2021,1604.009,16721.896,951.097,1407.529,12426.245,620.226,8,87,5,10,86,4
494,NB,2021,0,17523.999,0,0,10032,0,0,100,0,0,100,0
495,NB,2021,195.5,356.5,0,878.49,2222.511,0,35,65,0,28,72,0
496,NB,2021,2135.803,429.428,211.772,14717.191,2712.667,1253.143,77,15,8,79,15,7
497,NB,2021,169.5,631.5,0,832.75,2156.25,0,21,79,0,28,72,0
498,NB,2021,296,0,0,1458,0,0,100,0,0,100,0,0
499,NB,2021,650.719,220.88,10.4,915.001,2365.9,61.1,74,25,1,27,71,2
500,NB,2021,5462.085,100.714,114.2,6853.889,221.31,752.8,96,2,2,88,3,10
501,NB,2021,1907.191,2752.809,0,871.789,2203.211,0,41,59,0,28,72,0
502,NB,2021,475.049,1121.952,0,1046.895,2340.106,0,30,70,0,31,69,0
503,NB,2021,2031.169,2386.829,51,6527.139,10508.86,83,45,53,1,38,61,0
504,NB,2021,1514,147,0,5736.999,270,0,91,9,0,96,4,0
504,NS,2021,5014.481,1746.014,0,15421.829,5727.177,0,74,26,0,73,27,0
505,NB,2021,259,708,0,715,3573.999,0,27,73,0,17,83,0
506,NB,2021,43,225,0,483.96,1456.04,0,16,84,0,25,75,0
507,NB,2021,53,1427.001,0,1235.999,5696.999,0,4,96,0,18,82,0
507,NS,2021,4002.117,1922.931,0,5480.312,3193.312,0,68,32,0,63,37,0
508,NB,2021,367.001,0,0,512,0,0,100,0,0,100,0,0
509,NS,2021,412.999,2015.001,0,369,2955.999,0,17,83,0,11,89,0
510,NS,2021,26.167,56.834,0,213.833,152.166,0,32,68,0,58,42,0
511,NS,2021,0,159,0,0,51.998,0,0,100,0,0,100,0
512,NS,2021,0,3294.516,0,0,3465.997,0,0,100,0,0,100,0
513,NS,2021,51.505,190.074,0,335.349,953.652,0,21,79,0,26,74,0
514,NS,2021,12.69,0,0,17,0,0,100,0,0,100,0,0
516,NS,2021,202.824,689.088,0,1319.442,1607.554,0,23,77,0,45,55,0
517,NS,2021,734.246,5023.593,0,2427.212,17230.785,0,13,87,0,12,88,0
518,NS,2021,9145.17,5165.529,0,10750.375,8222.627,0,64,36,0,57,43,0
519,NS,2021,0,250,0,0,702,0,0,100,0,0,100,0
520,NS,2021,17.166,562.834,0,60.5,1671.499,0,3,97,0,3,97,0
521,NS,2021,0,31,0,0,721,0,0,100,0,0,100,0
522,NS,2021,36.392,297.53,0,662.678,2673.323,0,11,89,0,20,80,0
523,NS,2021,114.456,671.076,0,572.978,2741.021,0,15,85,0,17,83,0
524,NS,2021,31,21,0,168,84,0,60,40,0,67,33,0
525,NS,2021,341.794,1256.871,0,1260.466,4936.538,0,21,79,0,20,80,0
527,NS,2021,61.096,671.906,0,163.366,1554.632,0,8,92,0,10,90,0
528,NS,2021,1616.495,1318.282,0,1128.711,1123.29,0,55,45,0,50,50,0
529,NS,2021,0,770.997,0,0,362,0,0,100,0,0,100,0
530,NS,2021,35.333,1146.662,0,62.667,1405.335,0,3,97,0,4,96,0
531,NS,2021,486.293,1052.986,0,538.408,3005.59,0,32,68,0,15,85,0
534,PE,2021,15926.878,4769.117,0,12168.625,3302.376,0,77,23,0,79,21,0
535,PE,2021,17307,0,0,11542,0,0,100,0,0,100,0,0
536,PE,2021,40760.461,2441.542,0,31749.541,1726.458,0,94,6,0,95,5,0
537,PE,2021,20774.778,445.222,0,20381.445,565.556,0,98,2,0,97,3,0
538,PE,2021,5809,0,0,3488,0,0,100,0,0,100,0,0
539,QC,2021,7,25.21,4.98,145,795,255,19,68,13,12,67,21
540,QC,2021,229545.128,113177.547,87867.745,141232.137,51532.831,48762.644,53,26,20,58,21,20
541,ON,2021,0,14960.001,2739,1636.917,2948.133,818.95,0,85,15,30,55,15
541,QC,2021,144202.907,43589.607,275858.911,44264.453,10370.619,64991.931,31,9,59,37,9,54
542,ON,2021,0,1137.875,22210.445,2927.56,1769.901,29303.539,0,5,95,9,5,86
543,ON,2021,7717,42916.709,19939.614,6414.761,14873.875,6365.836,11,61,28,23,54,23
543,QC,2021,0,515,1390,0,487,2388.4,0,27,73,0,17,83
544,ON,2021,4231.755,64574.31,15967.133,3814.937,20659.275,5193.788,5,76,19,13,70,18
545,ON,2021,6884.297,14491.783,13271.221,3717.075,6904.625,9141.299,20,42,38,19,35,46
546,ON,2021,0,46705.058,10262.903,0,23192.341,5448.661,0,82,18,0,81,19
546,QC,2021,0,383,0,0,210,0,0,100,0,0,100,0
547,ON,2021,8461.003,26233.8,20949.781,13574.475,23481.763,28399.053,15,47,38,21,36,43
548,QC,2021,2,0,0,598,0,0,100,0,0,100,0,0
549,ON,2021,0,776.972,9157.147,0,1030.043,11371.957,0,8,92,0,8,92
550,ON,2021,1291.543,6232.917,2778.622,5441.557,28181.341,8433.697,13,60,27,13,67,20
551,ON,2021,35406.164,72108.843,59642.39,31428.931,38372.888,49729.18,21,43,36,26,32,42
552,ON,2021,41503.993,6444.06,0,55560.235,21993.552,0,87,13,0,72,28,0
553,ON,2021,66962.272,104688.955,19836.994,46128.469,57652.5,13791.103,35,55,10,39,49,12
554,ON,2021,20807.238,4497.943,0,33274.949,4077.051,0,82,18,0,89,11,0
555,ON,2021,12449.248,9283.285,23234.699,12412.011,18717.636,22053.968,28,21,52,23,35,41
556,ON,2021,28558.297,120684.57,2543.614,30379.032,69525.593,1362.375,19,80,2,30,69,1
557,ON,2021,10693.718,282162.125,0,3229.547,73388.452,0,4,96,0,4,96,0
558,ON,2021,19235.757,220973.446,1143,11458.67,77438.71,37.62,8,92,0,13,87,0
559,ON,2021,0,310.4,0,0,0,0,0,100,0,,,
560,ON,2021,24004.552,52521.506,0,10294.719,26766.281,0,31,69,0,28,72,0
561,ON,2021,526.213,18976.516,2253.667,146.875,6655.486,798.889,2,87,10,2,88,11
562,ON,2021,0,21926.891,10979.111,0,7618.557,4294.445,0,67,33,0,64,36
563,ON,2021,0,113,0,0,62,0,0,100,0,0,100,0
564,ON,2021,11306.139,64471.23,25262.145,9034.061,17010.785,7580.158,11,64,25,27,51,23
565,ON,2021,91477.712,210846.87,86227.418,12181.333,33566.807,10964.858,24,54,22,21,59,19
566,ON,2021,165.25,10502.102,7870.25,45.5,2954.701,2052,1,57,42,1,58,41
567,ON,2021,6853.056,158059.329,19422.613,1618.333,35947.223,4632.444,4,86,11,4,85,11
568,ON,2021,73113.622,8618.776,277.6,13864.887,1512.613,49.5,89,11,0,90,10,0
569,ON,2021,3544.434,26030.081,91748.485,636.789,6627.879,26375.333,3,21,76,2,20,78
570,ON,2021,10718.179,216540.11,53614.112,1040.327,23971.279,5307.394,4,77,19,3,79,18
571,ON,2021,9316.668,1915.001,2553.334,1544.112,280.667,374.223,68,14,19,70,13,17
572,ON,2021,3429.136,15306.951,3370.776,339.832,1443.367,538.8,16,69,15,15,62,23
581,BC,2021,67.6,2515.08,0,182.4,5390,0,3,97,0,3,97,0
583,AB,2021,0,84.106,138.895,0,77.21,68.789,0,38,62,0,53,47
583,BC,2021,0,2756.768,707.573,0,7102.333,1822.667,0,80,20,0,80,20
584,AB,2021,0,0,573,0,0,1976,0,0,100,0,0,100
585,BC,2021,623.944,19528.136,0.5,1912.5,56607.06,1.438,3,97,0,3,97,0
586,AB,2021,9977.483,81634.555,39732.862,2455.353,21400.804,12715.843,8,62,30,7,59,35
587,AB,2021,23734.879,1462.8,0,6355.75,405.6,0,94,6,0,94,6,0
588,AB,2021,4631.403,12430.961,98217.427,2769.977,4277.974,34535.747,4,11,85,7,10,83
589,AB,2021,903.299,2935.721,0,280,910,0,24,76,0,24,76,0
590,AB,2021,0,22830.242,51521.137,0,10542.607,29928.392,0,31,69,0,26,74
591,AB,2021,234,2292.835,125316.338,231.7,1426,72521.001,0,2,98,0,2,98
591,BC,2021,13206.363,59849.072,16000.254,29064.276,127729.803,21987.618,15,67,18,16,71,12
592,AB,2021,941.947,20231.511,121299.002,1122.706,20495.329,51836.966,1,14,85,2,28,71
593,AB,2021,0,8175.382,93413.617,0,1617.971,29396.029,0,8,92,0,5,95
594,AB,2021,0,0,56629.001,0,0,34918,0,0,100,0,0,100
595,AB,2021,0,4192.471,92255.529,0,554.588,12629.411,0,4,96,0,4,96
596,AB,2021,10061.17,51546.144,59713.675,2034.748,10010.339,12239.416,8,42,49,8,41,50
597,AB,2021,1491.3,15110.4,27797,1347.1,18635.2,22550,3,34,63,3,44,53
598,AB,2021,0,1204,79206.998,0,1061.2,52220.798,0,1,99,0,2,98
599,AB,2021,0,4361,54455.001,0,4314,35313.999,0,7,93,0,11,89
600,AB,2021,1622.671,238.588,1972,2561.269,416.764,2470.667,42,6,51,47,8,45
609,AB,2021,0,0,418,0,0,368,0,0,100,0,0,100
610,AB,2021,781.46,11234.857,31940.31,759.17,13939.395,37829.434,2,26,73,1,27,72
610,BC,2021,0,0,0,0,0.999,0,,,,0,100,0
611,AB,2021,165.75,935.25,3139,163.25,1039.95,3898.8,4,22,74,3,20,76
612,AB,2021,0,5422.172,1092.488,0,10327.817,3052.183,0,83,17,0,77,23
615,AB,2021,4195.198,14639.305,0,4992.564,16325.736,0,22,78,0,23,77,0
616,AB,2021,12337.724,4036.036,0,9492.465,4050.536,0,75,25,0,70,30,0
617,AB,2021,1810.858,4573.643,1408.5,1926.286,5744.714,1632,23,59,18,21,62,18
618,AB,2021,1147.059,7344.339,627.81,1039.494,7359.484,1111.25,13,81,7,11,77,12
618,BC,2021,380.343,5608.043,1190.874,1121.376,13477.351,3995.274,5,78,17,6,72,21
619,AB,2021,0,403,0,0,979,0,0,100,0,0,100,0
622,AB,2021,2784.766,9956.194,0,5093.713,17166.288,0,22,78,0,23,77,0
623,AB,2021,4297.455,19168.041,3224.245,7849.324,40066.108,11456.566,16,72,12,13,67,19
625,AB,2021,56.333,112.667,0,117,234,0,33,67,0,33,67,0
626,AB,2021,0,1315,0,0,3857.001,0,0,100,0,0,100,0
629,AB,2021,295.1,3170.081,726.91,556.3,7650.01,1731.889,7,76,17,6,77,17
630,AB,2021,81.625,5092.048,40.667,267.375,19275.18,194.444,2,98,1,1,98,1
631,AB,2021,0,895.5,92.5,0,4397.6,448.4,0,91,9,0,91,9
647,SK,2021,997.076,235.924,0,1141.037,198.963,0,81,19,0,85,15,0
650,AB,2021,170.607,2317.174,346.971,836.833,9307.903,1057.263,6,82,12,7,83,9
652,SK,2021,12.678,100.323,0,54.453,422.547,0,11,89,0,11,89,0
657,SK,2021,248.588,2469.911,0,535.688,5297.31,0,9,91,0,9,91,0
658,SK,2021,961.054,495.896,0,760.11,383.89,0,66,34,0,66,34,0
660,SK,2021,596.351,11394.4,0,961.721,10655.278,0,5,95,0,8,92,0
661,SK,2021,84.006,6042.994,0,30.392,3211.608,0,1,99,0,1,99,0
662,SK,2021,73.6,294.4,0,17.6,70.4,0,20,80,0,20,80,0
667,MB,2021,0,242,0,0,269,0,0,100,0,0,100,0
669,MB,2021,0,21140.851,0,0,7266,0,0,100,0,0,100,0
669,SK,2021,0,0,300,0,0,556,0,0,100,0,0,100
672,SK,2021,8120.22,6091.768,463.563,2429.788,1673.218,108.992,55,42,3,58,40,3
677,MB,2021,0,0,5516,0,0,2620,0,0,100,0,0,100
678,AB,2021,5368.659,132865.314,6635.862,6375.946,109822.37,4611.176,4,92,5,5,91,4
679,AB,2021,0,13818.77,0,0,28486,0,0,100,0,0,100,0
680,AB,2021,3937.251,71306.661,0,6588.72,89529,0,5,95,0,7,93,0
680,SK,2021,354.685,9553.263,0,2419.962,28411.038,0,4,96,0,8,92,0
681,AB,2021,3504.435,84830.104,22445.41,1660,41984,9690.79,3,77,20,3,79,18
682,SK,2021,2699.053,3808.631,3066.166,5558.788,8614.858,2271.354,28,40,32,34,52,14
683,AB,2021,49788.77,19529,0,26162,6981,0,72,28,0,79,21,0
684,AB,2021,495.184,90409.175,37784.359,1405.576,129099.735,43281.589,0,70,29,1,74,25
685,SK,2021,536.225,15880.325,11329.999,871.215,24529.784,11491.001,2,57,41,2,66,31
686,AB,2021,0,8262.39,0,0,22039.002,0,0,100,0,0,100,0
686,SK,2021,17.89,375.109,0,129.422,4806.578,0,5,95,0,3,97,0
687,AB,2021,2411.111,8346.388,0,4194.222,14220.978,0,22,78,0,23,77,0
687,SK,2021,6463.518,82820.481,0,7487.848,52647.15,0,7,93,0,12,88,0
688,AB,2021,0,70110.9,0,0,41198.601,0,0,100,0,0,100,0
689,SK,2021,2980.438,42308.064,0,3657.805,20015.196,0,7,93,0,15,85,0
690,SK,2021,2987.548,35528.853,0,2505.399,26482.6,0,8,92,0,9,91,0
691,SK,2021,17304.712,1619.586,0,4162.747,145.252,0,91,9,0,97,3,0
692,AB,2021,44.138,39733.66,10941.79,129.228,64020.401,34203.347,0,78,22,0,65,35
693,SK,2021,12468.109,116453.891,0,6190.703,16229.295,0,10,90,0,28,72,0
694,SK,2021,41812.249,43478.598,21965.151,6103.29,5290.941,1816.769,39,41,20,46,40,14
695,SK,2021,15288.683,11963.318,0,21893.699,6614.3,0,56,44,0,77,23,0
696,SK,2021,61090.439,92746.513,0,26464.943,25632.058,0,40,60,0,51,49,0
697,SK,2021,0,8788.554,47369.447,0,1280.628,6873.371,0,16,84,0,16,84
698,SK,2021,33214.31,23426.19,0,4815.115,4410.887,0,59,41,0,52,48,0
699,SK,2021,0,25702.999,0,0,18333,0,0,100,0,0,100,0
700,SK,2021,0,12887.505,35091.546,0,3269.115,5257.887,0,27,73,0,38,62
701,SK,2021,50536.673,14320.726,0,32448.225,3362.776,0,78,22,0,91,9,0
702,SK,2021,7606.526,190948.636,18055.839,3662.561,18233.876,803.557,4,88,8,16,80,4
703,AB,2021,0,85484.571,1273.459,0,81224.05,1381.2,0,99,1,0,98,2
704,SK,2021,1204.474,69264.342,24746.483,554.828,14194.756,4347.419,1,73,26,3,74,23
705,SK,2021,0,63518.206,223343.793,0,11628.129,8645.87,0,22,78,0,57,43
706,SK,2021,3794.427,109577.574,0,314.301,15243.694,0,3,97,0,2,98,0
707,SK,2021,18141.989,173288.451,2001.654,9833.914,32751.211,357.876,9,90,1,23,76,1
708,AB,2021,2975.4,81650.942,0,2142.9,82995.099,0,4,96,0,3,97,0
709,MB,2021,4576.229,153649.489,14315.131,2064.58,55541.307,3013.113,3,89,8,3,92,5
709,SK,2021,26303.335,177501.024,13239.632,9324.463,41267.413,1583.125,12,82,6,18,79,3
710,SK,2021,1004.457,9654.843,0,1170.261,17208.738,0,9,91,0,6,94,0
711,SK,2021,210.654,12291.297,0,121.785,19183.215,0,2,98,0,1,99,0
714,MB,2021,0,2687,0,0,516,0,0,100,0,0,100,0
714,SK,2021,0,61201.938,6713.514,0,27281.898,1310.101,0,90,10,0,95,5
715,MB,2021,901.035,17944.859,12715.204,982.08,8161.871,6924.049,3,57,40,6,51,43
715,SK,2021,0,9358.067,2798.936,0,3523.007,739.993,0,77,23,0,83,17
716,MB,2021,4781.65,42730.05,21616.05,2930.999,18387,10633,7,62,31,9,58,33
717,MB,2021,46959.117,48146.024,13769.359,19105.527,16925.84,2963.634,43,44,13,49,43,8
718,MB,2021,0,2063.7,0,0,8022,0,0,100,0,0,100,0
720,MB,2021,0,0,2043.6,0,0,3694,0,0,100,0,0,100
723,MB,2021,40,26916.249,3063.7,317,82845.002,2974,0,90,10,0,96,3
724,MB,2021,4119.476,30181.436,145229.736,4523.979,13957.914,44133.103,2,17,81,7,22,70
726,MB,2021,45614.545,0,1623.404,54636.248,0,677.755,97,0,3,99,0,1
727,AB,2021,25379.287,184621.45,129793.654,16669.235,81746.589,47999.117,7,54,38,11,56,33
728,AB,2021,4203.333,193538.026,3403.941,1567.778,45146.564,850.509,2,96,2,3,95,2
729,AB,2021,34966.887,100709.804,0,18658.91,44143,0,26,74,0,30,70,0
729,SK,2021,17266.159,340222.84,0,11067.433,118235.571,0,5,95,0,9,91,0
730,AB,2021,46680.98,410710.494,10883.889,20674.746,157748.731,5736.944,10,88,2,11,86,3
731,AB,2021,21077.782,444750.176,0,12083.318,136829.533,0,5,95,0,8,92,0
732,AB,2021,0,15177.6,0,0,14157,0,0,100,0,0,100,0
733,SK,2021,24756.491,136296.281,8502.229,9600.695,48558.523,1782.788,15,80,5,16,81,3
734,SK,2021,18783.488,10739.513,0,17127.945,2553.057,0,64,36,0,87,13,0
735,SK,2021,3629.908,157673.093,0,3187.791,28786.212,0,2,98,0,10,90,0
736,SK,2021,32910.334,210614.503,7860.165,10557.74,36644.105,651.155,13,84,3,22,77,1
737,AB,2021,20074.8,112926.8,15200.5,10836.6,59851.449,7237.5,14,76,10,14,77,9
738,AB,2021,7812.01,128543.64,0,5062.6,23203.33,0,6,94,0,18,82,0
739,AB,2021,66480.79,10299.6,0,99987.57,6426,0,87,13,0,94,6,0
739,SK,2021,16153.216,2929.785,0,23591.439,1078.561,0,85,15,0,96,4,0
740,AB,2021,16660.8,148501.599,0,8784.6,66240.3,0,10,90,0,12,88,0
741,SK,2021,4207.441,149963.693,1315.867,295.107,14282.4,133.49,3,96,1,2,97,1
742,SK,2021,23411.102,11654.896,0,10358.731,324.269,0,67,33,0,97,3,0
743,AB,2021,1602,74398.724,0,812.7,35723.193,0,2,98,0,2,98,0
743,SK,2021,2014.978,5070.204,1934.815,1800.21,3056.01,1129.778,22,56,21,30,51,19
744,AB,2021,0,182228.03,14199.52,0,66727.69,2432.16,0,93,7,0,96,4
745,SK,2021,25352.283,720898.556,3334.168,7265.094,87231.443,460.464,3,96,0,8,92,0
746,AB,2021,0,144322.1,0,0,69451.65,0,0,100,0,0,100,0
747,SK,2021,21429.487,39501.511,0,17700.799,9322.2,0,35,65,0,66,34,0
748,SK,2021,6261.334,602970.095,753.572,1486.376,145889.143,140.482,1,99,0,1,99,0
749,SK,2021,12264.268,351584.735,0,7596.93,70860.073,0,3,97,0,10,90,0
750,AB,2021,0,53643.3,14778.7,0,81331.4,18545,0,78,22,0,81,19
751,MB,2021,6955.324,32884.027,0,10676.02,17725.98,0,17,83,0,38,62,0
751,SK,2021,9298.083,12881.767,0,7892.678,5435.325,0,42,58,0,59,41,0
752,MB,2021,0,100795.99,1376.011,0,44754.653,594.347,0,99,1,0,99,1
752,SK,2021,11145.11,383341.883,0,6086.027,123890.97,0,3,97,0,5,95,0
753,MB,2021,3089.843,446545.823,6908.331,1555.988,120347.349,2361.666,1,98,2,1,97,2
754,SK,2021,2798.992,153082.112,55865.897,1674.683,28864.52,8460.796,1,72,26,4,74,22
755,SK,2021,2195.872,171347.126,0,569.199,38456.802,0,1,99,0,1,99,0
756,SK,2021,5111.864,313695.134,0,1702.629,93747.376,0,2,98,0,2,98,0
757,MB,2021,59365.738,25857.262,1572.65,32340.248,5948.754,0,68,30,2,84,16,0
758,MB,2021,43394.722,126538.26,9752.416,17983.83,25762.992,6692.057,24,70,5,36,51,13
759,MB,2021,5195.338,36839.663,0,1576.461,11178.54,0,12,88,0,12,88,0
760,MB,2021,0,84525,0,1196.998,20481.001,0,0,100,0,6,94,0
760,SK,2021,4618.245,328480.758,0,2195.851,106391.146,0,1,99,0,2,98,0
761,SK,2021,0,9573.997,1477,0,10153.004,1093,0,87,13,0,90,10
762,SK,2021,12477.114,66435.885,0,18608.361,26183.638,0,16,84,0,42,58,0
763,MB,2021,86579.448,56404.318,6685.236,51268.526,22460.988,4262.489,58,38,4,66,29,5
763,SK,2021,24871.435,15418.565,0,23113.747,914.255,0,62,38,0,96,4,0
764,MB,2021,0,77896.996,0,1154.929,17701.074,0,0,100,0,6,94,0
765,MB,2021,3507.586,341021.413,0,4481.701,66991.303,0,1,99,0,6,94,0
766,MB,2021,957.787,191339.216,0,637.608,33292.393,0,0,100,0,2,98,0
767,SK,2021,3800.222,439930.126,47012.65,623.282,41325.414,4176.302,1,90,10,1,90,9
768,SK,2021,0,42771,0,0,7598.001,0,0,100,0,0,100,0
769,AB,2021,0,97766.25,0,0,66677,0,0,100,0,0,100,0
770,SK,2021,56545.111,230852.254,8792.641,33331.757,34340.832,1311.411,19,78,3,48,50,2
771,AB,2021,11457.055,75012.615,225,10924.989,49999.386,107.2,13,87,0,18,82,0
771,SK,2021,0,43101.19,1319.81,291.032,15453.157,680.81,0,97,3,2,94,4
772,SK,2021,13955.164,27667.832,0,9199.616,3783.383,0,34,66,0,71,29,0
773,SK,2021,11261.966,255292.095,29167.933,3136.365,41015.913,6000.722,4,86,10,6,82,12
774,SK,2021,0,65584,0,0,7495.001,0,0,100,0,0,100,0
775,SK,2021,3181.7,70694.302,0,399.808,11150.193,0,4,96,0,3,97,0
776,SK,2021,29290.268,9226.732,0,31366.501,2415.497,0,76,24,0,93,7,0
777,AB,2021,8674.35,1826.55,0,14463.15,3455.1,0,83,17,0,81,19,0
778,SK,2021,18149.758,7646.24,0,6308.373,2657.629,0,70,30,0,70,30,0
779,AB,2021,0,29904.3,0,0,17284.5,0,0,100,0,0,100,0
780,SK,2021,7737.903,52365.009,262259.087,1829.439,3961.873,21232.69,2,16,81,7,15,79
781,AB,2021,13806.24,56815.298,147871.781,3503.36,12532.093,18871.426,6,26,68,10,36,54
782,SK,2021,13881.617,536493.383,0,8948.807,81589.194,0,3,97,0,10,90,0
783,SK,2021,0,272958.001,0,0,41396.002,0,0,100,0,0,100,0
784,SK,2021,10954.575,72896.565,2169.863,5031.904,16584.965,307.133,13,85,3,23,76,1
785,SK,2021,0,77311.079,6145.919,0,14673.569,581.432,0,93,7,0,96,4
786,AB,2021,0,102449.95,9.8,0,28241.95,25.6,0,100,0,0,100,0
787,AB,2021,0,47418.9,0,0,11130.7,0,0,100,0,0,100,0
788,AB,2021,0,52451.6,15794.4,0,10278.4,2742.6,0,77,23,0,79,21
789,SK,2021,11561.659,124251.484,2562.864,12437.819,23506.473,223.708,8,90,2,34,65,1
790,AB,2021,14140.7,41938.9,0,4303.6,8950.4,0,25,75,0,32,68,0
791,AB,2021,0,195160,0,0,27497,0,0,100,0,0,100,0
792,SK,2021,22498.443,57799.537,595706.021,24878.796,7094.953,62695.252,3,9,88,26,7,66
793,AB,2021,45499.168,359433.509,22555.424,18106.395,103990.606,5962.6,11,84,5,14,81,5
794,SK,2021,0,446451.998,0,0,81408.999,0,0,100,0,0,100,0
795,SK,2021,0,239271,0,416.28,51445.72,0,0,100,0,1,99,0
796,SK,2021,12288.326,39011.673,0,8495.919,26106.083,0,24,76,0,25,75,0
797,AB,2021,1265.6,16098.5,20.5,1521.1,8094.259,83,7,93,0,16,83,1
798,AB,2021,30348.1,292241.45,27242.85,13588,111160.24,10778.16,9,84,8,10,82,8
799,AB,2021,0,27466,0,0,80127,0,0,100,0,0,100,0
800,AB,2021,0,77739.85,82866.5,0,40886.72,27920.29,0,48,52,0,59,41
801,AB,2021,0,36564.85,2820.15,0,34424.35,3070.65,0,93,7,0,92,8
802,AB,2021,0,58369.8,0,481.59,41913.3,0,0,100,0,1,99,0
803,SK,2021,4994.719,106289.869,55343.411,3323.533,9388.962,3912.502,3,64,33,20,56,24
804,AB,2021,9515.56,39473.84,0,13944.25,17004.7,0,19,81,0,45,55,0
805,AB,2021,4088.736,6963.399,3946.866,1843.987,1524.132,863.88,27,46,26,44,36,20
805,SK,2021,3791.68,43216.167,24783.155,1692.736,5573.705,2647.561,5,60,35,17,56,27
806,AB,2021,1204.3,55147.29,167.3,2444.1,76851.76,727.3,2,98,0,3,96,1
807,SK,2021,0,65139.051,9009.948,0,7166.071,508.93,0,88,12,0,93,7
808,SK,2021,2471.52,105794.996,428637.484,1074.424,13487.674,29674.897,0,20,80,2,30,67
809,AB,2021,3880.8,100157.95,0,3063.855,37685.845,0,4,96,0,8,92,0
809,SK,2021,3655.66,105805.984,27455.356,920.853,9961.678,797.472,3,77,20,8,85,7
810,SK,2021,0,94034.002,0,0,16230.999,0,0,100,0,0,100,0
811,AB,2021,4389.6,4516.935,31868.865,879,919.709,5950.791,11,11,78,11,12,77
811,SK,2021,0,335.455,894.545,0,62.727,167.273,0,27,73,0,27,73
812,AB,2021,27407.75,23866.88,23334.4,27825.825,14467.375,12764,37,32,31,51,26,23
813,SK,2021,2849.911,76782.548,38534.536,1224.094,20447.245,5657.664,2,65,33,4,75,21
814,AB,2021,743.85,7444.21,0,1406.25,11400.74,0,9,91,0,11,89,0
815,AB,2021,20837.4,17443.315,0,10362.4,6773.128,0,54,46,0,60,40,0
815,SK,2021,21917.535,7456.464,0,2321.365,1940.633,0,75,25,0,54,46,0
816,SK,2021,31582.464,307395.886,24974.657,36512.11,83552.314,3993.575,9,84,7,29,67,3
817,SK,2021,0,88519.232,3529.768,0,5916.387,206.611,0,96,4,0,97,3
818,AB,2021,0,30100.9,0,0,18768.5,0,0,100,0,0,100,0
819,SK,2021,17650.412,5135.588,0,7676.633,2086.369,0,77,23,0,79,21,0
820,SK,2021,739.92,173631.91,749.169,0,27900,0,0,99,0,0,100,0
821,AB,2021,1176.958,85522.107,394.531,1426.866,22512.669,732.75,1,98,0,6,91,3
821,SK,2021,739.728,160788.271,0,881.229,34613.771,0,0,100,0,2,98,0
822,SK,2021,3781.033,119717.055,1580.91,3263.999,53608.846,539.152,3,96,1,6,93,1
823,AB,2021,25509.423,127067.078,0,5535.111,23250.39,0,17,83,0,19,81,0
824,SK,2021,16802.319,64306.374,1387.309,12263.001,20676,0,20,78,2,37,63,0
825,SK,2021,21.107,423075.892,0,1091.454,97794.549,0,0,100,0,1,99,0
826,SK,2021,10222.493,573290.247,88662.258,13105.22,137390.001,10378.227,2,85,13,8,85,6
827,SK,2021,14879.718,6671.06,939.222,31798.504,12208.947,1896.549,66,30,4,69,27,4
828,AB,2021,18892.031,576173.716,0,3046.938,75533.063,0,3,97,0,4,96,0
829,AB,2021,22613.25,10854.55,0,4606.8,2581.4,0,68,32,0,64,36,0
830,SK,2021,10082.707,235712.263,34149.028,9751.118,74352.989,7995.894,4,84,12,11,81,9
831,SK,2021,5770.194,127419.017,1345.788,1110.258,26453.74,0,4,95,1,4,96,0
832,SK,2021,9067.366,214840.976,800.655,10325.195,138139.004,730.801,4,96,0,7,93,0
833,AB,2021,25.5,17902.4,7.65,130,6028.8,39,0,100,0,2,97,1
833,SK,2021,0,27552.249,24913.749,0,25321.789,9442.212,0,53,47,0,73,27
834,SK,2021,0,59249.197,144056.805,0,8954.345,28907.655,0,29,71,0,24,76
835,SK,2021,0,5153.226,12596.774,0,2353.354,5752.644,0,29,71,0,29,71
836,AB,2021,0,8036,0,0,2711,0,0,100,0,0,100,0
837,AB,2021,0,22344,0,0,7928,0,0,100,0,0,100,0
837,SK,2021,0,9919.318,2214.684,0,12289.984,2192.015,0,82,18,0,85,15
838,AB,2021,263.6,1311.401,0,1372.2,4387.802,0,17,83,0,24,76,0
838,SK,2021,0,32648.394,839.611,0,37866.508,3042.489,0,97,3,0,93,7
839,MB,2021,8464.215,78971.746,9687.039,1869.134,18334.564,2256.303,9,81,10,8,82,10
840,MB,2021,49095.121,12918.853,15073.027,16528.277,7586.995,3732.726,64,17,20,59,27,13
841,MB,2021,19494.934,18951.567,0,1498.825,42974.175,0,51,49,0,3,97,0
843,MB,2021,15379.589,8991.411,0,11171.683,5626.318,0,63,37,0,67,33,0
844,MB,2021,10322.902,39532.605,6126.492,6202.913,21422.862,3154.224,18,71,11,20,70,10
846,MB,2021,0,10478,0,0,35350.004,0,0,100,0,0,100,0
847,MB,2021,0,31493.499,20668.2,0,7236,2888,0,60,40,0,71,29
848,MB,2021,1240.316,11727.434,0,213.684,2354.315,0,10,90,0,8,92,0
849,MB,2021,12307,40858.611,612238.39,2685.958,11745.47,66946.571,2,6,92,3,14,82
850,MB,2021,139511.14,32741.861,0,42666.271,4823.728,0,81,19,0,90,10,0
851,MB,2021,0,43210.89,34523.113,0,5609.137,4013.861,0,56,44,0,58,42
852,MB,2021,40066.286,90025.567,108219.144,6211.998,10690.905,10805.096,17,38,45,22,39,39
853,MB,2021,0,16695.607,30752.397,0,1395.875,2571.125,0,35,65,0,35,65
854,MB,2021,5572,70115.999,0,1560.875,16971.123,0,7,93,0,8,92,0
855,MB,2021,0,10885,0,0,3479,0,0,100,0,0,100,0
940,BC,2021,26,5,0,288,60,0,84,16,0,83,17,0
943,BC,2021,0,4,0,0,1,0,0,100,0,0,100,0
944,BC,2021,71.455,11.342,0.2,784.461,125.739,1.8,86,14,0,86,14,0
948,BC,2021,0,0,0,3,0,0,,,,100,0,0
950,BC,2021,33.719,289.754,0,176.643,1714.353,0,10,90,0,9,91,0
955,BC,2021,16.428,9.571,10.9,215.742,75.457,404.8,45,26,30,31,11,58
956,BC,2021,790.521,658.515,322.479,3718.274,3067.64,1047.086,45,37,18,47,39,13
957,BC,2021,72.562,69.276,0,377.216,229.784,0,51,49,0,62,38,0
958,BC,2021,13.858,4.143,0,13.821,7.178,0,77,23,0,66,34,0
959,BC,2021,4288.993,24072.822,592.747,2692.17,15780.607,365.979,15,83,2,14,84,2
960,BC,2021,21,0,0,32,0,0,100,0,0,100,0,0
962,BC,2021,0,6,0,0,73,0,0,100,0,0,100,0
969,BC,2021,0,105.49,0,0,155,0,0,100,0,0,100,0
971,BC,2021,71.25,4.75,0,400.9,28.099,0,94,6,0,93,7,0
972,BC,2021,1979.696,1034.993,1663.12,18805.002,9627.861,17536.139,42,22,36,41,21,38
974,BC,2021,126.35,16.05,100.6,1863.473,576.367,784.16,52,7,41,58,18,24
976,BC,2021,166.989,270.573,0,3383.973,6223.028,0,38,62,0,35,65,0
977,BC,2021,145.503,274.499,0,4846.598,5719.402,0,35,65,0,46,54,0
978,BC,2021,318.02,661.291,0,4181.352,10074.648,0,32,68,0,29,71,0
979,BC,2021,1655.134,3711.864,0,14843.686,40203.313,0,31,69,0,27,73,0
980,BC,2021,14.25,3.8,0.95,180.75,48.2,12.05,75,20,5,75,20,5
981,BC,2021,1,30,10,11,472,151,2,73,24,2,74,24
982,BC,2021,1061.395,1147.798,1540.012,15817.113,15544.843,21631.04,28,31,41,30,29,41
987,BC,2021,2,1,0,80,99,0,67,33,0,45,55,0
988,BC,2021,277.545,182.455,0,982.13,543.87,0,60,40,0,64,36,0
990,BC,2021,92.908,16.087,0,643.134,84.861,0,85,15,0,88,12,0
991,BC,2021,75.605,3159.672,280.673,272.178,5463.572,1407.251,2,90,8,4,76,20
992,BC,2021,6.4,17.6,0,19.733,54.267,0,27,73,0,27,73,0
995,BC,2021,12.017,58.982,0,126.176,525.825,0,17,83,0,19,81,0
1001,BC,2021,851.471,579.562,0,2568.943,1989.059,0,60,40,0,56,44,0
1002,BC,2021,304.3,22.7,0,587.6,96.4,0,93,7,0,86,14,0
1003,BC,2021,23,0,0,13,0,0,100,0,0,100,0,0
1004,BC,2021,766.867,1137.756,401.1,2260.188,5129.16,2353.65,33,49,17,23,53,24
1005,BC,2021,2657.984,4065.743,0,8117.821,13774.181,0,40,60,0,37,63,0
1006,BC,2021,3704.898,3333.322,0,13498.026,20513.978,0,53,47,0,40,60,0
1007,BC,2021,2760.907,2628.867,2481.361,3409.369,3151.23,4355.401,35,33,32,31,29,40
1008,BC,2021,1351.315,536.111,277.577,3732.577,1871.239,1362.187,62,25,13,54,27,20
1009,BC,2021,1828.71,455.419,0,1703.29,352.71,0,80,20,0,83,17,0
1010,BC,2021,2429.705,1235.325,0,304.358,183.643,0,66,34,0,62,38,0
1011,BC,2021,486.913,122.07,0,2877.775,559.226,0,80,20,0,84,16,0
1012,BC,2021,48.884,33.114,0,1084.444,156.555,0,60,40,0,87,13,0
1013,BC,2021,105.499,62,59.5,2204.889,1283.889,1228.222,46,27,26,47,27,26
1015,BC,2021,553.461,447.541,0,3490.807,3072.192,0,55,45,0,53,47,0
1016,AB,2021,721,883,0,2657,3449,0,45,55,0,44,56,0
1017,BC,2021,225.481,171.52,0,363.36,272.64,0,57,43,0,57,43,0
1018,AB,2021,63.65,3712.95,47.3,524.85,26886.15,400.9,2,97,1,2,97,1
9593,AB,2021,0,12837.6,51350.4,0,3953.4,15813.6,0,20,80,0,20,80
9607,AB,2021,0,0,3994,0,0,862,0,0,100,0,0,100
9609,AB,2021,634.083,6182.547,3629.35,1302.2,6120.05,2997.75,6,59,35,12,59,29
9687,AB,2021,7471.928,141089.402,0,4778.334,80208.467,0,5,95,0,6,94,0
9787,AB,2021,0,74071.39,0,0,22011.47,0,0,100,0,0,100,0
244,AB,2022,0,0,1491,0,0,1035,0,0,100,0,0,100
244,BC,2022,0,27.001,7,0,275,90,0,79,21,0,75,25
252,BC,2022,0,13,0,0,178,0,0,100,0,0,100,0
371,MB,2022,0,0,115,0,0,71,0,0,100,0,0,100
374,ON,2022,14,0,0,190,0,0,100,0,0,100,0,0
375,MB,2022,2749.489,20885.489,49890.092,1288.69,4818.303,8907.008,4,28,68,9,32,59
376,MB,2022,0,47,0,0,8,0,0,100,0,0,100,0
378,ON,2022,28,497,0,400,6131,0,5,95,0,6,94,0
379,MB,2022,1868.548,1239.852,0,1123.309,909.691,0,60,40,0,55,45,0
380,MB,2022,2232.731,437.642,2195.927,3544.756,1333.714,2349.529,46,9,45,49,18,33
381,ON,2022,0,4050,0,0,37845,0,0,100,0,0,100,0
383,ON,2022,523.286,4056.716,0,1257,9128.999,0,11,89,0,12,88,0
386,ON,2022,28,0,0,552,0,0,100,0,0,100,0,0
391,ON,2022,10,0,0,152,0,0,100,0,0,100,0,0
400,ON,2022,0,0,678,0,0,2373,0,0,100,0,0,100
401,ON,2022,312.516,691.913,4984.572,822.751,3301.845,11774.406,5,12,83,5,21,74
401,QC,2022,1103,53,13771.23,6095,226,70225.129,7,0,92,8,0,92
402,ON,2022,0,179,0,0,583,0,0,100,0,0,100,0
407,ON,2022,718.555,0,494.446,1223.973,0,425.026,59,0,41,74,0,26
408,ON,2022,0,30651,0,0,25869,0,0,100,0,0,100,0
408,QC,2022,2980.589,782.561,18480.19,2458.1,2594.222,15452.278,13,4,83,12,13,75
409,ON,2022,396,428.999,0,329,5318.001,0,48,52,0,6,94,0
410,ON,2022,37.5,85.5,0,229.5,733.5,0,30,70,0,24,76,0
411,ON,2022,5907.209,3038.792,0,25557.836,7190.165,0,66,34,0,78,22,0
412,ON,2022,0,318,1272,0,1643,6572,0,20,80,0,20,80
413,ON,2022,6523.156,1950.871,555.307,50265.508,7150.257,1383.239,72,22,6,85,12,2
415,QC,2022,898.22,0,0,1390,0,0,100,0,0,100,0,0
418,QC,2022,11576.082,772.7,824.999,14056.001,1856,1748.999,88,6,6,80,11,10
419,QC,2022,254,0,0,463,0,0,100,0,0,100,0,0
421,QC,2022,1509.66,0,0,2908,0,0,100,0,0,100,0,0
422,QC,2022,18,0,0,299,0,0,100,0,0,100,0,0
423,QC,2022,973.66,764,0,4955,3507,0,56,44,0,59,41,0
424,QC,2022,3184,1403.002,1809,2428.999,3420.099,261.9,50,22,28,40,56,4
425,QC,2022,9207.781,2504.631,12886.752,32557.1,22058.7,17024.001,37,10,52,45,31,24
426,QC,2022,2932,579,0,5384,369,0,84,16,0,94,6,0
431,QC,2022,1,0,0,41,0,0,100,0,0,100,0,0
438,QC,2022,330.42,0,0,320,0,0,100,0,0,100,0,0
439,QC,2022,440,0,0,237,0,0,100,0,0,100,0,0
440,QC,2022,774,0,0,461,0,0,100,0,0,100,0,0
441,QC,2022,32932.55,39877.733,5281.78,22119.92,31658.826,3742.174,42,51,7,38,55,7
455,NF,2022,1,0,0,182,0,0,100,0,0,100,0,0
458,NF,2022,59,71.37,0,93,856,0,45,55,0,10,90,0
460,NF,2022,0,0,0,0,54,0,,,,0,100,0
461,NF,2022,0,8.002,0,0,956.002,0,0,100,0,0,100,0
462,NF,2022,0,1,0,0,85.999,0,0,100,0,0,100,0
463,NF,2022,0,23.998,0,0,894,0,0,100,0,0,100,0
466,NF,2022,10,308.509,0,7,832,0,3,97,0,1,99,0
468,NF,2022,0,59.8,0,0,223,0,0,100,0,0,100,0
471,NF,2022,51,100.039,0,87,271,0,34,66,0,24,76,0
475,NF,2022,0,330.68,0,0,1538,0,0,100,0,0,100,0
477,NF,2022,0,0,0,4,0,0,,,,100,0,0
478,QC,2022,248,1029.199,0,3042,3733.8,0,19,81,0,45,55,0
479,QC,2022,6324.26,29416.18,4930.12,10770.729,71546.17,9233.1,16,72,12,12,78,10
481,QC,2022,0,5025,0,0,10260,0,0,100,0,0,100,0
482,QC,2022,18321.46,17844.741,0,68069,59082.599,0,51,49,0,54,46,0
483,QC,2022,13965.903,25937.1,931.999,38139.951,65410.249,1091.8,34,64,2,36,63,1
484,NB,2022,0,81,0,0,272,0,0,100,0,0,100,0
484,QC,2022,421,3416.97,0,1468,6908,0,11,89,0,18,82,0
485,NB,2022,152,186,0,1026.335,1062.665,0,45,55,0,49,51,0
486,NB,2022,736.5,5803.5,0,454.6,3368.4,0,11,89,0,12,88,0
487,NB,2022,77.871,225.127,0,1145.75,2467.252,0,26,74,0,32,68,0
487,QC,2022,5.22,1283.781,0,100.083,3800.918,0,0,100,0,3,97,0
488,NB,2022,51.333,128.667,0,70,936,0,29,71,0,7,93,0
489,NB,2022,372,1289,0,161,981,0,22,78,0,14,86,0
490,NB,2022,462.861,1020.139,0,615,473,0,31,69,0,57,43,0
493,NB,2022,1621.604,16891.172,958.226,1377.382,12135.811,606.806,8,87,5,10,86,4
494,NB,2022,0,17425.998,0,0,9966.999,0,0,100,0,0,100,0
495,NB,2022,211.75,345.25,0,840.24,2218.76,0,38,62,0,27,73,0
496,NB,2022,2038.103,436.643,212.257,14562.24,2686.817,1242.943,76,16,8,79,15,7
497,NB,2022,162.5,574.5,0,829.25,2146.75,0,22,78,0,28,72,0
498,NB,2022,271,0,0,1436,0,0,100,0,0,100,0,0
499,NB,2022,632.999,210.25,9.75,912.12,2344.779,61.1,74,25,1,27,71,2
500,NB,2022,5390.707,95.792,111.5,6745.919,224.281,751.8,96,2,2,87,3,10
501,NB,2022,1880.288,2685.712,0,833.837,2174.162,0,41,59,0,28,72,0
502,NB,2022,467.233,1120.771,0,1038.961,2305.036,0,29,71,0,31,69,0
503,NB,2022,1961.205,2371.793,54,6436.575,10269.425,79,45,54,1,38,61,0
504,NB,2022,1571,139,0,5634,274,0,92,8,0,95,5,0
504,NS,2022,5103.326,1766.179,0,15028.239,5599.75,0,74,26,0,73,27,0
505,NB,2022,258,665,0,693,3498,0,28,72,0,17,83,0
506,NB,2022,48,214,0,464.96,1451.04,0,18,82,0,24,76,0
507,NB,2022,43,1355,0,1228.999,5664,0,3,97,0,18,82,0
507,NS,2022,4064.289,1924.64,0,5297.599,3121.524,0,68,32,0,63,37,0
508,NB,2022,348.001,0,0,519,0,0,100,0,0,100,0,0
509,NS,2022,463.999,2130.001,0,328.999,2846,0,18,82,0,10,90,0
510,NS,2022,23.75,52.25,0,214.833,152.166,0,31,69,0,59,41,0
511,NS,2022,0,164.001,0,0,48,0,0,100,0,0,100,0
512,NS,2022,0,3117.516,0,0,3434.999,0,0,100,0,0,100,0
513,NS,2022,46.387,179.193,0,335.834,931.166,0,21,79,0,27,73,0
514,NS,2022,10.69,0,0,19,0,0,100,0,0,100,0,0
516,NS,2022,204.791,697.12,0,1315.856,1574.14,0,23,77,0,46,54,0
517,NS,2022,721.237,4966.592,0,2392.848,16879.158,0,13,87,0,12,88,0
518,NS,2022,9330.876,5297.819,0,10504.161,8045.84,0,64,36,0,57,43,0
519,NS,2022,0,243,0,0,689,0,0,100,0,0,100,0
520,NS,2022,18.25,584.749,0,58.917,1637.085,0,3,97,0,3,97,0
521,NS,2022,0,28,0,0,710,0,0,100,0,0,100,0
522,NS,2022,30.569,297.351,0,645.024,2601.975,0,9,91,0,20,80,0
523,NS,2022,112.113,679.416,0,557.999,2642.001,0,14,86,0,17,83,0
524,NS,2022,30,20,0,163,81,0,60,40,0,67,33,0
525,NS,2022,339.79,1182.873,0,1235.624,4807.373,0,22,78,0,20,80,0
527,NS,2022,62.976,666.022,0,154.304,1508.695,0,9,91,0,9,91,0
528,NS,2022,1610.892,1309.889,0,1113.109,1116.892,0,55,45,0,50,50,0
529,NS,2022,0,769.998,0,0,346,0,0,100,0,0,100,0
530,NS,2022,35.333,1146.666,0,62,1375.997,0,3,97,0,4,96,0
531,NS,2022,490.178,991.104,0,529.228,2986.771,0,33,67,0,15,85,0
534,PE,2022,15711.082,4667.919,0,11950.608,3289.39,0,77,23,0,78,22,0
535,PE,2022,17305,0,0,11328,0,0,100,0,0,100,0,0
536,PE,2022,40193.752,2446.25,0,31288.502,1668.5,0,94,6,0,95,5,0
537,PE,2022,21117,443,0,19591.776,552.222,0,98,2,0,97,3,0
538,PE,2022,5645,0,0,3497,0,0,100,0,0,100,0,0
539,QC,2022,5,10,1.98,149,813,261,29,59,12,12,66,21
540,QC,2022,230736.813,112789.693,88185.713,139368.843,51546.021,48274.946,53,26,20,58,22,20
541,ON,2022,0,14839.799,2774.2,1590.744,3056.406,784.85,0,84,16,29,56,14
541,QC,2022,143288.073,43568.288,275180.06,44544.175,10290.985,64895.844,31,9,60,37,9,54
542,ON,2022,0,1153.788,22563.535,2944.561,1758.496,28963.944,0,5,95,9,5,86
543,ON,2022,7839.999,43252.355,20140.294,6303.52,14438.867,6143.015,11,61,28,23,54,23
543,QC,2022,0,540,1354,0,465,2413.4,0,29,71,0,16,84
544,ON,2022,4273.87,64756.265,15969.065,3776.341,20398.214,5167.444,5,76,19,13,70,18
545,ON,2022,7246.297,14275.82,13182.187,3351.214,7056.695,9185.09,21,41,38,17,36,47
546,ON,2022,0,47360.355,10385.606,0,22586.352,5334.65,0,82,18,0,81,19
546,QC,2022,0,384,0,0,208,0,0,100,0,0,100,0
547,ON,2022,8665.641,26017.125,20596.817,13382.261,23631.06,28684.968,16,47,37,20,36,44
548,QC,2022,2,0,0,597,0,0,100,0,0,100,0,0
549,ON,2022,0,788.733,9418.387,0,1016.261,11129.74,0,8,92,0,8,92
550,ON,2022,1334.472,6538.654,2926.287,5430.854,27801.988,8353.755,12,61,27,13,67,20
551,ON,2022,35436.36,72296.288,59895.748,30757.445,37764.984,48932.57,21,43,36,26,32,42
552,ON,2022,42576.382,6435.051,0,54416.769,21914.31,0,87,13,0,71,29,0
553,ON,2022,67319.206,104903.947,19711.553,45540.677,56912.501,13774.178,35,55,10,39,49,12
554,ON,2022,21023.891,4559.288,0,33019.59,4016.409,0,82,18,0,89,11,0
555,ON,2022,12459.664,9378.007,23483.908,12391.677,18536.287,21835.293,27,21,52,23,35,41
556,ON,2022,28781.145,121425.345,2546.99,29907.678,68036.95,1326.375,19,79,2,30,69,1
557,ON,2022,10702.935,282049.907,0,3178.876,72747.126,0,4,96,0,4,96,0
558,ON,2022,19477.955,219303.027,1151.217,11162.515,78012.081,29.403,8,91,0,13,87,0
559,ON,2022,0,310.4,0,0,0,0,0,100,0,,,
560,ON,2022,24018.575,50787.48,0,10096.893,27769.107,0,32,68,0,27,73,0
561,ON,2022,522.775,19047.661,2263.333,139.062,6467.201,777.111,2,87,10,2,88,11
562,ON,2022,0,21924.112,11104.889,0,7413.333,4080.667,0,66,34,0,64,36
563,ON,2022,0,118,0,0,56,0,0,100,0,0,100,0
564,ON,2022,11286.365,64431.626,25379.531,8964.587,16768.748,7359.666,11,64,25,27,51,22
565,ON,2022,91640.64,211294.117,86277.248,11942.427,32801.337,10789.235,24,54,22,22,59,19
566,ON,2022,164.75,10397.2,7813.45,45,2996.55,2051.45,1,57,43,1,59,40
567,ON,2022,6793.333,157184.983,19290.682,1635.555,36076.185,4669.262,4,86,11,4,85,11
568,ON,2022,72553.128,8576.477,277.4,14026.788,1522.315,48.9,89,11,0,90,10,0
569,ON,2022,3556.404,25955.197,91851.396,620,6613.83,26106.171,3,21,76,2,20,78
570,ON,2022,10716.523,216432.771,53572.106,1042.318,23745.466,5295.218,4,77,19,3,79,18
571,ON,2022,9279.556,1904.333,2539.112,1550.556,281.334,375.111,68,14,19,70,13,17
572,ON,2022,3478.927,15294.508,3394.424,323.062,1408.163,511.776,16,69,15,14,63,23
581,BC,2022,70,2648.08,0,183.2,5365,0,3,97,0,3,97,0
583,AB,2022,0,98.21,159.789,0,65.578,46.421,0,38,62,0,59,41
583,BC,2022,0,2898.321,764.018,0,6812.333,1698.667,0,79,21,0,80,20
584,AB,2022,0,0,543,0,0,2002,0,0,100,0,0,100
585,BC,2022,644.167,19762.913,0.5,1894.444,55967.056,1.5,3,97,0,3,97,0
586,AB,2022,10539.541,81527.925,40566.434,2017.647,21576.325,12332.029,8,61,31,6,60,34
587,AB,2022,24141.779,1471.05,0,6077.451,396.9,0,94,6,0,94,6,0
588,AB,2022,4771.252,12737.438,98327.099,2664.784,4043.654,34542.26,4,11,85,6,10,84
589,AB,2022,941.887,3061.133,0,253.647,824.353,0,24,76,0,24,76,0
590,AB,2022,0,22676.574,52768.806,0,10783.788,28971.211,0,30,70,0,27,73
591,AB,2022,233.8,2246.335,129820.835,230.2,1454,68253.002,0,2,98,0,2,98
591,BC,2022,12511.528,59918.753,16077.002,29292.726,125873.919,21579.645,14,68,18,17,71,12
592,AB,2022,983.241,20421.55,122453.67,1082.118,20328.121,51277.763,1,14,85,1,28,71
593,AB,2022,0,8457.471,94410.529,0,1402.088,28680.912,0,8,92,0,5,95
594,AB,2022,0,0,58033.999,0,0,33459.999,0,0,100,0,0,100
595,AB,2022,0,4160,91346,0,574.824,13446.177,0,4,96,0,4,96
596,AB,2022,10115.634,51609.179,60077.079,2019.235,10113.158,12347.705,8,42,49,8,41,50
597,AB,2022,1515.6,15385.2,27536,1327.2,18265.799,22809.001,3,35,62,3,43,54
598,AB,2022,0,1222.2,80913.8,0,1044.4,50433.599,0,1,99,0,2,98
599,AB,2022,0,4435,53668.001,0,4284,35251.001,0,8,92,0,11,89
600,AB,2022,1715.89,259.236,2147.334,2503.828,400.706,2338.667,42,6,52,48,8,45
609,AB,2022,0,0,435,0,0,359,0,0,100,0,0,100
610,AB,2022,765.139,11493.344,33011.147,767.497,13751.375,36954.129,2,25,73,1,27,72
610,BC,2022,0,0,0,0,0.999,0,,,,0,100,0
611,AB,2022,169.75,929.4,3039.85,165.75,1061.4,4021.85,4,22,73,3,20,77
612,AB,2022,0,5498.748,1079.911,0,10218.789,3034.212,0,84,16,0,77,23
615,AB,2022,4317.559,14929.794,0,4949.875,16155.876,0,22,78,0,23,77,0
616,AB,2022,12060.011,4135.75,0,9702.214,3980.786,0,74,26,0,71,29,0
617,AB,2022,1884.572,4718.429,1485,1856.572,5602.429,1562,23,58,18,21,62,17
618,AB,2022,1187.533,7063.066,656.06,1015.308,7569.044,1090,13,79,7,10,78,11
618,BC,2022,319.746,5793.405,1311.111,1186.294,13281.162,3839.542,4,78,18,6,73,21
619,AB,2022,0,405,0,0,1004,0,0,100,0,0,100,0
622,AB,2022,2756.228,9898.735,0,5114.442,17206.556,0,22,78,0,23,77,0
623,AB,2022,4391.119,19447.775,3206.847,7799.767,39933.642,11510.593,16,72,12,13,67,19
625,AB,2022,59.333,118.667,0,120,240,0,33,67,0,33,67,0
626,AB,2022,0,1373,0,0,3835.999,0,0,100,0,0,100,0
629,AB,2022,302.4,3255.103,758.687,554.2,7643.671,1721.778,7,75,18,6,77,17
630,AB,2022,82.875,5074.13,39.333,266.625,19388.931,196.444,2,98,1,1,98,1
631,AB,2022,0,1057,112,0,4188.9,425.1,0,90,10,0,91,9
647,SK,2022,1066.395,248.605,0,1054.071,190.929,0,81,19,0,85,15,0
650,AB,2022,137.94,2105.787,344.023,867.833,9526.797,1063.368,5,81,13,8,83,9
652,SK,2022,12.05,96.95,0,53.101,411.898,0,11,89,0,11,89,0
657,SK,2022,270.36,2527.14,0,517.253,5212.749,0,10,90,0,9,91,0
658,SK,2022,914.302,471.648,0,771.304,389.696,0,66,34,0,66,34,0
660,SK,2022,604.897,11970.855,0,953.596,10254.406,0,5,95,0,9,91,0
661,SK,2022,87.447,5903.553,0,27.525,3285.476,0,1,99,0,1,99,0
662,SK,2022,76.2,304.8,0,15.2,60.8,0,20,80,0,20,80,0
667,MB,2022,0,262,0,0,241,0,0,100,0,0,100,0
669,MB,2022,0,21928.85,0,0,6697,0,0,100,0,0,100,0
669,SK,2022,0,0,291,0,0,548,0,0,100,0,0,100
672,SK,2022,8342.801,6219.702,474.046,2270.395,1584.991,101.612,55,41,3,57,40,3
677,MB,2022,0,0,5831,0,0,2410,0,0,100,0,0,100
678,AB,2022,5384.186,135403.315,6776.862,6369.6,107335.726,4439.824,4,92,5,5,91,4
679,AB,2022,0,13112.77,0,0,29159,0,0,100,0,0,100,0
680,AB,2022,3794.04,70667.659,0,6703.2,90036,0,5,95,0,7,93,0
680,SK,2022,324.72,8869.232,0,2344.658,28033.343,0,4,96,0,8,92,0
681,AB,2022,3574.435,82474.102,22114.41,1595.882,43555.117,9831.79,3,76,20,3,79,18
682,SK,2022,2673.383,3895.537,3269.933,5489.032,8552.316,2068.651,27,40,33,34,53,13
683,AB,2022,49249.77,19391.999,0,26683,7155,0,72,28,0,79,21,0
684,AB,2022,452.716,90830.882,38469.622,1429.208,128593.015,42554.778,0,70,30,1,75,25
685,SK,2022,460.712,16419.837,11665,876.838,24070.984,11243.182,2,58,41,2,67,31
686,AB,2022,0,7461.39,0,0,22768.001,0,0,100,0,0,100,0
686,SK,2022,10.795,262.205,0,129.977,4824.022,0,4,96,0,3,97,0
687,AB,2022,2343.556,7940.843,0,4251.666,14594.935,0,23,77,0,23,77,0
687,SK,2022,6529.597,83473.401,0,7215.406,50675.592,0,7,93,0,12,88,0
688,AB,2022,0,70830.299,0,0,40439.9,0,0,100,0,0,100,0
689,SK,2022,3072.144,43203.356,0,3540.176,19060.827,0,7,93,0,16,84,0
690,SK,2022,3194.672,37208.726,0,2329.62,25349.382,0,8,92,0,8,92,0
691,SK,2022,17246.467,1627.835,0,3910.282,134.717,0,91,9,0,97,3,0
692,AB,2022,44.836,40745.049,10649.781,128.739,62882.678,34338.734,0,79,21,0,65,35
693,SK,2022,12444.726,117212.272,0,5773.334,15149.67,0,10,90,0,28,72,0
694,SK,2022,42544.513,43862.714,22000.774,5348.758,5030.873,1653.368,39,40,20,44,42,14
695,SK,2022,13599.184,11787.818,0,21924.201,6259.8,0,54,46,0,78,22,0
696,SK,2022,62710.495,94029.45,0,25155.769,24441.233,0,40,60,0,51,49,0
697,SK,2022,0,8848.778,47696.221,0,1170.041,6275.96,0,16,84,0,16,84
698,SK,2022,33238.62,23558.881,0,4688.39,4202.608,0,59,41,0,53,47,0
699,SK,2022,0,24881,0,0,17965.001,0,0,100,0,0,100,0
700,SK,2022,0,13244.633,35507.416,0,2929.382,4815.618,0,27,73,0,38,62
701,SK,2022,49596.283,14418.121,0,32726.072,3203.927,0,77,23,0,91,9,0
702,SK,2022,7454.297,191574.38,18073.322,3727.881,17014.548,785.573,3,88,8,17,79,4
703,AB,2022,0,87665.02,1360.159,0,79235,1309.2,0,98,2,0,98,2
704,SK,2022,1213.422,69856.801,25051.075,547.088,13613.924,4094.99,1,73,26,3,75,22
705,SK,2022,0,63683.206,223741.794,0,11221.557,8286.443,0,22,78,0,58,42
706,SK,2022,3831.497,110203.507,0,283.499,14336.504,0,3,97,0,2,98,0
707,SK,2022,18560.588,176369.052,2014.461,9361.42,31098.269,342.317,9,90,1,23,76,1
708,AB,2022,3174.3,86643.293,0,1966.5,78079.751,0,4,96,0,2,98,0
709,MB,2022,4591.175,155742.417,14375.262,2075.256,53137.047,2903.699,3,89,8,4,91,5
709,SK,2022,25931.356,176791.308,13337.338,8713.833,41022.698,1497.465,12,82,6,17,80,3
710,SK,2022,1062.361,9685.939,0,1123.844,16977.156,0,10,90,0,6,94,0
711,SK,2022,197.442,11654.511,0,123.027,19000.973,0,2,98,0,1,99,0
714,MB,2022,0,2905,0,0,431,0,0,100,0,0,100,0
714,SK,2022,0,62573.71,6817.738,0,26355.809,1245.191,0,90,10,0,95,5
715,MB,2022,933.325,18155.579,12976.197,981.847,7992.595,6616.558,3,57,40,6,51,42
715,SK,2022,0,9327.411,2802.588,0,3479.773,717.229,0,77,23,0,83,17
716,MB,2022,5027.65,43601.05,22134.05,2675.999,17402.5,10046.5,7,62,31,9,58,33
717,MB,2022,47261.907,49042.819,13905.77,18640.302,16233.989,2831.71,43,44,13,49,43,8
718,MB,2022,0,2126.7,0,0,8084,0,0,100,0,0,100,0
720,MB,2022,0,0,2230.6,0,0,3281,0,0,100,0,0,100
723,MB,2022,39,27935.251,3191.7,318,81365,2772,0,90,10,0,96,3
724,MB,2022,4367.14,30889.477,148075.037,4261.001,12970.154,40260.845,2,17,81,7,23,70
726,MB,2022,45301.239,0,1672.71,53319.745,0,636.254,96,0,4,99,0,1
727,AB,2022,24923.463,182129.792,127905.031,16932,83367.178,49263.472,7,54,38,11,56,33
728,AB,2022,4328.333,193465.535,3321.529,1455.556,45242.523,932.921,2,96,2,3,95,2
729,AB,2022,35826.334,101171.443,0,17826.833,43318.819,0,26,74,0,29,71,0
729,SK,2022,16911.695,341048.309,0,11127.31,115343.693,0,5,95,0,9,91,0
730,AB,2022,47264.753,413462.471,10810,19992.888,154000.094,5763.889,10,88,2,11,86,3
731,AB,2022,21492.859,446392.911,0,11614.341,134268.719,0,5,95,0,8,92,0
732,AB,2022,0,15581.7,0,0,13824,0,0,100,0,0,100,0
733,SK,2022,24543.661,136024.616,8376.722,9653.82,47120.429,1802.755,15,81,5,16,80,3
734,SK,2022,17102.459,10347.541,0,17168.669,2511.334,0,62,38,0,87,13,0
735,SK,2022,3639.62,159027.385,0,3090.841,27665.159,0,2,98,0,10,90,0
736,SK,2022,32252.934,211881.513,8033.543,10649.832,35434.908,545.257,13,84,3,23,76,1
737,AB,2022,19694.8,112314.85,15002.95,10880.9,59044.95,7206.55,13,76,10,14,77,9
738,AB,2022,7877.46,129158.58,0,5003.95,22511.22,0,6,94,0,18,82,0
739,AB,2022,58513.572,10629,0,106697.176,6127.2,0,85,15,0,95,5,0
739,SK,2022,13139.593,2772.408,0,23536.596,1091.405,0,83,17,0,96,4,0
740,AB,2022,17176.8,149033.199,0,8316,65399.2,0,10,90,0,11,89,0
741,SK,2022,4204.616,150366.253,1304.134,279.237,13546.272,127.493,3,96,1,2,97,1
742,SK,2022,22986.95,11623.049,0,10298.904,324.096,0,66,34,0,97,3,0
743,AB,2022,1480.5,74107.71,0,877.5,35730.954,0,2,98,0,2,98,0
743,SK,2022,1643.907,4968.606,1905.48,1912.911,3067.832,1131.26,19,58,22,31,50,19
744,AB,2022,0,181250.53,13981.92,0,66442.37,2482.08,0,93,7,0,96,4
745,SK,2022,25386.648,724802.956,3348.4,7245.981,84466.203,455.808,3,96,0,8,92,0
746,AB,2022,0,143812.9,0,0,68505.45,0,0,100,0,0,100,0
747,SK,2022,21039.585,38708.418,0,17785.13,9732.867,0,35,65,0,65,35,0
748,SK,2022,6478.718,605976.455,736.825,1453.041,141619.342,148.614,1,99,0,1,99,0
749,SK,2022,11947.103,349226.894,0,7856.126,70324.877,0,3,97,0,10,90,0
750,AB,2022,0,54864.28,15717.12,0,78202.89,17636.31,0,78,22,0,82,18
751,MB,2022,6426.872,31811.479,0,10877.591,18176.406,0,17,83,0,37,63,0
751,SK,2022,8555.285,12725.566,0,8161.169,5296.832,0,40,60,0,61,39,0
752,MB,2022,0,101761.562,1374.439,0,43202.345,580.655,0,99,1,0,99,1
752,SK,2022,10908.677,385222.316,0,6103.268,120553.734,0,3,97,0,5,95,0
753,MB,2022,3106.178,447461.102,6975.722,1539.416,117798.308,2294.275,1,98,2,1,97,2
754,SK,2022,2809.377,153650.819,56206.804,1675.817,27793.342,7924.846,1,72,26,4,74,21
755,SK,2022,2164.847,170975.153,0,588.287,37496.712,0,1,99,0,2,98,0
756,SK,2022,4568.636,314704.365,0,2127.686,91477.318,0,1,99,0,2,98,0
757,MB,2022,58193.107,25818.892,1572.65,32700.46,5815.539,0,68,30,2,85,15,0
758,MB,2022,43520.205,127916.932,9838.266,17573.664,24428.119,6620.893,24,71,5,36,50,14
759,MB,2022,5257.383,37279.618,0,1525.787,10819.213,0,12,88,0,12,88,0
760,MB,2022,0,85654,0,1202.454,19364.546,0,0,100,0,6,94,0
760,SK,2022,4571.61,327987.389,0,2117.827,101987.173,0,1,99,0,2,98,0
761,SK,2022,0,8918,1432,0,10217.003,1090,0,86,14,0,90,10
762,SK,2022,10175.452,66654.55,0,19395.321,25619.677,0,13,87,0,43,57,0
763,MB,2022,85258.191,56352.616,6807.193,51284.124,21973.668,4131.208,57,38,5,66,28,5
763,SK,2022,22898.435,15418.565,0,23864.859,193.141,0,60,40,0,99,1,0
764,MB,2022,0,79740.996,0,1161.144,16110.858,0,0,100,0,7,93,0
765,MB,2022,3526.149,342085.851,0,4455.841,64971.159,0,1,99,0,6,94,0
766,MB,2022,958.211,191981.789,0,646.125,32627.877,0,0,100,0,2,98,0
767,SK,2022,3827.693,442523.427,47444.876,605.111,39703.419,3816.47,1,90,10,1,90,9
768,SK,2022,0,43261,0,0,7229.002,0,0,100,0,0,100,0
769,AB,2022,0,99588.1,0,0,64859.6,0,0,100,0,0,100,0
770,SK,2022,54111.821,232299.97,8864.211,35304.039,33262.258,1265.71,18,79,3,51,48,2
771,AB,2022,11176.672,75482.225,231.6,11208.778,49527.82,100.4,13,87,0,18,81,0
771,SK,2022,0,42955.978,1297.026,271.645,15576.804,699.551,0,97,3,2,94,4
772,SK,2022,14308.286,27271.714,0,8884.166,4121.837,0,34,66,0,68,32,0
773,SK,2022,11332.822,257146.229,29326.941,3074.122,39736.441,5865.442,4,86,10,6,82,12
774,SK,2022,0,66165.001,0,0,7137.997,0,0,100,0,0,100,0
775,SK,2022,3157.967,70822.032,0,422.685,11254.312,0,4,96,0,4,96,0
776,SK,2022,26896.164,9108.836,0,33447.656,2521.345,0,75,25,0,93,7,0
777,AB,2022,8359.65,1791,0,14783.3,3491.7,0,82,18,0,81,19,0
778,SK,2022,17721.274,7465.726,0,6747.411,2842.59,0,70,30,0,70,30,0
779,AB,2022,0,30372.3,0,0,16840.8,0,0,100,0,0,100,0
780,SK,2022,7615.998,52338.495,261783.507,1936.651,3952.624,21635.722,2,16,81,7,14,79
781,AB,2022,14108.64,57275.757,147435.121,3207.68,12103.569,19391.492,6,26,67,9,35,56
782,SK,2022,13916.716,539393.284,0,8908.038,79493.967,0,3,97,0,10,90,0
783,SK,2022,0,275751.001,0,0,38881.001,0,0,100,0,0,100,0
784,SK,2022,10800.479,73206.222,2172.303,5182.256,16432.648,305.098,13,85,3,24,75,1
785,SK,2022,0,78005.807,6239.193,0,14178.581,499.419,0,93,7,0,97,3
786,AB,2022,0,104553.65,10.2,0,26158.85,25.2,0,100,0,0,100,0
787,AB,2022,0,47624,0,0,10919.7,0,0,100,0,0,100,0
788,AB,2022,0,52968.4,15921.6,0,9762.4,2619.6,0,77,23,0,79,21
789,SK,2022,10723.39,122590.385,2537.223,12370.792,24973.858,249.349,8,90,2,33,66,1
790,AB,2022,13991.6,41789.298,0,4449.9,9096.8,0,25,75,0,33,67,0
791,AB,2022,0,196242,0,0,26395,0,0,100,0,0,100,0
792,SK,2022,20617.982,57348.401,592113.623,26373.177,7378.376,64214.442,3,9,88,27,8,66
793,AB,2022,45467.237,359770.333,22303.929,18123.927,103596.316,6211.577,11,84,5,14,81,5
794,SK,2022,0,448038.999,0,0,77894.999,0,0,100,0,0,100,0
795,SK,2022,0,239766.001,0,283.08,49608.923,0,0,100,0,1,99,0
796,SK,2022,11882.852,37211.147,0,8512.307,27378.695,0,24,76,0,24,76,0
797,AB,2022,1166.2,16108.5,19.5,1621.2,8088.657,84.5,7,93,0,17,83,1
798,AB,2022,30629.5,291182,26955.55,13145.6,109244.14,10705.16,9,83,8,10,82,8
799,AB,2022,0,25242,0,0,82113,0,0,100,0,0,100,0
800,AB,2022,0,77759.85,85181.15,0,40657.42,25725.54,0,48,52,0,61,39
801,AB,2022,0,39995.25,3093.75,0,31498.35,2803.65,0,93,7,0,92,8
802,AB,2022,0,55810.3,0,498.84,44297.3,0,0,100,0,1,99,0
803,SK,2022,4603.776,106570.709,55509.518,3642.591,9010.693,3672.715,3,64,33,22,55,22
804,AB,2022,9149.39,40523.96,0,14316.17,15975.28,0,18,82,0,47,53,0
805,AB,2022,4096.354,7067.676,4005.971,1838.642,1426.702,808.657,27,47,26,45,35,20
805,SK,2022,3711.685,43280.199,24767.116,1748.368,5433.241,2622.393,5,60,35,18,55,27
806,AB,2022,1210.1,55413.39,154.35,2438.3,76619.54,739.9,2,98,0,3,96,1
807,SK,2022,0,64881.814,9035.184,0,7322.247,482.754,0,88,12,0,94,6
808,SK,2022,2281.535,104444.33,428088.136,1231.667,14353.754,28553.578,0,20,80,3,33,65
809,AB,2022,4022.7,102003.55,0,2922.855,35833.445,0,4,96,0,8,92,0
809,SK,2022,3541.848,104901.731,27435.42,989.028,10278.72,749.252,3,77,20,8,86,6
810,SK,2022,0,94539,0,0,15698.003,0,0,100,0,0,100,0
811,AB,2022,4389.6,4526.924,32245.876,879,910.719,5582.781,11,11,78,12,12,76
811,SK,2022,0,335.727,895.273,0,60.819,162.182,0,27,73,0,27,73
812,AB,2022,27310.474,24113.675,23710.8,27911.85,14208.88,12384.6,36,32,32,51,26,23
813,SK,2022,2906.68,76247.16,39106.158,1159.467,20690.363,4966.169,2,64,33,4,77,19
814,AB,2022,680.85,6842.67,0,1469.7,12006.46,0,9,91,0,11,89,0
815,AB,2022,21397.099,18288.272,0,9806.099,5927.91,0,54,46,0,62,38,0
815,SK,2022,21749.194,7273.807,0,2146.292,1982.707,0,75,25,0,52,48,0
816,SK,2022,29614.315,306947.67,25014.02,37814.423,82604.034,3884.547,8,85,7,30,66,3
817,SK,2022,0,88554.926,3528.074,0,5208.949,179.053,0,96,4,0,97,3
818,AB,2022,0,30153.9,0,0,18715.65,0,0,100,0,0,100,0
819,SK,2022,16344.764,4753.235,0,8438.974,2311.026,0,77,23,0,79,21,0
820,SK,2022,739.92,174529.912,749.169,0,25970.995,0,0,99,0,0,100,0
821,AB,2022,1141.715,87832.611,346.264,1462.509,20215.209,780.318,1,98,0,7,90,3
821,SK,2022,775.941,163043.058,0,808.644,31279.356,0,0,100,0,3,97,0
822,SK,2022,3500.034,117810.652,1625.316,3445.001,54763.164,489.834,3,96,1,6,93,1
823,AB,2022,25470.911,127500.087,0,5567.322,22801.679,0,17,83,0,20,80,0
824,SK,2022,15858.398,65087.292,1387.309,12908.245,19422.754,0,19,79,2,40,60,0
825,SK,2022,102.232,420624.772,0,985.237,97043.759,0,0,100,0,1,99,0
826,SK,2022,9443.904,571600.593,88358.506,13542.968,135506.577,10405.901,1,85,13,8,85,7
827,SK,2022,12908.508,6009.77,805.721,33071.716,12609.235,1964.05,65,30,4,69,26,4
828,AB,2022,18834.888,577634.211,0,3105.583,74138.268,0,3,97,0,4,96,0
829,AB,2022,22422.6,10700,0,4785.35,2729.85,0,68,32,0,64,36,0
830,SK,2022,9488.489,235373.253,34023.256,10204.613,73204.223,7910.166,3,84,12,11,80,9
831,SK,2022,5797.852,127711.361,1345.788,1058.485,25638.514,0,4,95,1,4,96,0
832,SK,2022,8373.841,208888.073,804.085,10812.409,141331.062,717.53,4,96,0,7,92,0
833,AB,2022,24.5,17815,7.35,128,6125.4,38.4,0,100,0,2,97,1
833,SK,2022,0,26815.394,25867.607,0,25477.292,8197.709,0,51,49,0,76,24
834,SK,2022,0,59592.811,145207.19,0,8132.252,26471.748,0,29,71,0,24,76
835,SK,2022,0,5035.064,12307.935,0,2399.807,5866.194,0,29,71,0,29,71
836,AB,2022,0,7903,0,0,2844,0,0,100,0,0,100,0
837,AB,2022,0,23274,0,0,7001,0,0,100,0,0,100,0
837,SK,2022,0,10157.5,2305.497,0,11886.234,2089.767,0,82,18,0,85,15
838,AB,2022,253.8,1197.2,0,1382,4502,0,17,83,0,23,77,0
838,SK,2022,0,30760.349,788.65,0,39202.74,3061.348,0,98,2,0,93,7
839,MB,2022,8573.607,80910.988,9932.406,1780.61,16663.906,2044.485,9,81,10,9,81,10
840,MB,2022,50615.18,13245.379,15361.443,15437.722,7217.685,3462.59,64,17,19,59,28,13
841,MB,2022,19560.568,20881.932,0,1446.775,41431.227,0,48,52,0,3,97,0
843,MB,2022,15998.367,9339.634,0,10675.237,5468.762,0,63,37,0,66,34,0
844,MB,2022,10330.694,40766.185,6276.125,6232.361,20517.19,3041.449,18,71,11,21,69,10
846,MB,2022,0,9868.003,0,0,35679.001,0,0,100,0,0,100,0
847,MB,2022,0,31571.701,20710,0,7098.201,2834.8,0,60,40,0,71,29
848,MB,2022,1328.316,12595.434,0,176.737,1985.263,0,10,90,0,8,92,0
849,MB,2022,12374.001,40626.609,608113.389,2600.268,11730.605,67123.127,2,6,92,3,14,82
850,MB,2022,141289.601,33033.399,0,40734.074,4579.926,0,81,19,0,90,10,0
851,MB,2022,0,43421.828,34637.173,0,5448.303,3865.696,0,56,44,0,58,42
852,MB,2022,39824.799,89248.664,107537.538,6291.943,11055.069,11052.988,17,38,45,22,39,39
853,MB,2022,0,16574.211,30528.791,0,1483.491,2732.509,0,35,65,0,35,65
854,MB,2022,5588.125,69883.874,0,1522,16775,0,7,93,0,8,92,0
855,MB,2022,0,10906,0,0,3436,0,0,100,0,0,100,0
940,BC,2022,23,3,0,280,63,0,88,12,0,82,18,0
943,BC,2022,0,4,0,0,1,0,0,100,0,0,100,0
944,BC,2022,56.85,7.949,0.2,782.897,127.503,1.6,87,12,0,86,14,0
948,BC,2022,0,0,0,3,0,0,,,,100,0,0
950,BC,2022,38.219,234.25,0,164.644,1698.357,0,14,86,0,9,91,0
955,BC,2022,17.158,10.943,8.8,209.572,74.429,398,46,30,24,31,11,58
956,BC,2022,742.166,589.775,299.571,3695.523,3046.254,1049.227,45,36,18,47,39,13
957,BC,2022,70.036,68.807,0,376.255,231.744,0,50,50,0,62,38,0
958,BC,2022,13.858,4.143,0,13.821,8.178,0,77,23,0,63,37,0
959,BC,2022,4382.61,24599.919,608.827,2582.75,15182.567,352.494,15,83,2,14,84,2
960,BC,2022,22,0,0,32,0,0,100,0,0,100,0,0
962,BC,2022,0,3,0,0,75,0,0,100,0,0,100,0
969,BC,2022,0,106.49,0,0,151,0,0,100,0,0,100,0
971,BC,2022,64.6,4.4,0,395.2,27.799,0,94,6,0,93,7,0
972,BC,2022,1667.045,892.045,1512.713,18602.812,9549.838,17452.35,41,22,37,41,21,38
974,BC,2022,118.457,15.383,91.16,1824.396,559.483,786.12,53,7,41,58,18,25
976,BC,2022,163.849,209.711,0,3270.78,6092.221,0,44,56,0,35,65,0
977,BC,2022,135.817,219.624,0,4683.173,5544.83,0,38,62,0,46,54,0
978,BC,2022,315.973,572.342,0,4044.845,9865.152,0,36,64,0,29,71,0
979,BC,2022,1914.044,3757.958,0,14088.935,38947.067,0,34,66,0,27,73,0
980,BC,2022,11.25,3,0.75,181.5,48.4,12.1,75,20,5,75,20,5
981,BC,2022,1,35,11,12,463,153,2,74,23,2,74,24
982,BC,2022,930.685,935.866,1395.65,15739.867,15457.744,21330.385,29,29,43,30,29,41
987,BC,2022,2,1,0,78,97,0,67,33,0,45,55,0
988,BC,2022,255.15,173.85,0,987.79,549.21,0,59,41,0,64,36,0
990,BC,2022,95.344,15.652,0,646.188,86.81,0,86,14,0,88,12,0
991,BC,2022,68.86,3288.632,260.458,276.689,5281.054,1393.257,2,91,7,4,76,20
992,BC,2022,4.533,12.466,0,19.733,54.267,0,27,73,0,27,73,0
995,BC,2022,7.041,33.96,0,128.778,538.222,0,17,83,0,19,81,0
1001,BC,2022,735.904,512.131,0,2613.003,1994.998,0,59,41,0,57,43,0
1002,BC,2022,252.4,20.6,0,607.6,94.4,0,92,8,0,87,13,0
1003,BC,2022,22,0,0,14,0,0,100,0,0,100,0,0
1004,BC,2022,546.159,915.464,410.1,2415.549,5250.848,2341.6,29,49,22,24,52,23
1005,BC,2022,2831.22,4009.514,0,7548.111,13284.884,0,41,59,0,36,64,0
1006,BC,2022,3770.267,3414.955,0,12715.192,19346.813,0,52,48,0,40,60,0
1007,BC,2022,2725.615,2597.907,2515.608,3428.331,3162.04,4309.626,35,33,32,31,29,40
1008,BC,2022,1267.077,558.397,234.528,3692.667,1808.38,1403.951,62,27,11,53,26,20
1009,BC,2022,1976.043,497.086,0,1544.71,300.288,0,80,20,0,84,16,0
1010,BC,2022,2490.693,1283.339,0,236.837,129.164,0,66,34,0,65,35,0
1011,BC,2022,517.628,152.351,0,2834.052,515.947,0,77,23,0,85,15,0
1012,BC,2022,42.945,34.054,0,1094.493,149.506,0,56,44,0,88,12,0
1013,BC,2022,96.445,58.222,56.333,2227.502,1293.667,1236.833,46,28,27,47,27,26
1015,BC,2022,490.003,400.999,0,3501.891,3070.11,0,55,45,0,53,47,0
1016,AB,2022,720.5,911.5,0,2690,3458,0,44,56,0,44,56,0
1017,BC,2022,173.081,145.92,0,403.2,284.8,0,54,46,0,59,41,0
1018,AB,2022,110.3,2017.25,22.05,474.9,28466,425.2,5,94,1,2,97,1
9593,AB,2022,0,12766.2,51064.8,0,3981.8,15927.2,0,20,80,0,20,80
9607,AB,2022,0,0,4214,0,0,790,0,0,100,0,0,100
9609,AB,2022,683.383,6177.697,3626.9,1255.45,6135.5,3001.05,7,59,35,12,59,29
9687,AB,2022,7611.928,143526.402,0,4652.222,77177.478,0,5,95,0,6,94,0
9787,AB,2022,0,73554.34,0,0,22550.85,0,0,100,0,0,100,0
